,winner_name,w_ace,w_1stIn,w_df,w_1stWon,w_bpFaced,winner_rank,winner_id,year
0,Anastasia Myskina,3.0,46.5,4.5,32.5,10.0,3.0,2,2004
1,Amelie Mauresmo,5.2,38.0,3.6,29.0,5.0,4.0,7,2004
2,Lindsay Davenport,4.4,24.8,1.4,20.2,1.6,5.0,5,2004
3,Jennifer Capriati,3.0,34.0,1.75,24.75,2.25,7.0,4,2004
4,Venus Williams,7.0,29.0,1.0,26.0,3.0,8.0,1,2004
5,Svetlana Kuznetsova,,,,,,9.0,4,2004
6,Serena Williams,7.5,37.666666666666664,1.5,27.833333333333332,6.0,10.0,6,2004
7,Paola Suarez,1.0,47.5,2.5,32.0,5.5,11.0,4,2004
8,Ai Sugiyama,0.5,53.0,3.5,34.0,9.0,12.0,5,2004
9,Nadia Petrova,12.0,48.0,6.0,35.0,5.0,13.0,3,2004
10,Vera Zvonareva,5.0,32.0,2.0,24.0,3.0,14.0,5,2004
11,Maria Sharapova,5.142857142857143,39.42857142857143,4.0,29.428571428571427,4.857142857142857,15.0,12,2004
12,Patty Schnyder,1.0,34.0,2.0,25.0,2.0,16.0,4,2004
13,Francesca Schiavone,,,,,,17.0,2,2004
14,Silvia Farina Elia,2.0,74.0,2.0,34.0,15.0,19.0,3,2004
15,Elena Bovina,,,,,,21.0,2,2004
16,Magdalena Maleeva,6.0,39.0,3.0,34.0,2.0,21.0,6,2004
17,Conchita Martinez,,,,,,24.0,1,2004
18,Mary Pierce,,,,,,26.0,5,2004
19,Alicia Molik,,,,,,26.0,4,2004
20,Nathalie Dechy,,,,,,27.0,3,2004
21,Lisa Raymond,7.0,40.0,1.0,33.0,6.0,27.0,1,2004
22,Karolina Sprem,4.666666666666667,49.666666666666664,5.0,34.333333333333336,10.333333333333334,30.0,5,2004
23,Maria Vento Kabchi,,,,,,34.0,2,2004
24,Meghann Shaughnessy,,,,,,35.0,2,2004
25,Amy Frazier,1.0,70.0,11.0,37.0,18.0,36.0,3,2004
26,Emilie Loit,,,,,,36.0,4,2004
27,Daniela Hantuchova,1.0,32.0,2.0,23.0,3.0,38.0,7,2004
28,Shinobu Asagoe,,,,,,38.0,2,2004
29,Elena Likhovtseva,,,,,,39.0,2,2004
30,Claudine Schaul,,,,,,43.0,2,2004
31,Lina Krasnoroutskaya,,,,,,44.0,3,2004
32,Saori Obata,,,,,,44.0,4,2004
33,Kristina Brandi,,,,,,47.0,1,2004
34,Tina Pisnik,,,,,,47.0,2,2004
35,Maria Sanchez Lorenzo,,,,,,48.0,5,2004
36,Anca Barna,,,,,,48.0,2,2004
37,Aniko Kapros,,,,,,49.0,1,2004
38,Jelena Jankovic,,,,,,52.0,4,2004
39,Magui Serna,5.0,40.0,2.0,28.0,8.0,53.0,2,2004
40,Tatiana Golovin,3.0,58.0,5.0,41.0,6.0,54.0,8,2004
41,Arantxa Parra Santonja,4.0,14.0,1.0,12.0,2.0,55.0,2,2004
42,Akiko Morigami,,,,,,56.0,3,2004
43,Anabel Medina Garrigues,,,,,,58.0,3,2004
44,Tamarine Tanasugarn,,,,,,58.0,6,2004
45,Gisela Dulko,5.5,35.0,5.5,27.5,2.5,59.0,2,2004
46,Klara Koukalova,,,,,,60.0,5,2004
47,Jill Craybas,,,,,,64.0,2,2004
48,Virginia Ruano Pascual,4.0,49.0,4.0,34.0,2.0,67.0,3,2004
49,Katarina Srebotnik,,,,,,68.0,1,2004
50,Denisa Chladkova,,,,,,69.0,3,2004
51,Maria Elena Camerin,,,,,,73.0,1,2004
52,Flavia Pennetta,,,,,,78.0,2,2004
53,Milagros Sequera,,,,,,79.0,3,2004
54,Cara Black,,,,,,82.0,1,2004
55,Marion Bartoli,,,,,,84.0,2,2004
56,Barbara Schett,,,,,,85.0,2,2004
57,Ludmila Cervanova,2.0,51.5,0.5,33.5,8.5,87.0,2,2004
58,Maria Kirilenko,,,,,,88.0,1,2004
59,Shenay Perry,,,,,,88.0,2,2004
60,Tatiana Perebiynis,,,,,,90.0,2,2004
61,Henrieta Nagyova,,,,,,91.0,1,2004
62,Els Callens,,,,,,97.0,1,2004
63,Samantha Stosur,,,,,,97.0,2,2004
64,Lindsay Davenport,4.333333333333333,39.666666666666664,3.0,30.666666666666668,4.333333333333333,1.0,6,2005
65,Maria Sharapova,4.444444444444445,37.666666666666664,2.0,28.11111111111111,3.2222222222222223,2.0,10,2005
66,Amelie Mauresmo,4.0,26.8,3.4,21.4,1.6,3.0,5,2005
67,Serena Williams,9.0,55.5,2.5,41.5,6.5,4.0,2,2005
68,Svetlana Kuznetsova,7.75,44.25,4.75,31.75,7.75,5.0,6,2005
69,Elena Dementieva,0.5,48.5,10.5,28.5,10.0,5.0,3,2005
70,Nadia Petrova,3.0,53.5,3.0,36.75,6.25,8.0,5,2005
71,Anastasia Myskina,2.0,60.333333333333336,4.0,35.333333333333336,12.333333333333334,10.0,5,2005
72,Vera Zvonareva,2.0,42.0,1.0,31.0,6.0,12.0,2,2005
73,Kim Clijsters,3.5,30.0,2.5,25.0,1.5,13.0,8,2005
74,Mary Pierce,3.0,51.25,1.25,39.5,2.75,14.0,4,2005
75,Venus Williams,3.142857142857143,51.857142857142854,3.142857142857143,36.57142857142857,5.857142857142857,16.0,7,2005
76,Elena Likhovtseva,5.0,59.666666666666664,1.6666666666666667,38.333333333333336,9.666666666666666,17.0,3,2005
77,Nathalie Dechy,3.0,39.0,1.5,25.5,4.0,18.0,5,2005
78,Tatiana Golovin,1.6666666666666667,46.333333333333336,5.0,31.666666666666668,7.666666666666667,19.0,3,2005
79,Jelena Jankovic,2.8,34.0,2.0,26.2,4.0,19.0,6,2005
80,Ana Ivanovic,4.0,34.0,2.0,27.0,10.0,21.0,2,2005
81,Silvia Farina Elia,,,,,,22.0,2,2005
82,Shinobu Asagoe,2.0,58.0,3.0,40.0,2.0,25.0,1,2005
83,Ai Sugiyama,3.0,63.0,2.0,41.0,7.0,26.0,1,2005
84,Marion Bartoli,1.0,32.0,0.0,23.0,4.0,27.0,3,2005
85,Daniela Hantuchova,3.5,42.0,4.0,30.5,5.5,28.0,2,2005
86,Gisela Dulko,1.0,36.0,5.0,26.0,6.0,29.0,4,2005
87,Amy Frazier,,,,,,31.0,1,2005
88,Nicole Vaidisova,6.666666666666667,37.666666666666664,0.3333333333333333,26.0,3.3333333333333335,31.0,3,2005
89,Dinara Safina,5.0,32.0,2.0,29.0,0.0,32.0,4,2005
90,Flavia Pennetta,3.5,38.5,5.0,27.5,9.5,34.0,3,2005
91,Anabel Medina Garrigues,,,,,,34.0,1,2005
92,Virginie Razzano,3.0,61.0,6.5,41.5,7.5,35.0,3,2005
93,Evgenia Linetskaya,4.0,45.0,4.0,33.0,8.0,40.0,1,2005
94,Anna Lena Groenefeld,,,,,,40.0,1,2005
95,Klara Koukalova,,,,,,41.0,5,2005
96,Magdalena Maleeva,3.3333333333333335,39.666666666666664,1.3333333333333333,27.333333333333332,3.0,43.0,3,2005
97,Anna Chakvetadze,2.6666666666666665,51.0,4.0,36.666666666666664,4.666666666666667,43.0,4,2005
98,Conchita Martinez,3.5,41.5,3.0,29.5,7.5,47.0,3,2005
99,Samantha Stosur,11.0,51.5,7.0,39.5,5.5,49.0,2,2005
100,Lisa Raymond,,,,,,50.0,1,2005
101,Sesil Karatantcheva,7.0,72.0,4.0,52.0,7.0,52.0,1,2005
102,Mashona Washington,4.666666666666667,50.0,2.3333333333333335,33.333333333333336,6.333333333333333,53.0,6,2005
103,Maria Kirilenko,4.0,33.5,1.5,25.0,2.0,53.0,3,2005
104,Vera Dushevina,,,,,,54.0,4,2005
105,Maria Vento Kabchi,0.0,82.0,4.0,49.0,14.0,55.0,3,2005
106,Katarina Srebotnik,4.0,39.0,0.0,27.0,4.0,57.0,2,2005
107,Akiko Morigami,3.0,55.0,7.0,40.0,10.0,61.0,1,2005
108,Kveta Peschke,0.5,44.0,5.5,31.0,7.0,62.0,3,2005
109,Meghann Shaughnessy,8.0,37.0,6.0,27.0,10.0,63.0,4,2005
110,Tamarine Tanasugarn,2.75,31.75,4.25,23.0,4.5,64.0,4,2005
111,Roberta Vinci,6.0,51.0,2.0,35.0,8.0,64.0,2,2005
112,Shahar Peer,,,,,,67.0,1,2005
113,Laura Granville,1.5,39.25,0.75,27.75,4.25,68.0,5,2005
114,Maria Elena Camerin,,,,,,68.0,1,2005
115,Kristina Brandi,1.0,92.0,3.0,65.0,13.0,70.0,1,2005
116,Denisa Chladkova,,,,,,71.0,2,2005
117,Mariana Diaz Oliva,,,,,,73.0,2,2005
118,Sania Mirza,2.0,43.5,2.0,28.5,7.0,75.0,2,2005
119,Eleni Daniilidou,2.25,51.0,4.0,34.25,7.25,76.0,5,2005
120,Lucie Safarova,,,,,,80.0,4,2005
121,Antonella Serra Zanetti,0.0,76.0,2.0,49.0,4.0,83.0,2,2005
122,Jill Craybas,1.5,52.0,2.5,33.5,10.5,85.0,3,2005
123,Arantxa Parra Santonja,4.5,57.0,1.0,37.0,5.0,86.0,2,2005
124,Yoon Jeong Cho,,,,,,86.0,1,2005
125,Virginia Ruano Pascual,,,,,,87.0,1,2005
126,Alona Bondarenko,2.5,70.5,2.0,44.0,16.0,90.0,2,2005
127,Tatiana Panova,0.0,39.0,5.0,22.0,9.0,92.0,1,2005
128,Marissa Irvin,,,,,,93.0,1,2005
129,Anne Kremer,2.0,37.0,2.0,29.0,8.0,94.0,1,2005
130,Aiko Nakamura,5.0,64.0,8.0,43.0,14.0,94.0,1,2005
131,Michaella Krajicek,,,,,,99.0,2,2005
132,Amelie Mauresmo,4.142857142857143,35.857142857142854,3.4285714285714284,26.142857142857142,5.142857142857143,1.0,7,2006
133,Kim Clijsters,3.0,33.833333333333336,2.6666666666666665,24.5,5.5,2.0,7,2006
134,Justine Henin,2.9,37.6,4.3,25.9,5.3,3.0,10,2006
135,Maria Sharapova,3.25,36.75,4.0,27.375,3.75,4.0,8,2006
136,Svetlana Kuznetsova,8.5,53.25,4.5,37.25,7.5,6.0,4,2006
137,Elena Dementieva,0.5,46.75,8.5,29.25,7.25,8.0,6,2006
138,Patty Schnyder,4.0,65.0,2.0,39.0,11.0,10.0,1,2006
139,Anastasia Myskina,2.0,41.166666666666664,3.0,27.166666666666668,8.166666666666666,11.0,8,2006
140,Venus Williams,6.5,39.0,2.5,34.0,1.5,12.0,2,2006
141,Nicole Vaidisova,3.0,30.0,1.5,24.5,0.5,13.0,3,2006
142,Francesca Schiavone,2.0,35.5,5.0,27.75,5.5,14.0,4,2006
143,Martina Hingis,1.0,29.5,0.5,22.5,1.0,15.0,2,2006
144,Anna Lena Groenefeld,6.5,43.5,4.0,30.5,8.5,16.0,2,2006
145,Dinara Safina,5.5,72.0,5.5,49.5,10.0,17.0,5,2006
146,Daniela Hantuchova,6.0,60.333333333333336,3.3333333333333335,43.333333333333336,7.333333333333333,18.0,3,2006
147,Flavia Pennetta,4.333333333333333,34.333333333333336,3.6666666666666665,28.666666666666668,3.0,19.0,3,2006
148,Ai Sugiyama,2.25,58.0,3.75,38.25,8.25,21.0,5,2006
149,Ana Ivanovic,2.6666666666666665,37.0,2.0,26.0,6.666666666666667,22.0,5,2006
150,Shahar Peer,3.0,32.0,4.0,26.0,5.0,24.0,1,2006
151,Katarina Srebotnik,2.5,34.0,1.5,22.0,2.0,25.0,2,2006
152,Nathalie Dechy,0.5,50.5,2.0,34.5,6.0,25.0,2,2006
153,Elena Likhovtseva,4.166666666666667,43.333333333333336,2.0,30.333333333333332,5.5,26.0,6,2006
154,Anabel Medina Garrigues,1.0,38.0,0.0,28.0,3.0,27.0,2,2006
155,Marion Bartoli,3.0,55.333333333333336,3.6666666666666665,40.666666666666664,7.333333333333333,27.0,3,2006
156,Jelena Jankovic,4.5,56.0,6.0,36.0,6.0,29.0,6,2006
157,Na Li,3.4,46.0,2.4,32.4,6.4,30.0,6,2006
158,Anna Chakvetadze,3.3333333333333335,41.0,3.3333333333333335,30.333333333333332,5.0,31.0,3,2006
159,Gisela Dulko,2.0,42.5,2.5,28.0,4.5,31.0,3,2006
160,Tatiana Golovin,4.0,61.0,3.0,44.0,9.0,33.0,1,2006
161,Sofia Arvidsson,9.0,60.0,6.0,45.0,10.0,34.0,1,2006
162,Jie Zheng,2.0,72.0,2.0,41.0,15.0,37.0,2,2006
163,Mara Santangelo,4.666666666666667,45.0,2.3333333333333335,34.0,4.666666666666667,39.0,3,2006
164,Kveta Peschke,1.0,25.0,2.0,19.0,2.0,41.0,2,2006
165,Sania Mirza,4.0,52.0,4.0,35.0,8.0,41.0,2,2006
166,Shuai Peng,2.6666666666666665,57.333333333333336,2.6666666666666665,35.0,7.666666666666667,44.0,3,2006
167,Jill Craybas,5.0,31.0,2.0,23.0,5.0,45.0,1,2006
168,Klara Koukalova,,,,,,46.0,1,2006
169,Sybille Bammer,1.0,54.0,0.0,38.0,5.0,47.0,2,2006
170,Vera Zvonareva,3.4285714285714284,49.42857142857143,3.4285714285714284,35.285714285714285,6.285714285714286,47.0,7,2006
171,Iveta Benesova,,,,,,48.0,1,2006
172,Samantha Stosur,6.0,21.0,4.0,16.0,1.0,50.0,2,2006
173,Jelena Kostanic Tosic,,,,,,52.0,1,2006
174,Michaella Krajicek,,,,,,55.0,5,2006
175,Alona Bondarenko,,,,,,57.0,1,2006
176,Laura Granville,3.0,47.0,3.0,35.0,4.0,57.0,1,2006
177,Jamea Jackson,1.0,54.0,2.8,34.4,7.2,58.0,6,2006
178,Maria Elena Camerin,,,,,,58.0,1,2006
179,Akiko Morigami,2.0,45.0,3.5,31.5,7.0,60.0,2,2006
180,Elena Vesnina,2.5,53.0,4.0,32.0,9.0,61.0,3,2006
181,Martina Sucha,2.0,31.0,2.0,25.0,1.0,61.0,1,2006
182,Shenay Perry,6.75,43.0,4.0,30.25,7.5,62.0,5,2006
183,Marta Domachowska,,,,,,66.0,1,2006
184,Eleni Daniilidou,0.0,24.0,4.0,18.0,1.0,67.0,4,2006
185,Vera Dushevina,,47.0,,32.0,11.0,68.0,1,2006
186,Tathiana Garbin,5.0,59.0,4.0,35.0,8.0,68.0,1,2006
187,Karolina Sprem,4.5,38.0,3.0,26.5,4.5,69.0,2,2006
188,Meghann Shaughnessy,8.0,46.0,3.0,37.0,2.0,73.0,1,2006
189,Martina Muller,1.0,48.0,2.0,29.0,7.0,74.0,1,2006
190,Ashley Harkleroad,1.0,29.0,2.0,21.0,3.0,76.0,1,2006
191,Melinda Czink,4.0,41.0,6.0,29.0,5.0,77.0,1,2006
192,Zi Yan,3.0,48.0,3.0,34.0,7.0,79.0,1,2006
193,Amy Frazier,5.0,55.0,6.0,41.0,7.0,80.0,2,2006
194,Ekaterina Bychkova,5.0,54.0,1.0,40.0,5.0,81.0,1,2006
195,Lisa Raymond,5.5,36.5,2.0,29.0,5.5,82.0,3,2006
196,Tsvetana Pironkova,2.0,41.5,1.0,30.5,5.0,83.0,3,2006
197,Jarmila Gajdosova,,,,,,86.0,1,2006
198,Vania King,0.0,24.0,1.0,15.0,7.0,88.0,1,2006
199,Virginia Ruano Pascual,,,,,,91.0,1,2006
200,Viktoria Kutuzova,3.0,23.0,2.0,16.0,4.0,96.0,1,2006
201,Tian Tian Sun,1.0,36.0,1.0,27.0,5.0,100.0,1,2006
202,Justine Henin,2.5555555555555554,35.666666666666664,3.111111111111111,26.88888888888889,2.4444444444444446,1.0,9,2007
203,Maria Sharapova,3.5714285714285716,42.857142857142854,3.7142857142857144,30.857142857142858,5.0,2.0,7,2007
204,Jelena Jankovic,3.2222222222222223,46.666666666666664,2.7777777777777777,32.44444444444444,5.222222222222222,3.0,11,2007
205,Amelie Mauresmo,7.666666666666667,26.5,4.0,20.5,2.5,4.0,6,2007
206,Svetlana Kuznetsova,4.5,45.25,1.5,33.25,4.25,5.0,4,2007
207,Ana Ivanovic,6.5,40.5,2.1666666666666665,30.666666666666668,5.5,6.0,6,2007
208,Anna Chakvetadze,4.428571428571429,41.857142857142854,2.4285714285714284,30.142857142857142,6.571428571428571,7.0,7,2007
209,Serena Williams,9.666666666666666,38.666666666666664,2.0,28.666666666666668,4.0,8.0,4,2007
210,Nadia Petrova,5.6,44.0,4.2,32.8,6.6,9.0,5,2007
211,Nicole Vaidisova,6.833333333333333,43.333333333333336,3.6666666666666665,33.333333333333336,4.0,10.0,6,2007
212,Daniela Hantuchova,4.5,40.625,2.625,29.625,3.75,10.0,8,2007
213,Martina Hingis,6.5,54.0,4.0,35.5,6.0,11.0,2,2007
214,Elena Dementieva,3.5,38.0,6.5,23.5,5.5,12.0,3,2007
215,Dinara Safina,8.25,57.75,5.5,40.25,7.0,13.0,4,2007
216,Patty Schnyder,5.333333333333333,65.33333333333333,5.0,44.333333333333336,10.333333333333334,15.0,3,2007
217,Shahar Peer,1.75,47.75,1.5,32.25,4.75,16.0,4,2007
218,Tatiana Golovin,7.0,76.0,7.0,53.0,13.0,17.0,1,2007
219,Na Li,1.0,39.5,3.0,27.0,5.0,18.0,2,2007
220,Marion Bartoli,3.0,38.083333333333336,3.0,26.25,6.333333333333333,19.0,12,2007
221,Sybille Bammer,1.6666666666666667,42.0,3.0,29.666666666666668,5.0,21.0,3,2007
222,Katarina Srebotnik,3.5,37.0,2.0,29.5,1.5,22.0,2,2007
223,Tathiana Garbin,1.0,49.0,4.0,32.0,3.0,23.0,1,2007
224,Alona Bondarenko,0.6,41.0,1.2,28.6,5.4,24.0,6,2007
225,Lucie Safarova,8.0,47.0,3.3333333333333335,36.333333333333336,5.333333333333333,25.0,3,2007
226,Ai Sugiyama,1.0,44.0,3.5,29.0,7.5,27.0,2,2007
227,Samantha Stosur,18.0,53.0,4.0,42.0,8.0,28.0,1,2007
228,Mara Santangelo,3.3333333333333335,44.666666666666664,3.6666666666666665,31.833333333333332,4.5,29.0,6,2007
229,Francesca Schiavone,2.0,44.5,6.0,32.5,10.0,30.0,2,2007
230,Venus Williams,4.142857142857143,45.142857142857146,4.714285714285714,34.0,7.0,31.0,7,2007
231,Michaella Krajicek,8.6,47.4,3.4,36.8,5.6,33.0,5,2007
232,Martina Muller,,,,,,34.0,1,2007
233,Agnieszka Radwanska,2.25,32.5,1.0,19.75,3.25,35.0,4,2007
234,Meilen Tu,1.6666666666666667,52.333333333333336,4.333333333333333,34.666666666666664,7.333333333333333,35.0,3,2007
235,Meghann Shaughnessy,3.0,42.0,0.0,29.0,4.0,36.0,1,2007
236,Severine Beltrame,4.0,43.0,2.0,33.0,3.0,37.0,1,2007
237,Nicole Pratt,3.0,36.0,2.0,24.0,4.0,40.0,1,2007
238,Julia Vakulenko,7.0,38.0,4.5,30.0,3.5,41.0,2,2007
239,Sania Mirza,2.0,27.5,4.5,20.0,3.5,42.0,2,2007
240,Eleni Daniilidou,1.25,59.75,4.75,37.25,8.25,43.0,4,2007
241,Emilie Loit,0.0,41.0,1.0,28.0,3.0,43.0,1,2007
242,Maria Kirilenko,5.0,47.0,1.5,34.5,4.5,44.0,2,2007
243,Nathalie Dechy,1.0,62.0,10.0,39.0,10.0,46.0,2,2007
244,Elena Likhovtseva,4.0,43.0,1.75,31.5,3.5,47.0,4,2007
245,Roberta Vinci,3.0,28.0,2.5,22.0,2.5,49.0,2,2007
246,Yung Jan Chan,5.0,36.0,1.0,23.0,4.0,50.0,1,2007
247,Victoria Azarenka,4.0,34.5,2.0,24.5,3.5,53.0,2,2007
248,Tamira Paszek,1.2,47.6,3.2,29.6,5.4,54.0,5,2007
249,Milagros Sequera,2.6666666666666665,44.333333333333336,6.0,33.0,5.333333333333333,54.0,3,2007
250,Kaia Kanepi,,,,,,58.0,1,2007
251,Aravane Rezai,3.0,43.0,3.5,29.0,3.5,60.0,2,2007
252,Elena Vesnina,3.3333333333333335,39.666666666666664,2.3333333333333335,27.333333333333332,3.0,67.0,3,2007
253,Aiko Nakamura,1.0,31.5,2.5,25.5,3.0,68.0,2,2007
254,Akiko Morigami,0.5,49.0,2.5,28.0,7.0,71.0,2,2007
255,Alicia Molik,8.0,49.0,2.5,39.5,3.5,71.0,2,2007
256,Agnes Szavay,5.0,30.0,6.0,23.0,5.0,72.0,1,2007
257,Flavia Pennetta,4.0,65.0,4.0,45.0,14.0,73.0,2,2007
258,Vania King,5.5,56.5,2.5,44.5,2.5,75.0,2,2007
259,Laura Granville,0.6666666666666666,42.0,1.6666666666666667,30.666666666666668,4.333333333333333,77.0,3,2007
260,Yaroslava Shvedova,,,,,,81.0,1,2007
261,Vera Dushevina,2.0,49.0,2.0,30.0,8.0,83.0,1,2007
262,Angelique Kerber,0.25,40.5,2.25,29.0,4.25,84.0,4,2007
263,Tatiana Poutchek,1.0,45.0,1.0,31.0,7.0,85.0,1,2007
264,Tatjana Maria,,,,,,94.0,1,2007
265,Virginia Ruano Pascual,0.0,57.5,2.0,39.0,5.0,96.0,2,2007
266,Yvonne Meusburger,1.0,67.0,0.0,41.0,9.0,98.0,1,2007
267,Iveta Benesova,,,,,,100.0,1,2007
268,Ana Ivanovic,5.5,59.5,4.0,43.0,7.5,1.0,2,2008
269,Maria Sharapova,4.0,38.0,3.0,29.0,1.0,2.0,1,2008
270,Jelena Jankovic,1.3333333333333333,43.666666666666664,2.3333333333333335,30.666666666666668,4.666666666666667,3.0,3,2008
271,Svetlana Kuznetsova,3.0,37.666666666666664,4.666666666666667,25.333333333333332,4.666666666666667,4.0,3,2008
272,Elena Dementieva,1.8333333333333333,60.166666666666664,4.166666666666667,37.666666666666664,10.333333333333334,5.0,7,2008
273,Serena Williams,8.0,39.666666666666664,1.6666666666666667,31.333333333333332,3.8333333333333335,6.0,6,2008
274,Venus Williams,5.428571428571429,44.142857142857146,4.285714285714286,32.57142857142857,7.0,7.0,7,2008
275,Anna Chakvetadze,4.75,44.5,6.0,31.25,6.5,8.0,4,2008
276,Dinara Safina,3.8,39.8,2.0,32.4,1.0,9.0,6,2008
277,Marion Bartoli,3.0,33.75,3.5,26.25,1.75,10.0,4,2008
278,Agnieszka Radwanska,2.0,60.5,0.5,40.0,7.666666666666667,11.0,8,2008
279,Daniela Hantuchova,2.0,49.0,4.0,30.0,11.0,12.0,1,2008
280,Vera Zvonareva,5.0,51.0,3.0,36.0,5.0,14.0,1,2008
281,Agnes Szavay,3.3333333333333335,50.333333333333336,5.666666666666667,32.666666666666664,9.0,15.0,3,2008
282,Victoria Azarenka,1.5,27.5,0.5,23.5,2.5,16.0,2,2008
283,Nadia Petrova,5.875,43.5,5.125,33.5,4.25,18.0,8,2008
284,Nicole Vaidisova,4.833333333333333,42.5,2.5,32.0,4.5,19.0,6,2008
285,Francesca Schiavone,5.0,70.0,9.0,47.0,9.0,20.0,1,2008
286,Flavia Pennetta,3.0,31.0,2.0,26.0,2.0,23.0,1,2008
287,Katarina Srebotnik,3.0,36.0,2.0,27.0,2.0,24.0,2,2008
288,Lindsay Davenport,12.0,57.0,5.0,43.0,9.0,25.0,1,2008
289,Shahar Peer,1.6666666666666667,71.0,3.6666666666666665,43.0,12.666666666666666,26.0,3,2008
290,Sybille Bammer,3.5,62.0,3.0,31.5,13.0,27.0,2,2008
291,Alona Bondarenko,1.4,66.8,3.6,41.2,9.6,27.0,6,2008
292,Virginie Razzano,,,,,,28.0,1,2008
293,Caroline Wozniacki,2.0,35.25,2.0,26.5,5.0,30.0,4,2008
294,Amelie Mauresmo,2.0,47.333333333333336,5.333333333333333,35.0,5.666666666666667,30.0,3,2008
295,Sania Mirza,1.0,54.0,6.5,33.5,10.5,32.0,2,2008
296,Anabel Medina Garrigues,2.5,49.0,2.0,33.0,7.5,34.0,2,2008
297,Olga Govortsova,2.0,49.0,0.0,34.0,5.0,36.0,1,2008
298,Ai Sugiyama,1.0,44.0,4.0,30.0,3.5,38.0,2,2008
299,Gisela Dulko,0.6666666666666666,48.333333333333336,3.3333333333333335,32.333333333333336,6.0,39.0,4,2008
300,Casey Dellacqua,3.0,46.666666666666664,3.3333333333333335,30.333333333333332,5.333333333333333,41.0,3,2008
301,Alisa Kleybanova,8.4,38.4,4.2,29.6,6.2,42.0,5,2008
302,Na Li,1.0,52.5,4.0,33.0,11.5,45.0,2,2008
303,Elena Vesnina,7.0,73.0,5.0,50.0,9.0,46.0,1,2008
304,Kateryna Bondarenko,3.5714285714285716,49.714285714285715,2.2857142857142856,35.857142857142854,4.714285714285714,47.0,7,2008
305,Michaella Krajicek,7.333333333333333,33.666666666666664,2.6666666666666665,26.333333333333332,1.6666666666666667,51.0,3,2008
306,Petra Cetkovska,2.3333333333333335,53.0,2.3333333333333335,36.333333333333336,7.666666666666667,52.0,3,2008
307,Marina Erakovic,6.142857142857143,34.0,3.0,27.142857142857142,3.5714285714285716,53.0,7,2008
308,Shuai Peng,1.0,65.0,0.0,37.5,12.0,54.0,2,2008
309,Carla Suarez Navarro,0.0,44.0,5.0,32.0,4.0,56.0,1,2008
310,Sara Errani,0.0,60.0,2.0,36.0,13.0,57.0,1,2008
311,Pauline Parmentier,6.0,38.0,0.0,32.0,2.0,59.0,1,2008
312,Aravane Rezai,4.0,65.0,3.0,47.0,5.0,59.0,2,2008
313,Tamarine Tanasugarn,1.6363636363636365,47.90909090909091,2.5454545454545454,33.18181818181818,7.2727272727272725,60.0,11,2008
314,Kate Makarova,3.5,48.25,1.5,35.0,5.75,62.0,4,2008
315,Vera Dushevina,2.0,34.0,2.0,22.0,3.0,63.0,1,2008
316,Marta Domachowska,5.0,48.0,6.0,36.0,7.5,65.0,2,2008
317,Sorana Cirstea,4.0,39.75,1.5,30.25,6.0,66.0,4,2008
318,Tatiana Perebiynis,3.0,52.0,2.0,31.0,7.0,67.0,1,2008
319,Bethanie Mattek Sands,1.8333333333333333,43.333333333333336,2.1666666666666665,30.166666666666668,7.5,69.0,7,2008
320,Mariya Koryttseva,,,,,,71.0,1,2008
321,Timea Bacsinszky,0.0,49.0,2.0,31.0,5.0,71.0,1,2008
322,Yung Jan Chan,,,,,,74.0,1,2008
323,Ashley Harkleroad,,,,,,76.0,1,2008
324,Aiko Nakamura,2.5,60.0,1.5,40.0,4.5,78.0,2,2008
325,Camille Pin,0.0,51.333333333333336,1.3333333333333333,35.333333333333336,4.333333333333333,79.0,3,2008
326,Virginia Ruano Pascual,0.0,48.5,2.5,33.5,3.0,80.0,2,2008
327,Edina Gallovits Hall,3.0,28.0,2.0,19.0,2.0,84.0,1,2008
328,Yanina Wickmayer,4.8,40.2,2.2,28.8,5.6,85.0,5,2008
329,Emilie Loit,13.0,49.0,3.0,33.0,12.0,86.0,1,2008
330,Monica Niculescu,1.0,64.0,4.0,41.0,9.0,87.0,1,2008
331,Nathalie Dechy,0.5,48.0,3.5,34.0,4.0,91.0,2,2008
332,Anne Keothavong,3.0,49.0,3.0,32.0,7.0,92.0,1,2008
333,Aleksandra Wozniak,1.0,43.0,4.0,25.0,9.0,94.0,1,2008
334,Samantha Stosur,5.0,25.0,3.0,19.0,2.0,98.0,1,2008
335,Dinara Safina,3.5714285714285716,48.714285714285715,5.857142857142857,36.0,4.714285714285714,1.0,8,2009
336,Serena Williams,11.166666666666666,36.166666666666664,1.8333333333333333,30.5,3.6666666666666665,2.0,7,2009
337,Venus Williams,4.4,26.8,2.25,21.8,2.8,3.0,6,2009
338,Elena Dementieva,2.5,30.5,6.666666666666667,23.666666666666668,4.166666666666667,4.0,6,2009
339,Svetlana Kuznetsova,2.0,34.5,4.0,23.5,5.0,5.0,2,2009
340,Jelena Jankovic,1.0,43.0,2.0,28.0,10.0,6.0,2,2009
341,Vera Zvonareva,1.0,38.0,2.0,26.0,8.0,7.0,2,2009
342,Victoria Azarenka,3.0,37.0,4.75,28.25,4.0,8.0,4,2009
343,Caroline Wozniacki,4.0,43.625,1.125,31.0,4.0,9.0,8,2009
344,Nadia Petrova,8.0,47.666666666666664,4.0,34.666666666666664,4.666666666666667,10.0,4,2009
345,Marion Bartoli,2.0,34.2,1.8,25.0,3.4,11.0,5,2009
346,Agnieszka Radwanska,1.5,43.333333333333336,1.3333333333333333,28.833333333333332,4.666666666666667,11.0,6,2009
347,Ana Ivanovic,5.666666666666667,50.0,2.3333333333333335,36.0,7.666666666666667,12.0,3,2009
348,Dominika Cibulkova,1.0,51.0,7.0,33.5,8.5,13.0,2,2009
349,Flavia Pennetta,3.25,31.5,2.75,22.0,4.5,15.0,4,2009
350,Jie Zheng,0.3333333333333333,49.0,1.6666666666666667,32.0,7.333333333333333,16.0,3,2009
351,Amelie Mauresmo,7.75,40.5,7.5,30.0,6.25,17.0,4,2009
352,Samantha Stosur,5.5,47.5,6.5,38.0,4.0,18.0,5,2009
353,Na Li,2.3333333333333335,38.666666666666664,2.1666666666666665,26.666666666666668,4.166666666666667,18.0,7,2009
354,Anabel Medina Garrigues,2.0,44.333333333333336,5.0,34.0,2.3333333333333335,20.0,4,2009
355,Virginie Razzano,2.0,50.0,2.8,32.6,6.0,23.0,7,2009
356,Aleksandra Wozniak,3.25,33.0,1.75,23.75,4.0,23.0,4,2009
357,Sorana Cirstea,3.3333333333333335,48.333333333333336,1.3333333333333333,32.666666666666664,6.333333333333333,27.0,3,2009
358,Sybille Bammer,1.0,49.0,1.0,33.0,5.0,28.0,1,2009
359,Anastasia Pavlyuchenkova,6.0,51.0,4.5,39.5,2.5,29.0,2,2009
360,Alisa Kleybanova,2.0,31.0,3.0,24.0,4.0,31.0,1,2009
361,Anna Chakvetadze,2.0,55.0,4.0,40.0,11.0,31.0,1,2009
362,Alona Bondarenko,,,,,,32.0,1,2009
363,Daniela Hantuchova,2.5,50.25,3.75,33.75,5.0,32.0,5,2009
364,Carla Suarez Navarro,0.5,69.5,2.0,46.5,6.0,34.0,2,2009
365,Iveta Benesova,,,,,,35.0,2,2009
366,Shuai Peng,1.0,65.0,5.0,38.0,13.0,36.0,1,2009
367,Elena Vesnina,4.0,41.666666666666664,3.6666666666666665,30.333333333333332,5.333333333333333,37.0,3,2009
368,Ai Sugiyama,2.0,51.5,4.5,33.0,5.5,38.0,2,2009
369,Sara Errani,1.0,48.0,6.0,31.0,6.0,39.0,1,2009
370,Sabine Lisicki,6.666666666666667,40.333333333333336,6.666666666666667,32.333333333333336,5.666666666666667,41.0,4,2009
371,Francesca Schiavone,3.375,37.375,3.5,26.75,7.25,43.0,8,2009
372,Gisela Dulko,3.0,53.5,4.5,36.0,10.5,45.0,2,2009
373,Aravane Rezai,3.6666666666666665,43.333333333333336,4.666666666666667,31.333333333333332,9.0,46.0,3,2009
374,Kate Makarova,1.5,61.0,3.5,39.0,8.0,46.0,3,2009
375,Tamarine Tanasugarn,0.8,48.0,2.6,31.0,7.2,47.0,6,2009
376,Anne Keothavong,5.0,31.0,3.0,22.0,10.0,49.0,1,2009
377,Vera Dushevina,1.3333333333333333,55.0,1.6666666666666667,30.666666666666668,8.0,49.0,3,2009
378,Roberta Vinci,1.25,39.5,2.5,29.25,3.5,53.0,4,2009
379,Shahar Peer,2.0,49.0,0.0,31.0,4.0,55.0,1,2009
380,Melinda Czink,6.333333333333333,54.0,3.3333333333333335,38.0,5.0,57.0,3,2009
381,Magdalena Rybarikova,6.666666666666667,45.833333333333336,2.8333333333333335,33.833333333333336,5.166666666666667,58.0,6,2009
382,Maria Kirilenko,2.0,38.0,2.0,24.0,5.0,59.0,1,2009
383,Maria Sharapova,5.0,35.2,6.4,25.4,4.6,60.0,5,2009
384,Yanina Wickmayer,3.4285714285714284,36.42857142857143,4.142857142857143,25.857142857142858,4.428571428571429,61.0,7,2009
385,Tathiana Garbin,4.0,37.0,4.0,28.0,7.0,64.0,1,2009
386,Jarmila Gajdosova,,,,,,67.0,2,2009
387,Alla Kudryavtseva,3.0,67.0,7.0,46.0,15.0,68.0,1,2009
388,Kristina Barrois,4.0,26.5,1.5,20.5,1.5,69.0,2,2009
389,Jelena Dokic,,,,,,71.0,1,2009
390,Urszula Radwanska,2.0,35.5,0.5,26.5,4.0,71.0,4,2009
391,Kateryna Bondarenko,1.5,57.5,3.0,35.5,11.5,73.0,2,2009
392,Yaroslava Shvedova,4.0,20.0,2.0,16.0,2.0,74.0,2,2009
393,Raluca Olaru,7.0,53.0,3.0,38.0,6.0,75.0,1,2009
394,Nathalie Dechy,3.0,59.0,6.0,42.0,3.0,77.0,1,2009
395,Pauline Parmentier,4.0,56.0,7.0,42.0,6.0,78.0,1,2009
396,Patricia Mayr Achleitner,,,,,,80.0,1,2009
397,Mariya Koryttseva,5.0,56.0,2.0,39.0,7.0,81.0,1,2009
398,Olga Govortsova,3.0,38.25,2.75,27.5,4.0,82.0,4,2009
399,Barbora Strycova,2.0,56.0,7.0,40.0,3.0,84.0,1,2009
400,Sania Mirza,2.4,46.4,4.6,30.6,9.0,85.0,5,2009
401,Mathilde Johansson,1.0,51.0,7.0,36.0,4.0,86.0,1,2009
402,Jill Craybas,0.0,46.0,5.0,33.0,9.0,90.0,1,2009
403,Michelle Larcher De Brito,,,,,,91.0,1,2009
404,Julia Goerges,5.5,53.0,2.5,34.5,10.5,97.0,2,2009
405,Stefanie Voegele,3.3333333333333335,53.666666666666664,3.6666666666666665,37.666666666666664,8.0,99.0,3,2009
406,Rossana De Los Rios,2.0,67.0,4.0,41.0,13.0,100.0,1,2009
407,Serena Williams,12.714285714285714,36.57142857142857,2.142857142857143,32.0,1.8571428571428572,1.0,7,2010
408,Venus Williams,6.0,29.333333333333332,2.3333333333333335,22.666666666666668,3.0,2.0,4,2010
409,Jelena Jankovic,4.666666666666667,48.666666666666664,3.6666666666666665,34.333333333333336,6.666666666666667,3.0,3,2010
410,Caroline Wozniacki,2.0,40.0,2.3333333333333335,29.333333333333332,3.3333333333333335,4.0,3,2010
411,Samantha Stosur,12.666666666666666,47.666666666666664,6.0,35.0,7.0,7.0,3,2010
412,Kim Clijsters,2.6,38.0,3.0,27.4,3.2,8.0,6,2010
413,Agnieszka Radwanska,2.6666666666666665,46.333333333333336,0.3333333333333333,34.0,5.666666666666667,9.0,3,2010
414,Flavia Pennetta,6.0,25.0,6.0,23.0,2.0,10.0,2,2010
415,Na Li,2.142857142857143,46.0,2.0,31.714285714285715,4.428571428571429,11.0,9,2010
416,Victoria Azarenka,4.4,42.0,2.4,29.6,3.2,11.0,6,2010
417,Marion Bartoli,4.2,47.0,3.0,34.2,5.0,12.0,6,2010
418,Nadia Petrova,7.5,57.5,2.5,42.0,10.0,13.0,3,2010
419,Shahar Peer,2.0,37.0,2.0,27.0,1.0,15.0,1,2010
420,Justine Henin,4.25,34.75,3.75,26.875,4.25,16.0,8,2010
421,Yanina Wickmayer,6.5,52.0,2.5,37.0,6.25,16.0,4,2010
422,Maria Sharapova,6.0,37.285714285714285,2.4285714285714284,28.285714285714285,3.7142857142857144,17.0,7,2010
423,Svetlana Kuznetsova,3.6666666666666665,69.33333333333333,3.0,48.333333333333336,8.0,19.0,3,2010
424,Aravane Rezai,6.75,53.75,4.75,39.0,5.75,19.0,5,2010
425,Vera Zvonareva,3.8333333333333335,37.333333333333336,3.6666666666666665,28.833333333333332,4.166666666666667,21.0,6,2010
426,Maria Jose Martinez Sanchez,6.0,44.0,1.5,30.5,5.5,23.0,2,2010
427,Jie Zheng,0.0,46.0,1.0,30.0,7.0,24.0,2,2010
428,Daniela Hantuchova,4.0,60.0,3.0,40.5,5.0,25.0,2,2010
429,Lucie Safarova,1.0,76.0,2.0,50.0,9.0,26.0,1,2010
430,Alisa Kleybanova,2.5,33.0,3.5,24.0,5.0,27.0,2,2010
431,Maria Kirilenko,4.0,47.333333333333336,2.0,32.666666666666664,5.0,28.0,3,2010
432,Yaroslava Shvedova,2.3333333333333335,33.666666666666664,3.3333333333333335,24.0,4.0,29.0,3,2010
433,Alona Bondarenko,2.0,74.5,3.5,46.0,13.0,30.0,2,2010
434,Alexandra Dulgheru,2.6,52.0,3.2,35.0,5.0,31.0,5,2010
435,Anastasia Pavlyuchenkova,3.0,44.0,3.0,32.0,7.0,32.0,2,2010
436,Sara Errani,0.5,51.25,0.5,35.0,5.25,33.0,4,2010
437,Melanie Oudin,1.0,33.0,1.0,26.0,1.0,35.0,1,2010
438,Andrea Petkovic,5.0,53.75,5.75,38.75,6.0,36.0,4,2010
439,Ana Ivanovic,11.0,49.0,11.0,40.0,8.0,45.0,1,2010
440,Magdalena Rybarikova,4.333333333333333,53.0,2.0,38.0,8.0,45.0,3,2010
441,Dominika Cibulkova,3.5,52.75,4.0,37.75,6.75,46.0,4,2010
442,Arantxa Parra Santonja,12.0,44.0,9.0,38.0,5.0,47.0,1,2010
443,Sybille Bammer,5.0,40.0,3.0,25.0,6.0,49.0,1,2010
444,Roberta Vinci,2.5,44.0,3.0,30.0,6.5,49.0,2,2010
445,Aleksandra Wozniak,3.0,38.5,2.5,29.0,2.5,50.0,2,2010
446,Agnes Szavay,5.0,69.0,5.0,52.0,10.0,52.0,1,2010
447,Angelique Kerber,2.75,46.5,2.25,32.5,6.75,54.0,4,2010
448,Vera Dushevina,5.0,80.0,2.0,52.0,14.0,56.0,1,2010
449,Sorana Cirstea,2.0,31.0,0.0,22.0,5.0,57.0,1,2010
450,Kirsten Flipkens,6.25,35.75,2.75,26.25,4.25,59.0,4,2010
451,Elena Baltacha,2.5,44.5,2.5,31.0,7.5,62.0,2,2010
452,Petra Kvitova,4.0,43.4,4.2,30.6,5.8,62.0,5,2010
453,Klara Koukalova,,,,,,66.0,3,2010
454,Kate Makarova,4.5,47.0,0.8333333333333334,32.666666666666664,7.0,67.0,6,2010
455,Barbora Strycova,4.0,41.5,3.0,27.5,5.0,68.0,2,2010
456,Regina Kulikova,1.5,32.0,1.5,21.5,4.5,69.0,2,2010
457,Vania King,1.0,32.0,1.0,27.0,0.0,69.0,1,2010
458,Tamarine Tanasugarn,3.0,45.0,3.5,32.0,5.0,72.0,2,2010
459,Kristina Barrois,2.6666666666666665,40.666666666666664,4.333333333333333,28.666666666666668,5.0,73.0,3,2010
460,Anastasia Rodionova,6.666666666666667,53.0,4.0,36.333333333333336,5.333333333333333,74.0,4,2010
461,Alberta Brianti,2.0,40.0,1.0,28.0,1.0,75.0,1,2010
462,Petra Martic,8.0,51.0,7.0,42.0,6.0,76.0,1,2010
463,Kaia Kanepi,6.4,32.0,3.6,26.2,3.8,80.0,7,2010
464,Tsvetana Pironkova,4.6,34.6,1.4,25.4,3.4,82.0,5,2010
465,Yung Jan Chan,3.0,28.0,2.0,21.0,3.0,84.0,1,2010
466,Alla Kudryavtseva,4.25,43.75,1.5,30.0,5.75,85.0,4,2010
467,Jarmila Gajdosova,,,,,,88.0,4,2010
468,Sandra Zahlavova,2.0,57.5,2.0,37.5,9.5,88.0,2,2010
469,Kai Chen Chang,3.0,47.0,5.0,33.0,7.0,89.0,1,2010
470,Edina Gallovits Hall,2.0,71.0,2.0,48.0,13.0,90.0,1,2010
471,Sania Mirza,2.0,30.0,4.0,22.0,1.0,94.0,1,2010
472,Alicia Molik,14.0,40.0,4.0,30.0,4.0,97.0,1,2010
473,Varvara Lepchenko,6.0,45.0,1.0,37.0,0.0,99.0,1,2010
474,Caroline Wozniacki,2.0,37.0,0.5,26.5,1.5,1.0,3,2011
475,Kim Clijsters,3.0,48.0,0.0,28.0,11.0,2.0,1,2011
476,Vera Zvonareva,5.0,51.25,2.0,33.5,5.0,3.0,4,2011
477,Na Li,3.0,47.0,2.0,33.0,5.0,4.0,2,2011
478,Victoria Azarenka,1.6666666666666667,42.166666666666664,2.3333333333333335,30.666666666666668,4.0,5.0,7,2011
479,Maria Sharapova,3.4,35.0,5.6,26.0,4.8,6.0,6,2011
480,Francesca Schiavone,2.6666666666666665,49.0,4.0,31.666666666666668,8.0,7.0,3,2011
481,Petra Kvitova,5.454545454545454,41.27272727272727,2.909090909090909,30.0,4.2727272727272725,8.0,11,2011
482,Marion Bartoli,4.875,44.5,3.375,33.125,4.625,9.0,9,2011
483,Samantha Stosur,6.0,42.333333333333336,3.3333333333333335,30.666666666666668,6.333333333333333,10.0,3,2011
484,Agnieszka Radwanska,2.5,27.0,0.5,19.5,2.0,11.0,3,2011
485,Svetlana Kuznetsova,6.0,46.25,4.0,33.25,6.5,12.0,4,2011
486,Andrea Petkovic,5.0,59.0,4.0,40.0,7.5,13.0,2,2011
487,Anastasia Pavlyuchenkova,4.0,52.0,10.0,38.0,10.0,14.0,1,2011
488,Julia Goerges,3.0,37.0,4.0,29.0,3.0,16.0,2,2011
489,Ana Ivanovic,5.0,26.4,4.4,21.0,1.8,18.0,6,2011
490,Yanina Wickmayer,4.6,53.8,3.6,38.8,6.6,19.0,5,2011
491,Shuai Peng,4.166666666666667,50.0,2.0,36.833333333333336,5.333333333333333,20.0,6,2011
492,Flavia Pennetta,4.333333333333333,41.0,2.3333333333333335,31.0,5.0,21.0,3,2011
493,Dominika Cibulkova,1.6666666666666667,44.833333333333336,2.8333333333333335,30.5,5.833333333333333,23.0,7,2011
494,Daniela Hantuchova,3.111111111111111,53.44444444444444,2.5555555555555554,36.333333333333336,8.222222222222221,23.0,9,2011
495,Serena Williams,9.25,39.75,2.5,30.5,3.25,25.0,4,2011
496,Maria Kirilenko,5.5,52.0,2.0,35.5,5.0,27.0,2,2011
497,Jarmila Gajdosova,,,,,,28.0,2,2011
498,Roberta Vinci,2.5714285714285716,42.714285714285715,1.8571428571428572,30.0,5.857142857142857,29.0,7,2011
499,Kate Makarova,,,,,,29.0,1,2011
500,Venus Williams,6.8,47.2,1.8,34.0,4.2,30.0,5,2011
501,Lucie Safarova,5.0,48.0,1.0,37.0,3.0,32.0,1,2011
502,Tsvetana Pironkova,2.25,33.75,1.5,26.75,4.25,33.0,4,2011
503,Sara Errani,0.3333333333333333,55.0,3.0,35.0,7.0,34.0,3,2011
504,Klara Koukalova,,,,,,35.0,2,2011
505,Alexandra Dulgheru,3.0,51.5,4.0,34.5,4.0,36.0,2,2011
506,Elena Vesnina,2.0,42.0,6.0,26.0,18.0,36.0,1,2011
507,Nadia Petrova,5.0,37.0,1.5,24.5,6.0,37.0,3,2011
508,Ayumi Morita,3.0,86.0,1.0,55.0,8.0,42.0,1,2011
509,Rebecca Marino,6.0,29.5,0.0,22.5,3.0,44.0,3,2011
510,Monica Niculescu,1.0,39.0,0.0,21.0,4.0,46.0,1,2011
511,Lourdes Dominguez Lino,,,,,,48.0,2,2011
512,Aravane Rezai,8.0,19.0,1.0,17.0,0.0,52.0,1,2011
513,Iveta Benesova,,,,,,53.0,1,2011
514,Bojana Jovanovski,0.0,48.0,1.0,32.0,3.0,53.0,1,2011
515,Barbora Strycova,6.0,63.0,2.0,41.0,11.0,55.0,1,2011
516,Kimiko Date Krumm,1.5,44.0,2.5,29.0,7.5,57.0,3,2011
517,Simona Halep,4.0,36.0,2.0,28.0,1.0,58.0,1,2011
518,Jelena Dokic,3.25,38.0,5.0,28.25,4.0,59.0,4,2011
519,Polona Hercog,6.0,69.0,1.0,43.0,14.0,59.0,1,2011
520,Elena Baltacha,1.5,32.0,3.0,24.5,3.5,61.0,2,2011
521,Sabine Lisicki,7.909090909090909,39.27272727272727,2.727272727272727,31.09090909090909,5.090909090909091,62.0,11,2011
522,Alla Kudryavtseva,5.5,48.0,3.5,35.5,8.0,68.0,2,2011
523,Magdalena Rybarikova,5.0,37.333333333333336,0.0,28.666666666666668,4.666666666666667,69.0,3,2011
524,Mathilde Johansson,2.0,55.0,3.0,33.0,9.0,70.0,1,2011
525,Christina Mchale,5.0,61.0,6.0,41.5,9.5,71.0,2,2011
526,Johanna Larsson,2.5,51.0,0.5,34.0,4.5,71.0,2,2011
527,Maria Jose Martinez Sanchez,4.0,40.333333333333336,1.0,30.333333333333332,4.333333333333333,72.0,3,2011
528,Kristina Barrois,6.0,48.0,2.0,36.0,6.0,73.0,1,2011
529,Pauline Parmentier,3.0,29.0,1.0,24.0,2.0,74.0,1,2011
530,Sorana Cirstea,4.0,36.0,5.0,32.0,3.0,78.0,1,2011
531,Tamira Paszek,2.8333333333333335,51.0,4.5,31.666666666666668,10.333333333333334,80.0,6,2011
532,Petra Cetkovska,4.0,50.0,4.666666666666667,36.333333333333336,5.0,81.0,3,2011
533,Romina Oprandi,3.0,47.666666666666664,1.3333333333333333,33.666666666666664,4.333333333333333,82.0,3,2011
534,Evgeniya Rodina,2.0,46.0,3.0,29.0,8.0,82.0,1,2011
535,Jie Zheng,,,,,,84.0,1,2011
536,Ksenia Pervak,1.0,57.0,2.3333333333333335,38.666666666666664,7.666666666666667,89.0,3,2011
537,Heather Watson,3.5,47.5,1.0,31.0,8.0,93.0,2,2011
538,Mirjana Lucic,,,,,,94.0,3,2011
539,Virginie Razzano,7.0,56.0,4.0,39.0,6.0,96.0,1,2011
540,Petra Martic,6.0,42.0,8.0,28.0,11.0,98.0,1,2011
541,Coco Vandeweghe,5.0,25.0,1.0,17.0,3.0,98.0,1,2011
542,Andrea Hlavackova,1.0,27.0,2.0,21.0,1.0,99.0,1,2011
543,Anastasia Yakimova,2.0,46.0,1.0,34.0,3.0,100.0,1,2011
544,Maria Sharapova,5.375,43.375,5.5,31.75,4.875,1.0,8,2012
545,Victoria Azarenka,2.7777777777777777,42.55555555555556,4.888888888888889,30.11111111111111,5.333333333333333,1.0,10,2012
546,Agnieszka Radwanska,2.3333333333333335,46.333333333333336,0.4,31.666666666666668,4.166666666666667,3.0,6,2012
547,Petra Kvitova,4.571428571428571,44.857142857142854,3.5714285714285716,33.0,6.571428571428571,4.0,7,2012
548,Serena Williams,12.461538461538462,37.92307692307692,1.0769230769230769,30.46153846153846,2.1538461538461537,4.0,13,2012
549,Samantha Stosur,4.0,23.0,2.0,17.0,2.0,5.0,1,2012
550,Angelique Kerber,2.5,43.7,1.5,29.9,5.1,7.0,12,2012
551,Caroline Wozniacki,3.6666666666666665,57.0,3.3333333333333335,41.333333333333336,6.666666666666667,8.0,3,2012
552,Marion Bartoli,3.5,29.0,4.5,24.0,3.5,9.0,4,2012
553,Sara Errani,0.0,34.5,0.5,24.5,4.5,10.0,2,2012
554,Na Li,3.0,35.0,1.0,23.0,1.0,11.0,1,2012
555,Ana Ivanovic,4.2,51.0,3.4,36.0,6.2,12.0,5,2012
556,Vera Zvonareva,3.5,50.0,3.25,36.75,3.25,12.0,4,2012
557,Dominika Cibulkova,3.0,36.0,4.0,26.0,5.0,13.0,2,2012
558,Maria Kirilenko,2.5714285714285716,38.714285714285715,1.0,27.714285714285715,2.142857142857143,15.0,8,2012
559,Sabine Lisicki,6.666666666666667,51.5,5.166666666666667,38.5,6.333333333333333,15.0,6,2012
560,Flavia Pennetta,0.6666666666666666,39.0,4.0,26.666666666666668,6.666666666666667,17.0,3,2012
561,Nadia Petrova,6.333333333333333,38.55555555555556,2.0,29.22222222222222,3.3333333333333335,20.0,9,2012
562,Roberta Vinci,4.666666666666667,35.0,1.3333333333333333,24.5,5.333333333333333,20.0,7,2012
563,Lucie Safarova,3.0,50.0,6.0,35.0,6.5,21.0,2,2012
564,Francesca Schiavone,4.0,51.5,8.75,36.0,8.5,21.0,6,2012
565,Jelena Jankovic,5.333333333333333,54.0,3.3333333333333335,38.0,8.333333333333334,22.0,4,2012
566,Julia Goerges,10.0,43.25,2.75,34.25,3.5,24.0,4,2012
567,Petra Cetkovska,3.5,47.5,5.5,34.5,6.0,25.0,2,2012
568,Jie Zheng,0.75,56.5,3.5,38.25,7.25,27.0,6,2012
569,Anabel Medina Garrigues,1.0,46.5,1.0,31.5,7.0,28.0,2,2012
570,Shuai Peng,3.5,54.25,1.0,40.0,4.25,29.0,4,2012
571,Daniela Hantuchova,1.0,42.333333333333336,1.6666666666666667,30.333333333333332,2.6666666666666665,29.0,3,2012
572,Christina Mchale,3.3333333333333335,57.666666666666664,2.6666666666666665,38.666666666666664,9.333333333333334,30.0,3,2012
573,Anastasia Pavlyuchenkova,3.0,37.333333333333336,4.0,29.0,2.6666666666666665,30.0,3,2012
574,Klara Koukalova,,,,,,31.0,5,2012
575,Monica Niculescu,0.0,58.0,0.0,41.0,7.0,31.0,1,2012
576,Yanina Wickmayer,3.3333333333333335,56.333333333333336,0.3333333333333333,36.333333333333336,7.0,31.0,3,2012
577,Kim Clijsters,2.5555555555555554,43.55555555555556,3.0,32.22222222222222,4.222222222222222,36.0,9,2012
578,Tamira Paszek,3.4444444444444446,56.111111111111114,3.111111111111111,35.22222222222222,10.444444444444445,37.0,9,2012
579,Tsvetana Pironkova,4.333333333333333,39.666666666666664,2.6666666666666665,29.333333333333332,6.666666666666667,38.0,4,2012
580,Varvara Lepchenko,4.5,79.0,5.0,50.5,14.0,40.0,3,2012
581,Chanelle Scheepers,1.0,45.0,6.0,29.0,10.0,43.0,1,2012
582,Carla Suarez Navarro,2.0,68.0,3.0,43.0,12.0,44.0,1,2012
583,Kate Makarova,2.1666666666666665,48.833333333333336,2.0,32.5,5.666666666666667,44.0,6,2012
584,Urszula Radwanska,3.5,42.833333333333336,1.5,29.833333333333332,5.166666666666667,45.0,7,2012
585,Yaroslava Shvedova,3.75,40.75,3.75,29.25,5.5,46.0,4,2012
586,Marina Erakovic,3.0,35.0,3.3333333333333335,26.333333333333332,3.3333333333333335,46.0,3,2012
587,Sofia Arvidsson,1.0,40.5,1.5,24.5,6.0,46.0,2,2012
588,Alize Cornet,4.5,52.0,5.5,36.5,8.5,47.0,2,2012
589,Shahar Peer,5.0,40.0,3.0,30.0,6.0,47.0,1,2012
590,Sorana Cirstea,1.0,48.5,2.5,33.0,9.0,52.0,2,2012
591,Aleksandra Wozniak,2.0,49.333333333333336,2.6666666666666665,36.333333333333336,6.666666666666667,52.0,3,2012
592,Galina Voskoboeva,3.0,33.0,3.0,25.0,3.0,57.0,1,2012
593,Sloane Stephens,4.0,42.0,3.5,28.5,5.0,59.0,2,2012
594,Irina Camelia Begu,,,,,,63.0,1,2012
595,Su Wei Hsieh,0.4,43.0,2.4,31.2,4.6,63.0,5,2012
596,Kateryna Bondarenko,4.0,55.5,6.0,40.0,10.0,66.0,2,2012
597,Silvia Soler Espinosa,6.0,66.0,9.0,46.0,18.0,67.0,1,2012
598,Timea Babos,7.0,52.666666666666664,4.333333333333333,39.333333333333336,7.333333333333333,67.0,3,2012
599,Heather Watson,7.0,29.0,1.0,26.0,0.0,69.0,1,2012
600,Lourdes Dominguez Lino,,,,,,71.0,1,2012
601,Venus Williams,5.0,30.0,1.5,21.5,3.0,72.0,2,2012
602,Arantxa Rus,3.0,52.666666666666664,5.0,33.666666666666664,10.0,72.0,3,2012
603,Alexandra Panova,10.0,65.0,9.0,45.0,14.0,72.0,1,2012
604,Anna Tatishvili,2.5,32.5,2.5,24.5,5.0,73.0,2,2012
605,Stephanie Foretz Gacon,4.0,38.333333333333336,3.0,27.666666666666668,5.333333333333333,75.0,3,2012
606,Anne Keothavong,2.5,31.0,4.0,21.0,8.0,76.0,2,2012
607,Elena Vesnina,3.6666666666666665,40.666666666666664,3.0,29.666666666666668,5.666666666666667,79.0,3,2012
608,Mathilde Johansson,0.0,49.0,3.0,34.0,6.0,81.0,1,2012
609,Ayumi Morita,,,,,,85.0,1,2012
610,Irina Falconi,1.3333333333333333,39.0,0.6666666666666666,26.333333333333332,7.666666666666667,86.0,3,2012
611,Kiki Bertens,6.0,25.0,1.0,18.0,4.0,86.0,1,2012
612,Romina Oprandi,0.0,39.0,4.0,22.0,6.0,87.0,1,2012
613,Virginie Razzano,2.0,35.0,3.0,25.0,7.0,90.0,1,2012
614,Andrea Hlavackova,7.0,39.333333333333336,2.0,31.0,0.6666666666666666,90.0,3,2012
615,Maria Jose Martinez Sanchez,0.0,40.0,2.0,30.0,2.0,91.0,1,2012
616,Elena Baltacha,2.0,59.0,3.0,43.0,8.0,91.0,1,2012
617,Olga Govortsova,1.0,66.0,7.0,42.0,11.0,95.0,1,2012
618,Melinda Czink,1.0,21.0,1.0,19.0,0.0,98.0,1,2012
619,Laura Robson,7.0,46.0,7.0,37.0,9.0,98.0,1,2012
620,Jamie Hampton,4.0,43.0,1.0,35.0,8.0,100.0,1,2012
621,Serena Williams,8.0,27.666666666666668,0.6666666666666666,23.0,1.0,1.0,3,2013
622,Victoria Azarenka,3.0,41.0,9.0,31.0,7.0,2.0,1,2013
623,Maria Sharapova,5.0,45.0,0.0,35.0,1.0,3.0,1,2013
624,Agnieszka Radwanska,2.5,67.5,3.0,44.5,7.75,4.0,5,2013
625,Na Li,0.6666666666666666,37.0,3.6666666666666665,27.0,6.333333333333333,6.0,6,2013
626,Angelique Kerber,1.5,37.0,1.5,26.0,3.0,7.0,2,2013
627,Petra Kvitova,2.75,51.75,3.75,34.75,8.25,8.0,5,2013
628,Caroline Wozniacki,3.0,53.0,1.6666666666666667,34.333333333333336,6.333333333333333,9.0,4,2013
629,Maria Kirilenko,10.0,47.5,4.0,36.0,8.0,10.0,2,2013
630,Roberta Vinci,3.5,39.5,2.5,27.5,8.25,11.0,4,2013
631,Ana Ivanovic,6.0,37.0,0.0,29.0,1.0,12.0,1,2013
632,Samantha Stosur,4.0,32.0,1.0,23.333333333333332,3.0,13.0,3,2013
633,Jelena Jankovic,2.0,40.0,1.0,31.0,2.0,14.0,1,2013
634,Marion Bartoli,2.125,37.375,4.75,27.625,6.25,15.0,8,2013
635,Sloane Stephens,5.25,64.25,4.0,42.75,9.75,17.0,4,2013
636,Dominika Cibulkova,0.0,57.0,2.0,34.0,7.0,18.0,4,2013
637,Carla Suarez Navarro,1.4,48.4,2.6,30.2,7.4,18.0,6,2013
638,Kirsten Flipkens,6.8,42.4,2.6,30.3,4.9,20.0,10,2013
639,Elena Vesnina,1.6666666666666667,44.666666666666664,2.5,30.5,4.666666666666667,22.0,6,2013
640,Sorana Cirstea,5.0,42.0,2.3333333333333335,31.0,6.0,23.0,3,2013
641,Sabine Lisicki,6.75,48.75,3.625,35.25,6.5,24.0,8,2013
642,Kate Makarova,4.25,44.75,0.75,33.25,3.0,25.0,4,2013
643,Shuai Peng,,,,,,26.0,1,2013
644,Lucie Safarova,1.5,37.5,1.0,29.0,4.0,28.0,3,2013
645,Alize Cornet,3.0,46.5,2.5,32.5,6.0,31.0,2,2013
646,Mona Barthel,3.5,65.5,2.5,40.5,11.0,31.0,2,2013
647,Simona Halep,2.3333333333333335,38.0,3.1666666666666665,26.5,4.833333333333333,32.0,6,2013
648,Laura Robson,5.5,34.75,2.75,27.25,5.0,37.0,4,2013
649,Urszula Radwanska,1.0,37.666666666666664,1.3333333333333333,22.333333333333332,8.666666666666666,38.0,3,2013
650,Bojana Jovanovski,5.0,72.66666666666667,8.0,52.666666666666664,9.666666666666666,39.0,3,2013
651,Kristina Mladenovic,9.5,54.5,5.5,43.5,9.0,39.0,2,2013
652,Jamie Hampton,4.0,48.8,3.0,31.8,8.6,41.0,5,2013
653,Su Wei Hsieh,1.0,38.5,1.5,25.5,4.0,41.0,2,2013
654,Yanina Wickmayer,2.0,55.5,3.0,37.0,9.25,43.0,4,2013
655,Magdalena Rybarikova,3.6,49.4,2.2,36.2,7.2,43.0,5,2013
656,Klara Koukalova,,,,,,43.0,2,2013
657,Francesca Schiavone,4.333333333333333,44.0,7.666666666666667,31.666666666666668,6.0,45.0,3,2013
658,Kaia Kanepi,7.75,50.75,5.0,38.75,6.5,46.0,4,2013
659,Stefanie Voegele,2.0,63.0,3.0,44.0,7.0,52.0,1,2013
660,Madison Keys,7.2,46.6,1.8,36.0,4.8,52.0,5,2013
661,Heather Watson,4.5,40.5,3.5,32.0,5.0,54.0,2,2013
662,Annika Beck,2.0,54.0,0.0,29.0,6.0,54.0,1,2013
663,Yaroslava Shvedova,0.0,27.0,4.0,19.0,2.0,55.0,1,2013
664,Garbine Muguruza,4.0,39.5,5.0,28.0,5.0,59.0,4,2013
665,Daniela Hantuchova,3.5,54.333333333333336,4.166666666666667,38.833333333333336,6.5,60.0,6,2013
666,Irina Camelia Begu,4.0,77.0,9.0,53.0,13.0,60.0,1,2013
667,Jana Cepelova,2.0,41.0,2.0,24.0,8.0,62.0,1,2013
668,Monica Puig,5.666666666666667,53.666666666666664,2.0,37.0,6.333333333333333,65.0,3,2013
669,Tsvetana Pironkova,2.25,38.0,1.25,27.0,6.25,65.0,6,2013
670,Eugenie Bouchard,1.5,45.0,2.0,34.5,5.5,66.0,2,2013
671,Lesia Tsurenko,2.6666666666666665,25.666666666666668,1.3333333333333333,21.0,0.3333333333333333,69.0,3,2013
672,Christina Mchale,1.0,34.0,0.0,24.0,5.0,70.0,1,2013
673,Marina Erakovic,8.0,44.5,6.75,34.75,4.0,71.0,4,2013
674,Silvia Soler Espinosa,1.0,46.0,3.0,33.0,10.0,74.0,1,2013
675,Maria Teresa Torro Flor,,,,,,75.0,1,2013
676,Andrea Petkovic,1.0,37.0,0.0,28.0,3.0,76.0,1,2013
677,Karolina Pliskova,13.0,36.0,1.0,33.0,1.0,77.0,1,2013
678,Sofia Arvidsson,6.0,62.0,1.0,37.0,14.0,77.0,1,2013
679,Anabel Medina Garrigues,2.0,31.0,1.0,21.0,3.0,80.0,1,2013
680,Kimiko Date Krumm,1.0,38.5,1.5,24.5,4.0,84.0,2,2013
681,Olga Puchkova,,,,,,86.0,1,2013
682,Alexandra Cadantu Ignatik,2.0,44.0,3.0,29.0,5.0,87.0,1,2013
683,Lauren Davis,1.0,29.0,1.0,17.0,7.0,88.0,1,2013
684,Donna Vekic,3.6,44.2,2.2,29.4,5.0,89.0,5,2013
685,Andrea Hlavackova,2.0,36.0,2.0,28.0,2.0,93.0,1,2013
686,Camila Giorgi,0.5,42.5,7.5,29.5,8.0,93.0,2,2013
687,Mirjana Lucic,6.0,38.0,1.0,28.0,8.0,96.0,1,2013
688,Vesna Dolonc,1.3333333333333333,60.0,4.333333333333333,39.0,6.333333333333333,97.0,3,2013
689,Mathilde Johansson,1.0,48.0,7.0,32.0,6.0,98.0,1,2013
690,Caroline Garcia,4.0,41.0,0.0,33.0,2.0,100.0,1,2013
691,Serena Williams,12.0,29.5,1.0,23.5,2.0,1.0,2,2014
692,Na Li,3.0,38.0,0.5,25.5,6.0,2.0,2,2014
693,Simona Halep,3.6666666666666665,31.666666666666668,2.3333333333333335,24.166666666666668,2.5,3.0,6,2014
694,Agnieszka Radwanska,4.0,32.5,1.0,25.5,3.0,4.0,3,2014
695,Maria Sharapova,2.3333333333333335,30.333333333333332,3.3333333333333335,24.666666666666668,1.6666666666666667,5.0,3,2014
696,Petra Kvitova,5.444444444444445,40.55555555555556,2.6666666666666665,30.666666666666668,2.5555555555555554,6.0,9,2014
697,Angelique Kerber,2.25,57.375,2.875,36.75,9.25,7.0,8,2014
698,Victoria Azarenka,3.0,30.0,8.0,24.0,7.0,9.0,1,2014
699,Dominika Cibulkova,1.0,61.5,1.5,40.0,7.0,10.0,2,2014
700,Ana Ivanovic,3.857142857142857,31.0,1.2857142857142858,23.714285714285715,2.7142857142857144,11.0,7,2014
701,Flavia Pennetta,4.0,31.5,1.0,24.0,6.0,12.0,2,2014
702,Eugenie Bouchard,2.5,44.833333333333336,1.8333333333333333,31.5,4.833333333333333,13.0,6,2014
703,Carla Suarez Navarro,2.0,34.5,2.5,26.0,4.5,15.0,2,2014
704,Caroline Wozniacki,2.6,49.8,0.8,36.8,3.4,16.0,6,2014
705,Samantha Stosur,8.0,27.0,1.0,21.0,1.0,17.0,1,2014
706,Sloane Stephens,4.0,50.666666666666664,1.6666666666666667,34.333333333333336,6.333333333333333,18.0,3,2014
707,Sabine Lisicki,5.0,41.25,8.25,30.5,6.75,19.0,4,2014
708,Andrea Petkovic,1.3333333333333333,41.333333333333336,3.0,28.0,5.333333333333333,20.0,3,2014
709,Kate Makarova,4.0,50.0,2.0,35.833333333333336,7.0,22.0,6,2014
710,Lucie Safarova,4.6,37.0,2.2,30.2,3.0,23.0,5,2014
711,Kirsten Flipkens,6.25,45.0,3.5,32.5,7.75,24.0,5,2014
712,Alize Cornet,3.3333333333333335,52.333333333333336,4.0,36.333333333333336,8.333333333333334,24.0,4,2014
713,Anastasia Pavlyuchenkova,9.0,72.0,9.0,52.0,8.0,26.0,1,2014
714,Garbine Muguruza,4.0,32.0,4.0,24.5,3.0,27.0,2,2014
715,Madison Keys,7.875,39.625,1.625,31.25,2.875,30.0,8,2014
716,Daniela Hantuchova,4.0,37.5,3.0,27.0,5.5,31.0,2,2014
717,Venus Williams,7.0,46.0,5.0,34.0,6.0,31.0,2,2014
718,Klara Koukalova,3.8333333333333335,48.833333333333336,5.666666666666667,34.666666666666664,7.5,31.0,6,2014
719,Elena Vesnina,2.0,37.0,1.0,22.0,5.0,32.0,2,2014
720,Elina Svitolina,0.5,45.0,3.5,29.0,6.0,34.0,2,2014
721,Casey Dellacqua,3.6,38.6,2.2,27.6,4.6,36.0,5,2014
722,Shuai Zhang,2.0,51.75,1.25,34.0,6.25,36.0,4,2014
723,Yvonne Meusburger,1.5,53.5,2.0,34.0,5.0,38.0,2,2014
724,Camila Giorgi,3.5,44.75,12.0,34.5,7.25,39.0,4,2014
725,Magdalena Rybarikova,2.3333333333333335,44.333333333333336,2.6666666666666665,28.333333333333332,7.333333333333333,39.0,3,2014
726,Alison Riske Amritraj,6.0,45.5,3.5,36.0,4.0,40.0,4,2014
727,Kurumi Nara,0.0,60.0,1.0,36.0,5.0,41.0,1,2014
728,Kaia Kanepi,4.0,37.0,4.0,26.0,3.0,42.0,1,2014
729,Barbora Strycova,2.6,45.4,1.8,33.8,5.0,43.0,9,2014
730,Bojana Jovanovski,5.0,54.0,2.0,37.0,8.5,45.0,2,2014
731,Caroline Garcia,6.5,52.0,1.5,33.5,7.5,46.0,2,2014
732,Christina Mchale,7.0,52.0,4.0,33.0,8.0,49.0,1,2014
733,Monica Puig,6.0,67.0,4.0,47.0,4.0,50.0,1,2014
734,Karolina Pliskova,10.0,77.0,2.0,53.0,10.0,50.0,1,2014
735,Coco Vandeweghe,12.25,43.125,3.75,34.625,3.25,51.0,8,2014
736,Yanina Wickmayer,3.0,36.0,1.5,26.5,5.5,54.0,2,2014
737,Lauren Davis,1.6,45.8,2.6,32.4,6.6,55.0,6,2014
738,Annika Beck,1.0,46.5,2.5,28.5,6.0,55.0,2,2014
739,Mona Barthel,3.3333333333333335,33.666666666666664,2.0,25.0,2.6666666666666665,57.0,3,2014
740,Varvara Lepchenko,4.0,53.666666666666664,2.0,36.0,5.0,57.0,3,2014
741,Heather Watson,4.0,57.333333333333336,2.0,39.0,8.0,60.0,4,2014
742,Shuai Peng,3.3333333333333335,47.0,2.6666666666666665,32.333333333333336,6.666666666666667,61.0,3,2014
743,Petra Cetkovska,4.0,39.666666666666664,4.666666666666667,27.333333333333332,7.333333333333333,62.0,3,2014
744,Polona Hercog,4.0,35.0,2.0,26.0,1.0,63.0,1,2014
745,Yaroslava Shvedova,9.25,62.25,5.0,43.75,9.0,65.0,5,2014
746,Jie Zheng,0.2,42.4,0.4,27.6,7.4,66.0,5,2014
747,Belinda Bencic,1.6666666666666667,42.666666666666664,1.6666666666666667,29.666666666666668,6.333333333333333,71.0,3,2014
748,Francesca Schiavone,5.0,43.0,3.0,29.0,7.0,71.0,1,2014
749,Zarina Diyas,3.3333333333333335,70.66666666666667,2.6666666666666665,44.333333333333336,10.0,72.0,3,2014
750,Vania King,0.0,68.0,2.0,40.0,10.0,75.0,1,2014
751,Silvia Soler Espinosa,1.0,34.0,3.0,24.0,3.0,75.0,1,2014
752,Kimiko Date Krumm,2.3333333333333335,45.333333333333336,2.0,31.666666666666668,2.6666666666666665,78.0,3,2014
753,Irina Camelia Begu,4.0,64.0,6.0,38.0,13.0,81.0,1,2014
754,Timea Bacsinszky,4.0,14.0,0.0,10.0,1.0,85.0,1,2014
755,Shahar Peer,1.0,36.0,3.0,28.0,9.0,86.0,1,2014
756,Donna Vekic,6.0,61.0,3.0,41.0,3.0,87.0,1,2014
757,Alison Van Uytvanck,5.0,47.0,2.0,31.0,8.0,89.0,1,2014
758,Chanelle Scheepers,0.0,38.0,2.0,25.0,5.0,94.0,1,2014
759,Misaki Doi,0.0,39.0,1.0,23.0,5.0,95.0,1,2014
760,Serena Williams,11.428571428571429,36.857142857142854,3.0,28.857142857142858,5.285714285714286,1.0,7,2015
761,Petra Kvitova,5.5,23.0,1.0,20.0,0.0,2.0,2,2015
762,Simona Halep,5.0,32.5,1.5,25.5,2.0,3.0,2,2015
763,Maria Sharapova,3.0,42.2,7.6,31.8,5.6,4.0,5,2015
764,Caroline Wozniacki,4.166666666666667,46.833333333333336,0.6666666666666666,31.166666666666668,4.166666666666667,5.0,6,2015
765,Lucie Safarova,4.666666666666667,47.333333333333336,4.0,33.333333333333336,5.333333333333333,6.0,3,2015
766,Ana Ivanovic,6.0,29.0,2.0,23.0,1.0,7.0,1,2015
767,Kate Makarova,2.0,36.0,2.0,26.0,3.0,8.0,1,2015
768,Carla Suarez Navarro,3.0,52.5,1.0,33.5,3.5,9.0,2,2015
769,Angelique Kerber,1.4285714285714286,48.57142857142857,1.4285714285714286,34.57142857142857,3.857142857142857,10.0,7,2015
770,Karolina Pliskova,7.166666666666667,43.333333333333336,1.3333333333333333,33.666666666666664,4.166666666666667,11.0,6,2015
771,Eugenie Bouchard,4.0,52.0,1.0,37.0,10.0,12.0,1,2015
772,Agnieszka Radwanska,2.5,40.333333333333336,0.6666666666666666,29.25,3.75,13.0,12,2015
773,Andrea Petkovic,2.5,32.0,0.75,22.5,5.25,14.0,4,2015
774,Timea Bacsinszky,1.5,39.75,1.75,28.5,4.25,15.0,4,2015
775,Venus Williams,5.666666666666667,33.333333333333336,1.3333333333333333,26.0,3.3333333333333335,16.0,3,2015
776,Elina Svitolina,4.0,47.0,4.0,28.0,7.0,17.0,1,2015
777,Sabine Lisicki,12.2,43.0,5.0,33.2,5.8,18.0,5,2015
778,Sara Errani,0.0,86.0,1.5,50.0,9.5,19.0,2,2015
779,Garbine Muguruza,5.142857142857143,48.857142857142854,2.7142857142857144,35.142857142857146,7.428571428571429,20.0,7,2015
780,Madison Keys,11.75,48.25,2.0,36.5,4.75,21.0,4,2015
781,Belinda Bencic,3.2142857142857144,46.785714285714285,1.9285714285714286,33.07142857142857,5.785714285714286,22.0,14,2015
782,Samantha Stosur,4.0,32.5,1.5,24.0,5.0,23.0,2,2015
783,Victoria Azarenka,4.0,35.0,5.2,29.2,5.2,24.0,5,2015
784,Svetlana Kuznetsova,2.8,44.4,4.0,32.0,4.6,25.0,5,2015
785,Alize Cornet,0.0,28.0,2.0,22.0,3.0,27.0,1,2015
786,Barbora Strycova,2.3333333333333335,39.666666666666664,0.3333333333333333,26.333333333333332,5.333333333333333,28.0,3,2015
787,Jelena Jankovic,5.75,48.0,2.375,35.75,4.125,29.0,8,2015
788,Irina Camelia Begu,1.5,59.0,5.5,40.0,12.0,31.0,2,2015
789,Camila Giorgi,4.0,39.75,9.5,31.75,5.0,32.0,8,2015
790,Zarina Diyas,2.6,56.0,2.4,35.0,7.2,32.0,6,2015
791,Caroline Garcia,7.0,55.0,2.0,36.5,9.5,33.0,2,2015
792,Coco Vandeweghe,9.125,37.25,4.375,29.875,3.875,34.0,8,2015
793,Sloane Stephens,3.6,39.0,1.8,28.0,6.0,37.0,6,2015
794,Kristina Mladenovic,6.375,51.75,2.375,38.125,7.625,38.0,8,2015
795,Anastasia Pavlyuchenkova,0.0,61.0,2.5,41.5,6.0,40.0,2,2015
796,Daria Saville,7.0,60.0,4.5,41.5,13.0,41.0,2,2015
797,Alison Riske Amritraj,2.0,34.0,3.75,24.25,3.5,42.0,4,2015
798,Tsvetana Pironkova,3.5,40.25,2.0,28.5,4.5,44.0,4,2015
799,Alison Van Uytvanck,8.0,40.0,4.0,27.0,5.0,46.0,1,2015
800,Monica Niculescu,1.4285714285714286,54.142857142857146,3.142857142857143,34.857142857142854,9.857142857142858,48.0,7,2015
801,Dominika Cibulkova,1.5,46.5,5.0,32.5,8.0,49.0,2,2015
802,Casey Dellacqua,2.2,33.8,2.6,25.2,3.6,50.0,5,2015
803,Bojana Jovanovski,0.0,59.0,2.0,34.0,9.0,54.0,1,2015
804,Mirjana Lucic,4.0,56.5,9.0,44.5,8.0,54.0,2,2015
805,Lucie Hradecka,11.0,35.0,5.0,32.0,0.0,56.0,1,2015
806,Kurumi Nara,0.0,81.0,1.0,46.0,12.0,57.0,2,2015
807,Jarmila Gajdosova,4.0,49.0,2.0,29.0,9.0,58.0,1,2015
808,Magdalena Rybarikova,6.25,35.5,2.3333333333333335,26.25,5.0,59.0,4,2015
809,Heather Watson,3.5,46.75,3.25,33.25,9.25,59.0,4,2015
810,Lauren Davis,3.3333333333333335,58.666666666666664,5.666666666666667,41.0,6.666666666666667,63.0,3,2015
811,Anna Karolina Schmiedlova,5.0,33.0,3.0,24.0,1.0,64.0,1,2015
812,Christina Mchale,3.0,45.25,2.0,32.0,6.5,64.0,4,2015
813,Lesia Tsurenko,1.0,39.0,4.0,28.0,9.0,68.0,1,2015
814,Annika Beck,0.5,44.5,1.0,27.5,6.5,69.0,2,2015
815,Daniela Hantuchova,4.75,52.0,1.75,37.25,4.5,72.0,4,2015
816,Irina Falconi,2.0,36.0,0.0,23.0,7.0,73.0,1,2015
817,Katerina Siniakova,1.3333333333333333,53.0,3.3333333333333335,34.333333333333336,7.666666666666667,75.0,3,2015
818,Yaroslava Shvedova,3.0,53.0,3.5,36.5,6.5,76.0,2,2015
819,Tatjana Maria,5.0,43.0,1.6666666666666667,34.333333333333336,5.0,78.0,3,2015
820,Ajla Tomljanovic,10.0,34.0,4.0,24.0,5.0,81.0,1,2015
821,Polona Hercog,5.0,32.0,6.0,25.0,5.0,81.0,1,2015
822,Aleksandra Krunic,4.333333333333333,40.333333333333336,1.0,29.333333333333332,5.0,82.0,3,2015
823,Denisa Allertova,1.0,62.0,4.0,39.0,10.0,83.0,1,2015
824,Lara Arruabarrena,3.0,31.0,1.0,27.0,2.0,85.0,1,2015
825,Klara Koukalova,0.3333333333333333,30.0,4.666666666666667,20.333333333333332,6.333333333333333,85.0,3,2015
826,Anna Lena Friedsam,8.0,59.0,9.0,42.0,9.0,87.0,1,2015
827,Ana Konjuh,2.2,37.4,2.4,25.8,5.2,87.0,5,2015
828,Monica Puig,10.0,56.0,6.0,41.0,7.0,89.0,1,2015
829,Marina Erakovic,5.0,36.0,3.5,27.0,4.0,90.0,2,2015
830,Yanina Wickmayer,2.0,39.5,4.0,29.5,2.5,92.0,2,2015
831,Timea Babos,7.0,57.0,4.0,41.0,6.5,93.0,2,2015
832,Misaki Doi,3.0,43.0,1.0,32.0,2.0,95.0,1,2015
833,Yulia Putintseva,6.0,44.0,0.0,33.0,1.0,95.0,1,2015
834,Kirsten Flipkens,5.0,70.0,1.0,40.0,10.0,96.0,1,2015
835,Mariana Duque Marino,2.0,45.0,6.0,33.0,5.0,99.0,1,2015
836,Serena Williams,10.571428571428571,38.42857142857143,3.142857142857143,31.714285714285715,2.5714285714285716,1.0,7,2016
837,Garbine Muguruza,7.0,54.0,6.0,39.0,4.0,2.0,1,2016
838,Agnieszka Radwanska,2.8,42.0,1.2,29.2,4.0,3.0,5,2016
839,Angelique Kerber,2.25,39.625,2.125,29.125,3.75,4.0,8,2016
840,Simona Halep,1.0,48.0,1.5,33.5,6.0,5.0,4,2016
841,Roberta Vinci,2.0,52.5,0.5,36.5,5.0,7.0,2,2016
842,Belinda Bencic,1.5,49.5,5.5,33.5,8.0,8.0,4,2016
843,Venus Williams,2.8,59.0,3.8,40.2,9.2,8.0,5,2016
844,Madison Keys,6.5,53.125,2.75,38.875,5.375,9.0,8,2016
845,Petra Kvitova,6.333333333333333,39.0,3.0,30.0,2.6666666666666665,10.0,3,2016
846,Timea Bacsinszky,1.0,60.5,1.5,38.5,5.5,11.0,2,2016
847,Carla Suarez Navarro,2.5,61.333333333333336,3.3333333333333335,40.5,8.0,12.0,6,2016
848,Svetlana Kuznetsova,3.3333333333333335,53.333333333333336,3.0,32.333333333333336,7.0,14.0,3,2016
849,Samantha Stosur,4.0,36.0,6.0,32.0,2.0,16.0,1,2016
850,Karolina Pliskova,11.6,43.5,1.8,33.9,5.5,17.0,10,2016
851,Johanna Konta,5.166666666666667,44.333333333333336,3.3333333333333335,31.5,5.5,18.0,6,2016
852,Dominika Cibulkova,0.4444444444444444,54.77777777777778,2.2222222222222223,35.888888888888886,6.111111111111111,18.0,9,2016
853,Elina Svitolina,0.0,21.0,1.0,18.0,0.0,20.0,1,2016
854,Sara Errani,0.0,56.0,1.0,34.0,10.0,21.0,1,2016
855,Sloane Stephens,1.5,57.0,1.5,39.5,6.0,22.0,2,2016
856,Anastasia Pavlyuchenkova,1.0,47.25,2.0,32.75,8.0,23.0,4,2016
857,Jelena Jankovic,4.8,38.6,1.8,26.4,4.8,24.0,5,2016
858,Ana Ivanovic,1.0,32.0,2.0,23.0,6.5,24.0,2,2016
859,Barbora Strycova,3.0,52.5,1.6666666666666667,32.666666666666664,6.666666666666667,26.0,6,2016
860,Irina Camelia Begu,10.0,29.0,2.0,24.0,2.0,26.0,1,2016
861,Kiki Bertens,4.0,34.0,0.5,26.5,3.5,28.0,2,2016
862,Lucie Safarova,5.0,65.33333333333333,4.666666666666667,46.0,6.333333333333333,29.0,3,2016
863,Coco Vandeweghe,5.2727272727272725,31.0,1.9090909090909092,24.272727272727273,2.909090909090909,30.0,11,2016
864,Caroline Garcia,5.666666666666667,44.666666666666664,3.1666666666666665,33.666666666666664,5.666666666666667,32.0,6,2016
865,Kristina Mladenovic,5.857142857142857,51.857142857142854,4.142857142857143,36.42857142857143,9.285714285714286,32.0,7,2016
866,Daria Kasatkina,3.5,36.5,2.5,27.5,3.5,33.0,2,2016
867,Andrea Petkovic,1.0,56.5,4.0,37.25,6.25,33.0,4,2016
868,Caroline Wozniacki,1.6666666666666667,39.666666666666664,0.3333333333333333,27.333333333333332,4.333333333333333,34.0,3,2016
869,Kate Makarova,3.0,48.666666666666664,2.8333333333333335,34.166666666666664,6.166666666666667,35.0,6,2016
870,Jelena Ostapenko,4.75,45.25,4.25,31.0,6.75,36.0,4,2016
871,Yulia Putintseva,1.0,43.0,3.0,28.0,4.0,39.0,1,2016
872,Laura Siegemund,0.0,48.0,3.0,36.0,5.0,41.0,1,2016
873,Lesia Tsurenko,1.0,31.0,5.0,22.0,7.0,42.0,1,2016
874,Annika Beck,1.5,58.0,3.5,37.5,8.5,43.0,2,2016
875,Monica Puig,4.125,43.625,4.375,31.375,6.25,43.0,8,2016
876,Timea Babos,4.0,32.5,5.0,25.5,5.0,44.0,2,2016
877,Monica Niculescu,1.0,38.0,1.0,24.0,6.0,47.0,1,2016
878,Eugenie Bouchard,2.4,39.6,2.4,28.8,4.8,47.0,5,2016
879,Yanina Wickmayer,6.5,50.0,3.0,31.0,4.5,49.0,2,2016
880,Misaki Doi,1.8,45.8,2.0,32.8,6.2,49.0,5,2016
881,Elena Vesnina,4.375,48.125,3.5,33.25,5.75,50.0,8,2016
882,Daria Saville,2.0,50.333333333333336,5.333333333333333,34.0,8.666666666666666,50.0,3,2016
883,Anna Lena Friedsam,5.4,45.6,1.8,34.8,3.4,51.0,5,2016
884,Kirsten Flipkens,3.25,42.0,1.0,31.0,4.0,51.0,4,2016
885,Heather Watson,11.0,39.0,2.0,32.0,6.0,55.0,1,2016
886,Mirjana Lucic,2.0,37.0,4.0,28.0,4.0,56.0,1,2016
887,Alize Cornet,3.5,49.0,5.0,32.0,6.5,61.0,2,2016
888,Madison Brengle,0.8,61.4,1.0,37.8,10.0,62.0,5,2016
889,Varvara Lepchenko,2.5,51.0,2.0,35.5,8.0,64.0,2,2016
890,Sabine Lisicki,8.666666666666666,29.0,2.3333333333333335,25.0,2.6666666666666665,64.0,3,2016
891,Kateryna Bondarenko,2.0,60.0,3.5,41.5,10.0,65.0,2,2016
892,Christina Mchale,2.6666666666666665,40.666666666666664,3.6666666666666665,24.333333333333332,7.0,65.0,3,2016
893,Mona Barthel,3.0,45.0,3.0,35.0,4.0,68.0,1,2016
894,Nao Hibino,0.0,51.0,0.0,32.0,5.0,69.0,1,2016
895,Tsvetana Pironkova,1.0,30.0,1.0,21.5,3.5,72.0,2,2016
896,Su Wei Hsieh,0.0,19.0,2.0,16.0,2.0,72.0,1,2016
897,Mariana Duque Marino,4.0,50.0,4.0,35.0,7.5,79.0,2,2016
898,Anastasija Sevastova,1.25,34.25,3.0,24.5,6.5,82.0,4,2016
899,Denisa Allertova,2.0,28.0,5.0,21.0,3.0,82.0,1,2016
900,Saisai Zheng,0.3333333333333333,35.666666666666664,1.0,24.0,5.666666666666667,86.0,3,2016
901,Lara Arruabarrena,1.0,42.0,3.0,27.0,7.0,87.0,1,2016
902,Alison Riske Amritraj,1.5,40.75,2.5,27.5,4.5,89.0,4,2016
903,Magdalena Rybarikova,9.0,48.0,5.0,37.0,7.0,90.0,1,2016
904,Kurumi Nara,0.0,57.0,1.0,32.0,7.0,93.0,1,2016
905,Yaroslava Shvedova,4.5,43.75,3.25,33.0,3.75,96.0,4,2016
906,Anett Kontaveit,8.5,54.5,5.0,39.0,6.5,97.0,2,2016
907,Sorana Cirstea,4.0,39.0,2.0,29.0,3.0,97.0,2,2016
908,Aliaksandra Sasnovich,3.0,33.0,6.0,26.0,5.0,98.0,1,2016
909,Angelique Kerber,1.2,53.4,3.4,36.8,5.2,1.0,5,2017
910,Simona Halep,3.0,51.833333333333336,2.6666666666666665,35.5,6.0,2.0,6,2017
911,Karolina Pliskova,7.666666666666667,42.166666666666664,2.5,30.666666666666668,3.8333333333333335,3.0,6,2017
912,Elina Svitolina,3.75,46.25,2.75,31.75,6.5,5.0,4,2017
913,Caroline Wozniacki,4.0,53.0,1.7142857142857142,36.857142857142854,6.714285714285714,6.0,7,2017
914,Johanna Konta,4.153846153846154,41.92307692307692,1.4615384615384615,30.0,3.769230769230769,7.0,13,2017
915,Svetlana Kuznetsova,1.8333333333333333,45.5,2.5,30.666666666666668,4.833333333333333,8.0,6,2017
916,Dominika Cibulkova,0.0,64.0,1.0,34.0,13.5,9.0,2,2017
917,Agnieszka Radwanska,3.0,60.333333333333336,1.0,40.666666666666664,7.0,10.0,3,2017
918,Venus Williams,3.3333333333333335,54.166666666666664,4.666666666666667,40.166666666666664,6.333333333333333,11.0,6,2017
919,Petra Kvitova,7.666666666666667,34.833333333333336,4.166666666666667,27.166666666666668,3.3333333333333335,12.0,6,2017
920,Kristina Mladenovic,8.333333333333334,42.166666666666664,2.6666666666666665,31.666666666666668,7.666666666666667,12.0,6,2017
921,Jelena Ostapenko,3.0,46.6,4.0,31.2,8.4,13.0,5,2017
922,Garbine Muguruza,4.0,42.44444444444444,1.4444444444444444,30.555555555555557,5.0,14.0,10,2017
923,Elena Vesnina,2.5,51.5,2.5,35.5,7.5,16.0,2,2017
924,Anastasia Pavlyuchenkova,2.0,65.5,4.5,41.5,9.0,17.0,2,2017
925,Madison Keys,3.0,23.0,1.0,17.0,4.0,18.0,1,2017
926,Anastasija Sevastova,3.8333333333333335,52.5,3.3333333333333335,35.0,8.833333333333334,19.0,6,2017
927,Timea Bacsinszky,4.5,24.0,1.5,21.5,0.5,20.0,2,2017
928,Daria Saville,2.0,55.0,5.0,35.0,9.5,21.0,2,2017
929,Barbora Strycova,4.0,38.8,2.0,26.8,5.8,22.0,5,2017
930,Caroline Garcia,6.0,48.5,2.0,33.666666666666664,6.166666666666667,22.0,6,2017
931,Coco Vandeweghe,4.0,27.5,3.6666666666666665,24.166666666666668,2.3333333333333335,25.0,6,2017
932,Carla Suarez Navarro,0.0,47.5,1.0,31.0,6.5,26.0,2,2017
933,Ana Konjuh,4.0,52.0,3.75,37.0,6.875,28.0,8,2017
934,Lauren Davis,0.5,40.0,2.5,28.0,7.0,29.0,2,2017
935,Daria Kasatkina,2.0,31.0,2.0,21.0,3.0,30.0,1,2017
936,Shuai Zhang,1.5,41.5,0.5,28.5,5.5,31.0,2,2017
937,Roberta Vinci,2.5,42.5,1.5,30.0,5.0,33.0,2,2017
938,Lucie Safarova,6.714285714285714,56.142857142857146,3.2857142857142856,40.57142857142857,7.0,34.0,7,2017
939,Lesia Tsurenko,0.8,49.2,2.8,32.0,5.6,35.0,5,2017
940,Shuai Peng,2.0,50.0,0.75,33.25,6.0,37.0,4,2017
941,Anett Kontaveit,4.857142857142857,46.42857142857143,2.142857142857143,33.857142857142854,4.285714285714286,38.0,7,2017
942,Katerina Siniakova,1.0,50.0,6.0,38.0,10.0,40.0,1,2017
943,Catherine Cartan Bellis,2.6666666666666665,42.333333333333336,3.6666666666666665,31.0,5.0,42.0,3,2017
944,Alison Riske Amritraj,1.6,51.2,2.0,34.2,5.4,43.0,5,2017
945,Kristyna Pliskova,10.25,42.75,2.5,34.5,3.5,44.0,4,2017
946,Kate Makarova,2.0,29.0,3.0,22.0,0.0,47.0,1,2017
947,Mona Barthel,3.5,32.5,3.5,24.5,5.5,49.0,2,2017
948,Monica Niculescu,4.0,102.0,4.0,59.0,12.0,51.0,1,2017
949,Julia Goerges,5.75,33.0,1.75,26.5,2.75,54.0,4,2017
950,Qiang Wang,2.0,43.0,2.0,32.0,6.0,55.0,1,2017
951,Elise Mertens,6.0,35.0,2.0,28.0,7.0,56.0,1,2017
952,Naomi Osaka,4.0,45.0,2.25,30.25,5.0,58.0,4,2017
953,Christina Mchale,4.0,59.5,5.5,44.0,9.0,58.0,2,2017
954,Donna Vekic,6.666666666666667,46.666666666666664,5.5,34.166666666666664,5.333333333333333,58.0,6,2017
955,Lara Arruabarrena,0.5,48.5,3.5,36.0,8.0,60.0,2,2017
956,Sorana Cirstea,1.0,40.333333333333336,3.0,28.333333333333332,9.0,62.0,3,2017
957,Ying Ying Duan,3.0,43.0,1.0,27.0,5.0,64.0,1,2017
958,Irina Camelia Begu,1.0,35.0,2.0,25.0,1.0,64.0,1,2017
959,Carina Witthoeft,2.75,68.75,5.25,46.5,6.25,65.0,4,2017
960,Varvara Lepchenko,2.0,45.5,2.5,31.5,3.5,67.0,2,2017
961,Shelby Rogers,8.333333333333334,54.333333333333336,4.0,43.0,4.0,70.0,3,2017
962,Francesca Schiavone,3.5,37.5,4.0,29.0,3.0,72.0,2,2017
963,Viktorija Golubic,3.0,54.0,7.0,31.0,9.0,73.0,1,2017
964,Tatjana Maria,5.0,22.0,3.0,16.0,6.0,74.0,1,2017
965,Natalia Vikhlyantseva,4.0,45.75,3.75,30.0,5.75,74.0,4,2017
966,Kirsten Flipkens,2.3333333333333335,42.0,2.0,31.333333333333332,2.3333333333333335,75.0,3,2017
967,Ashleigh Barty,3.3333333333333335,40.666666666666664,2.1666666666666665,29.833333333333332,5.0,77.0,6,2017
968,Magda Linette,6.0,44.0,0.0,32.0,1.0,77.0,1,2017
969,Evgeniya Rodina,3.0,41.0,2.5,29.5,4.0,80.0,2,2017
970,Yanina Wickmayer,4.5,33.5,3.0,25.0,3.5,81.0,2,2017
971,Andrea Petkovic,1.0,67.0,1.0,40.0,9.0,84.0,1,2017
972,Camila Giorgi,2.0,64.5,9.5,45.0,12.0,86.0,2,2017
973,Magdalena Rybarikova,4.2,42.0,1.8,28.6,6.6,87.0,5,2017
974,Julia Boserup,3.0,45.0,7.0,32.0,14.0,87.0,1,2017
975,Veronica Cepede Royg,0.0,62.0,1.0,39.0,14.0,90.0,1,2017
976,Aliaksandra Sasnovich,3.0,44.0,5.0,31.0,7.0,90.0,1,2017
977,Kurumi Nara,0.0,40.0,2.0,25.0,5.0,91.0,1,2017
978,Jennifer Brady,3.0,29.0,1.0,24.0,1.0,93.0,1,2017
979,Madison Brengle,0.0,47.5,2.5,29.0,9.0,95.0,2,2017
980,Jana Cepelova,1.0,17.0,3.0,12.0,1.0,96.0,1,2017
981,Beatriz Haddad Maia,4.0,43.0,4.0,34.0,1.0,97.0,1,2017
982,Maria Sakkari,4.5,78.0,2.5,47.5,9.0,98.0,2,2017
983,Richel Hogenkamp,2.0,27.0,2.0,19.0,3.0,100.0,1,2017
984,Simona Halep,1.5,35.5,1.5,25.5,4.0,1.0,2,2018
985,Caroline Wozniacki,2.8333333333333335,48.0,2.5,33.833333333333336,7.666666666666667,2.0,6,2018
986,Garbine Muguruza,3.0,29.0,0.0,24.5,0.5,3.0,2,2018
987,Elina Svitolina,1.5,43.5,3.5,29.5,4.5,5.0,2,2018
988,Caroline Garcia,6.0,54.0,2.0,36.5,6.0,6.0,2,2018
989,Karolina Pliskova,5.8,49.4,2.8,34.8,4.8,7.0,5,2018
990,Petra Kvitova,4.5,37.666666666666664,4.333333333333333,27.166666666666668,3.8333333333333335,8.0,6,2018
991,Venus Williams,2.0,50.0,5.5,35.0,8.0,9.0,2,2018
992,Angelique Kerber,2.6,46.2,1.7,30.7,6.3,10.0,10,2018
993,Madison Keys,5.0,38.0,1.0,28.5,2.5,11.0,2,2018
994,Jelena Ostapenko,3.5714285714285716,36.42857142857143,4.285714285714286,26.571428571428573,5.571428571428571,12.0,7,2018
995,Julia Goerges,9.0,47.57142857142857,4.428571428571429,37.42857142857143,6.428571428571429,13.0,7,2018
996,Daria Kasatkina,2.4285714285714284,48.714285714285715,7.285714285714286,32.714285714285715,8.857142857142858,14.0,7,2018
997,Elise Mertens,2.75,30.0,1.0,21.0,4.5,15.0,4,2018
998,Coco Vandeweghe,11.666666666666666,47.333333333333336,4.333333333333333,35.666666666666664,5.333333333333333,16.0,3,2018
999,Ashleigh Barty,6.583333333333333,37.916666666666664,2.9166666666666665,29.166666666666668,4.25,16.0,12,2018
1000,Naomi Osaka,5.0,34.333333333333336,2.0,26.666666666666668,3.1666666666666665,18.0,6,2018
1001,Magdalena Rybarikova,5.6,37.6,1.4,27.8,5.2,19.0,5,2018
1002,Kiki Bertens,7.0,44.2,4.8,32.0,6.2,20.0,5,2018
1003,Anastasija Sevastova,3.4,42.6,1.4,29.0,8.4,20.0,5,2018
1004,Johanna Konta,4.333333333333333,37.5,1.3333333333333333,28.5,3.8333333333333335,22.0,6,2018
1005,Barbora Strycova,2.3333333333333335,37.666666666666664,3.5,27.333333333333332,4.5,23.0,6,2018
1006,Daria Saville,3.3333333333333335,34.0,4.0,26.666666666666668,1.0,25.0,3,2018
1007,Carla Suarez Navarro,1.5,33.0,1.0,22.0,2.5,26.0,2,2018
1008,Anett Kontaveit,5.0,41.5,3.5,30.5,9.5,27.0,2,2018
1009,Mihaela Buzarnescu,4.0,52.44444444444444,2.111111111111111,35.44444444444444,5.111111111111111,28.0,9,2018
1010,Anastasia Pavlyuchenkova,4.0,77.0,3.0,44.0,6.0,29.0,1,2018
1011,Agnieszka Radwanska,3.4,46.6,1.0,30.4,7.8,30.0,5,2018
1012,Dominika Cibulkova,1.4,39.4,3.8,28.0,4.0,32.0,5,2018
1013,Lesia Tsurenko,3.3333333333333335,52.666666666666664,3.0,34.333333333333336,7.0,34.0,3,2018
1014,Kate Makarova,5.666666666666667,61.0,4.0,43.0,5.666666666666667,35.0,3,2018
1015,Aleksandra Krunic,3.1666666666666665,47.833333333333336,2.0,31.333333333333332,6.333333333333333,39.0,6,2018
1016,Alize Cornet,1.0,46.0,5.0,37.0,6.0,41.0,1,2018
1017,Donna Vekic,4.714285714285714,38.857142857142854,3.5714285714285716,27.285714285714285,6.285714285714286,42.0,7,2018
1018,Katerina Siniakova,7.5,68.5,5.5,47.0,7.5,42.0,2,2018
1019,Danielle Collins,1.5,39.5,2.5,28.0,6.0,43.0,2,2018
1020,Kaia Kanepi,4.0,29.0,3.0,22.0,2.0,44.0,1,2018
1021,Alison Van Uytvanck,4.666666666666667,46.5,3.0,33.0,5.5,44.0,6,2018
1022,Petra Martic,0.0,27.0,0.0,23.0,2.0,45.0,1,2018
1023,Aryna Sabalenka,4.571428571428571,62.857142857142854,5.428571428571429,39.857142857142854,12.285714285714286,45.0,7,2018
1024,Kirsten Flipkens,3.2,48.6,1.4,33.0,7.8,45.0,5,2018
1025,Su Wei Hsieh,1.0,53.8,1.6,33.2,8.6,48.0,5,2018
1026,Aliaksandra Sasnovich,3.3333333333333335,45.0,2.6666666666666665,28.666666666666668,6.333333333333333,50.0,3,2018
1027,Sorana Cirstea,1.0,52.0,0.0,33.0,10.0,51.0,1,2018
1028,Camila Giorgi,4.4,42.4,8.8,30.4,6.4,52.0,5,2018
1029,Lucie Safarova,5.25,45.25,3.5,31.75,4.75,53.0,4,2018
1030,Yulia Putintseva,4.0,87.0,3.0,61.0,10.0,53.0,1,2018
1031,Kristina Mladenovic,5.5,46.25,6.5,35.25,6.0,56.0,4,2018
1032,Belinda Bencic,4.0,46.75,3.25,33.5,7.25,56.0,4,2018
1033,Tatjana Maria,6.5,56.166666666666664,4.333333333333333,39.5,9.333333333333334,57.0,6,2018
1034,Svetlana Kuznetsova,3.0,61.0,7.0,35.0,12.0,57.0,1,2018
1035,Alison Riske Amritraj,2.2,47.2,4.2,30.8,6.6,60.0,5,2018
1036,Johanna Larsson,1.0,53.0,3.0,34.0,10.0,63.0,1,2018
1037,Polona Hercog,7.0,33.0,10.0,30.0,5.0,64.0,1,2018
1038,Ajla Tomljanovic,6.666666666666667,38.0,5.666666666666667,32.0,2.6666666666666665,71.0,3,2018
1039,Taylor Townsend,1.0,33.0,3.0,27.0,2.0,73.0,1,2018
1040,Jennifer Brady,6.0,45.0,6.0,34.0,7.0,74.0,1,2018
1041,Rebecca Peterson,6.5,59.0,3.5,40.0,7.0,76.0,2,2018
1042,Sofia Kenin,3.75,49.5,5.0,34.0,7.75,76.0,4,2018
1043,Lara Arruabarrena,1.0,52.5,4.0,38.5,5.5,80.0,2,2018
1044,Carina Witthoeft,2.0,80.0,6.0,55.0,14.0,81.0,1,2018
1045,Viktoria Hruncakova,5.333333333333333,47.333333333333336,3.6666666666666665,34.666666666666664,4.666666666666667,81.0,3,2018
1046,Vera Lapko,5.5,57.5,5.0,37.5,12.5,82.0,2,2018
1047,Sachia Vickery,0.0,35.0,2.0,22.0,8.0,83.0,1,2018
1048,Victoria Azarenka,7.5,66.0,8.0,49.5,7.5,85.0,2,2018
1049,Samantha Stosur,4.25,37.0,2.75,26.0,3.75,86.0,4,2018
1050,Kateryna Bondarenko,1.0,60.0,5.0,38.0,13.0,89.0,1,2018
1051,Heather Watson,4.0,33.0,4.0,26.0,3.0,91.0,1,2018
1052,Luksika Kumkhum,2.0,51.0,5.0,34.0,4.0,91.0,1,2018
1053,Andrea Petkovic,0.0,54.0,10.0,34.0,12.0,95.0,1,2018
1054,Arantxa Rus,8.0,72.0,3.0,58.0,2.0,100.0,1,2018
1055,Ashleigh Barty,6.125,30.75,2.25,25.125,3.5,1.0,8,2019
1056,Naomi Osaka,7.0,48.0,3.0,36.0,11.0,1.0,1,2019
1057,Karolina Pliskova,7.444444444444445,35.77777777777778,2.111111111111111,28.22222222222222,1.8888888888888888,3.0,9,2019
1058,Kiki Bertens,4.777777777777778,36.55555555555556,4.888888888888889,26.0,4.444444444444445,4.0,9,2019
1059,Angelique Kerber,1.25,36.375,2.125,24.625,4.5,5.0,8,2019
1060,Petra Kvitova,4.0,34.666666666666664,1.3333333333333333,25.666666666666668,2.0,6.0,3,2019
1061,Simona Halep,1.4444444444444444,43.666666666666664,1.7777777777777777,29.666666666666668,5.222222222222222,7.0,9,2019
1062,Elina Svitolina,1.8,51.8,1.8,35.4,5.0,8.0,5,2019
1063,Sloane Stephens,0.0,33.0,0.5,22.5,2.5,9.0,2,2019
1064,Serena Williams,7.5,37.166666666666664,1.8333333333333333,27.5,3.0,10.0,6,2019
1065,Aryna Sabalenka,3.0,41.0,5.5,28.5,9.5,10.0,2,2019
1066,Anastasija Sevastova,2.75,32.0,1.5,22.0,5.25,12.0,4,2019
1067,Belinda Bencic,4.571428571428571,42.42857142857143,3.2857142857142856,30.285714285714285,5.0,13.0,7,2019
1068,Caroline Wozniacki,2.5,40.5,2.5,28.25,5.5,14.0,4,2019
1069,Qiang Wang,3.0,25.333333333333332,2.3333333333333335,20.333333333333332,2.0,15.0,3,2019
1070,Madison Keys,6.0,31.0,3.0,26.0,3.0,16.0,1,2019
1071,Marketa Vondrousova,1.0,45.0,3.0,27.0,13.0,16.0,1,2019
1072,Julia Goerges,7.5,36.0,2.8333333333333335,28.833333333333332,3.8333333333333335,17.0,6,2019
1073,Johanna Konta,5.0,45.57142857142857,2.142857142857143,33.857142857142854,3.2857142857142856,18.0,7,2019
1074,Anett Kontaveit,4.333333333333333,45.333333333333336,2.6666666666666665,35.0,5.666666666666667,20.0,3,2019
1075,Elise Mertens,3.2857142857142856,46.285714285714285,4.142857142857143,32.714285714285715,5.714285714285714,21.0,7,2019
1076,Donna Vekic,3.25,41.5,2.75,30.75,3.25,22.0,4,2019
1077,Caroline Garcia,6.714285714285714,51.57142857142857,1.7142857142857142,37.142857142857146,5.285714285714286,23.0,7,2019
1078,Petra Martic,3.5,54.0,2.5,37.5,8.0,24.0,6,2019
1079,Amanda Anisimova,1.6666666666666667,50.0,4.0,35.333333333333336,6.666666666666667,26.0,3,2019
1080,Sofia Kenin,1.5,45.5,1.6666666666666667,31.0,5.0,28.0,6,2019
1081,Su Wei Hsieh,1.0,48.25,2.75,32.75,4.0,28.0,4,2019
1082,Carla Suarez Navarro,0.6666666666666666,52.0,0.6666666666666666,34.0,7.0,31.0,3,2019
1083,Lesia Tsurenko,1.5,43.5,2.0,30.5,4.5,32.0,2,2019
1084,Maria Sakkari,5.6,33.2,2.6,25.4,4.6,32.0,5,2019
1085,Danielle Collins,1.0,51.5,1.5,32.0,8.0,34.0,2,2019
1086,Dayana Yastremska,7.0,52.333333333333336,6.666666666666667,34.333333333333336,10.0,35.0,3,2019
1087,Jelena Ostapenko,4.5,34.75,9.25,26.0,8.0,35.0,4,2019
1088,Katerina Siniakova,2.0,58.0,4.0,33.0,13.0,38.0,1,2019
1089,Yulia Putintseva,2.0,32.5,1.5,21.25,2.25,39.0,4,2019
1090,Victoria Azarenka,1.5,36.5,2.5,28.5,5.0,40.0,2,2019
1091,Ajla Tomljanovic,8.0,34.5,3.75,27.75,4.25,47.0,4,2019
1092,Kristina Mladenovic,3.3333333333333335,40.333333333333336,6.0,30.666666666666668,4.333333333333333,48.0,3,2019
1093,Shuai Zhang,2.0,44.5,2.0,30.0,6.0,50.0,6,2019
1094,Barbora Strycova,2.875,42.375,2.375,31.125,4.875,51.0,8,2019
1095,Monica Puig,1.0,82.0,5.0,43.0,14.0,52.0,1,2019
1096,Ekaterina Alexandrova,7.8,34.2,4.4,25.6,5.4,52.0,5,2019
1097,Mihaela Buzarnescu,0.0,44.0,3.0,27.0,8.0,53.0,1,2019
1098,Venus Williams,1.0,38.5,3.0,28.5,3.0,55.0,2,2019
1099,Alison Van Uytvanck,4.333333333333333,52.333333333333336,3.3333333333333335,33.333333333333336,10.333333333333334,55.0,3,2019
1100,Alison Riske Amritraj,2.5555555555555554,61.22222222222222,3.5555555555555554,40.44444444444444,6.888888888888889,55.0,9,2019
1101,Alize Cornet,1.75,38.75,3.5,28.0,4.0,55.0,4,2019
1102,Tatjana Maria,5.666666666666667,56.0,2.3333333333333335,39.333333333333336,7.666666666666667,56.0,3,2019
1103,Yafan Wang,2.0,44.0,2.3333333333333335,27.333333333333332,8.0,57.0,3,2019
1104,Tamara Zidansek,0.5,70.5,3.0,39.5,13.5,59.0,2,2019
1105,Veronika Kudermetova,5.5,37.25,2.5,27.5,4.0,59.0,4,2019
1106,Polona Hercog,4.5,35.75,4.0,24.25,5.25,60.0,5,2019
1107,Margarita Gasparyan,4.25,50.5,3.25,34.25,8.0,61.0,4,2019
1108,Ons Jabeur,4.4,44.8,2.4,29.4,8.4,62.0,5,2019
1109,Sara Sorribes Tormo,2.0,73.0,3.0,43.0,10.0,64.0,1,2019
1110,Rebecca Peterson,3.0,64.5,3.0,43.0,7.5,66.0,2,2019
1111,Jennifer Brady,7.0,43.25,2.25,31.5,8.75,66.0,4,2019
1112,Karolina Muchova,7.25,52.0,2.0,38.75,5.5,68.0,4,2019
1113,Kirsten Flipkens,1.5,57.5,1.0,36.0,6.5,69.0,2,2019
1114,Andrea Petkovic,2.0,54.0,7.0,32.0,10.0,70.0,1,2019
1115,Anastasia Potapova,3.0,48.0,4.0,30.0,12.0,71.0,1,2019
1116,Magda Linette,6.5,42.5,3.0,31.5,6.0,75.0,2,2019
1117,Kaia Kanepi,8.0,63.0,9.0,42.0,14.0,76.0,1,2019
1118,Evgeniya Rodina,0.0,51.0,1.0,33.0,10.0,76.0,1,2019
1119,Daria Saville,2.0,66.0,8.0,46.0,6.0,78.0,1,2019
1120,Viktorija Golubic,1.3333333333333333,57.0,3.0,37.333333333333336,7.333333333333333,81.0,3,2019
1121,Laura Siegemund,2.0,41.0,2.0,30.0,1.0,82.0,1,2019
1122,Pauline Parmentier,3.5,56.0,2.0,39.0,11.5,82.0,2,2019
1123,Madison Brengle,0.0,54.0,3.0,29.0,7.0,85.0,1,2019
1124,Maria Sharapova,5.0,38.0,7.0,30.0,5.0,85.0,1,2019
1125,Astra Sharma,1.0,13.0,2.0,11.0,0.0,94.0,1,2019
1126,Lauren Davis,2.5,44.5,2.0,25.5,8.5,95.0,2,2019
1127,Bernarda Pera,8.0,48.0,4.0,36.0,4.0,97.0,1,2019
1128,Ivana Jorovic,8.0,52.0,5.0,36.0,11.0,99.0,1,2019
1129,Ashleigh Barty,7.571428571428571,43.714285714285715,4.571428571428571,33.0,6.285714285714286,1.0,7,2021
1130,Aryna Sabalenka,7.0,39.42857142857143,3.857142857142857,28.0,6.285714285714286,4.0,7,2021
1131,Elina Svitolina,4.5,54.0,5.0,35.5,14.0,5.0,2,2021
1132,Sofia Kenin,0.0,39.0,2.0,29.0,1.0,6.0,1,2021
1133,Bianca Andreescu,1.0,50.0,4.0,34.0,8.0,7.0,1,2021
1134,Iga Swiatek,4.0,34.75,1.75,26.75,3.75,9.0,4,2021
1135,Belinda Bencic,5.6,45.8,4.2,35.4,6.2,11.0,5,2021
1136,Garbine Muguruza,2.25,31.25,1.0,23.0,3.5,12.0,4,2021
1137,Petra Kvitova,5.333333333333333,57.0,4.666666666666667,40.0,7.0,12.0,3,2021
1138,Karolina Pliskova,9.0,42.0,5.0,33.833333333333336,3.6666666666666665,13.0,6,2021
1139,Victoria Azarenka,3.8333333333333335,46.833333333333336,5.0,32.833333333333336,7.5,14.0,6,2021
1140,Elise Mertens,2.5,27.0,3.0,20.0,2.0,16.0,2,2021
1141,Barbora Krejcikova,3.6666666666666665,45.666666666666664,4.666666666666667,33.0,7.333333333333333,17.0,3,2021
1142,Maria Sakkari,7.0,15.0,0.0,15.0,0.0,18.0,1,2021
1143,Anastasia Pavlyuchenkova,4.0,32.5,2.5,26.0,4.0,19.0,2,2021
1144,Johanna Konta,9.2,45.0,2.4,33.6,4.2,20.0,5,2021
1145,Elena Rybakina,6.857142857142857,42.0,3.5714285714285716,32.142857142857146,5.0,20.0,7,2021
1146,Karolina Muchova,5.25,46.5,1.5,32.5,5.25,22.0,4,2021
1147,Coco Gauff,7.75,42.5,4.25,31.25,6.0,23.0,4,2021
1148,Ons Jabeur,5.5,36.9,1.6,27.7,5.2,24.0,10,2021
1149,Jessica Pegula,2.0,29.25,2.25,21.5,1.75,25.0,4,2021
1150,Petra Martic,3.5,63.5,3.0,47.0,3.5,25.0,2,2021
1151,Anett Kontaveit,4.0,43.5,3.0,31.0,9.25,27.0,4,2021
1152,Angelique Kerber,2.0,42.36363636363637,3.090909090909091,29.272727272727273,6.545454545454546,27.0,11,2021
1153,Madison Keys,5.0,39.4,2.0,29.6,3.8,27.0,5,2021
1154,Alison Riske Amritraj,3.5,161.0,16.0,111.5,22.0,28.0,2,2021
1155,Veronika Kudermetova,6.0,66.0,7.0,46.0,12.0,32.0,1,2021
1156,Paula Badosa,6.666666666666667,53.666666666666664,6.666666666666667,39.333333333333336,6.666666666666667,33.0,3,2021
1157,Ekaterina Alexandrova,5.333333333333333,34.666666666666664,2.3333333333333335,30.0,3.3333333333333335,34.0,3,2021
1158,Jelena Ostapenko,2.0,40.25,3.625,27.5,6.75,34.0,8,2021
1159,Daria Kasatkina,1.4285714285714286,43.142857142857146,3.2857142857142856,29.285714285714285,8.142857142857142,34.0,7,2021
1160,Shuai Zhang,1.6,45.0,2.2,30.6,6.0,36.0,5,2021
1161,Donna Vekic,6.25,41.0,5.25,30.25,6.25,36.0,4,2021
1162,Nadia Podoroska,4.0,40.0,5.333333333333333,27.333333333333332,7.0,39.0,3,2021
1163,Marketa Vondrousova,8.0,52.0,6.0,33.0,10.0,42.0,1,2021
1164,Yulia Putintseva,3.0,33.0,1.0,27.0,3.0,43.0,1,2021
1165,Magda Linette,4.5,43.0,4.0,26.5,8.0,44.0,2,2021
1166,Sorana Cirstea,2.0,43.0,3.0,31.0,6.0,45.0,2,2021
1167,Shelby Rogers,1.6666666666666667,49.333333333333336,3.3333333333333335,33.0,7.0,46.0,3,2021
1168,Danielle Collins,1.0,51.0,2.0,35.0,12.0,48.0,1,2021
1169,Marie Bouzkova,1.5,47.0,0.5,31.5,6.0,50.0,2,2021
1170,Sara Sorribes Tormo,1.75,38.25,2.0,25.0,7.0,50.0,4,2021
1171,Laura Siegemund,0.0,54.0,1.0,32.0,7.5,55.0,2,2021
1172,Alize Cornet,1.6,50.2,3.0,35.8,6.0,56.0,5,2021
1173,Anastasija Sevastova,2.25,48.75,3.0,35.25,5.5,56.0,4,2021
1174,Kristina Mladenovic,2.3333333333333335,53.666666666666664,7.333333333333333,35.666666666666664,7.0,59.0,3,2021
1175,Camila Giorgi,5.2,34.6,7.2,26.4,5.6,62.0,5,2021
1176,Patricia Maria Tig,0.0,44.0,5.0,31.0,5.0,62.0,1,2021
1177,Katerina Siniakova,3.0,37.166666666666664,4.0,27.0,4.666666666666667,64.0,6,2021
1178,Marta Kostyuk,4.0,62.5,5.0,43.5,7.5,65.0,2,2021
1179,Liudmila Samsonova,6.0,38.666666666666664,5.0,29.333333333333332,4.666666666666667,65.0,3,2021
1180,Viktorija Golubic,1.1428571428571428,43.142857142857146,0.8571428571428571,30.0,4.857142857142857,66.0,7,2021
1181,Leylah Fernandez,6.0,46.0,0.0,35.0,2.0,66.0,1,2021
1182,Alison Van Uytvanck,3.5,39.5,1.5,30.0,7.0,67.0,2,2021
1183,Ann Li,0.0,32.0,3.0,20.0,7.0,70.0,1,2021
1184,Heather Watson,7.75,35.0,2.75,28.25,6.75,70.0,4,2021
1185,Ajla Tomljanovic,2.4,58.0,4.2,39.2,7.2,72.0,5,2021
1186,Sloane Stephens,3.0,36.5,2.0,25.0,8.0,73.0,2,2021
1187,Caroline Garcia,5.0,59.0,6.0,38.0,7.0,74.0,1,2021
1188,Irina Camelia Begu,3.0,63.5,3.0,39.5,7.5,79.0,2,2021
1189,Amanda Anisimova,2.0,32.0,1.0,24.5,2.0,81.0,2,2021
1190,Madison Brengle,0.0,64.0,3.0,41.5,6.5,82.0,2,2021
1191,Anastasia Potapova,3.5,46.5,5.0,32.0,7.5,82.0,2,2021
1192,Misaki Doi,1.0,34.0,2.0,26.0,4.0,83.0,1,2021
1193,Nao Hibino,1.0,60.0,8.0,44.0,8.0,85.0,1,2021
1194,Lauren Davis,1.25,40.5,0.75,29.75,5.25,86.0,4,2021
1195,Nina Stojanovic,7.0,44.333333333333336,5.666666666666667,31.666666666666668,6.0,87.0,3,2021
1196,Tereza Martincova,2.3333333333333335,58.833333333333336,0.8333333333333334,40.5,7.833333333333333,87.0,6,2021
1197,Anna Blinkova,4.0,47.0,7.0,36.5,7.0,89.0,2,2021
1198,Zarina Diyas,2.0,76.0,3.0,49.0,6.0,93.0,1,2021
1199,Camila Osorio,1.5,54.5,4.0,33.5,10.0,94.0,2,2021
1200,Vera Zvonareva,1.0,45.0,7.0,34.0,9.0,96.0,1,2021
1201,Lin Zhu,0.0,66.0,6.0,49.0,6.0,99.0,1,2021
1202,Aliaksandra Sasnovich,3.0,34.0,2.0,21.0,5.5,100.0,2,2021
1203,Iga Swiatek,2.5,46.5,2.0,30.5,6.5,1.0,2,2022
1204,Ons Jabeur,3.5454545454545454,37.45454545454545,0.9090909090909091,26.727272727272727,4.181818181818182,2.0,11,2022
1205,Anett Kontaveit,5.0,42.0,6.0,30.0,10.0,3.0,1,2022
1206,Paula Badosa,2.6666666666666665,36.333333333333336,3.6666666666666665,27.333333333333332,4.666666666666667,4.0,3,2022
1207,Maria Sakkari,4.428571428571429,28.857142857142858,3.5714285714285716,22.0,3.5714285714285716,5.0,7,2022
1208,Aryna Sabalenka,5.5,43.25,4.5,31.5,5.0,6.0,4,2022
1209,Karolina Pliskova,12.0,66.0,5.666666666666667,47.0,10.333333333333334,7.0,3,2022
1210,Jessica Pegula,4.5,48.0,4.0,31.5,8.5,9.0,2,2022
1211,Garbine Muguruza,2.0,47.0,2.0,36.0,2.0,10.0,1,2022
1212,Emma Raducanu,3.0,48.0,1.0,31.0,7.0,11.0,1,2022
1213,Coco Gauff,5.2,38.4,3.2,29.2,4.0,12.0,5,2022
1214,Daria Kasatkina,3.25,52.25,3.5,34.75,9.0,12.0,4,2022
1215,Jelena Ostapenko,4.25,33.75,5.375,24.875,4.875,14.0,8,2022
1216,Barbora Krejcikova,4.0,44.0,3.0,32.5,4.5,14.0,2,2022
1217,Belinda Bencic,3.3333333333333335,53.333333333333336,3.5,39.666666666666664,6.833333333333333,17.0,6,2022
1218,Angelique Kerber,2.0,37.25,2.0,25.5,3.75,18.0,4,2022
1219,Simona Halep,3.6363636363636362,30.90909090909091,2.5454545454545454,23.0,4.7272727272727275,18.0,11,2022
1220,Elena Rybakina,7.875,41.125,2.75,31.25,5.75,21.0,8,2022
1221,Madison Keys,6.0,39.0,1.0,26.0,7.0,24.0,1,2022
1222,Veronika Kudermetova,3.8,52.4,2.8,35.4,7.2,24.0,5,2022
1223,Amanda Anisimova,2.3333333333333335,52.5,1.6666666666666667,36.333333333333336,5.166666666666667,25.0,6,2022
1224,Camila Giorgi,2.6666666666666665,34.666666666666664,8.833333333333334,24.5,8.166666666666666,26.0,6,2022
1225,Petra Kvitova,6.571428571428571,46.42857142857143,4.0,34.42857142857143,5.142857142857143,26.0,7,2022
1226,Ekaterina Alexandrova,6.666666666666667,32.5,3.5,25.0,3.3333333333333335,27.0,6,2022
1227,Elise Mertens,3.0,50.5,6.5,34.5,10.25,29.0,4,2022
1228,Beatriz Haddad Maia,3.5,47.75,4.166666666666667,33.583333333333336,6.166666666666667,29.0,13,2022
1229,Liudmila Samsonova,8.0,29.0,3.0,23.0,1.0,29.0,1,2022
1230,Sorana Cirstea,3.25,40.75,5.25,28.25,5.5,32.0,4,2022
1231,Yulia Putintseva,1.0,38.0,1.0,24.0,6.0,33.0,1,2022
1232,Anhelina Kalinina,2.4,42.6,5.6,29.6,7.2,34.0,5,2022
1233,Alison Riske Amritraj,2.3333333333333335,48.833333333333336,2.0,32.333333333333336,6.333333333333333,36.0,6,2022
1234,Alize Cornet,3.5,39.166666666666664,4.166666666666667,27.333333333333332,6.333333333333333,37.0,6,2022
1235,Shelby Rogers,4.5,46.5,3.75,31.75,8.5,37.0,4,2022
1236,Aliaksandra Sasnovich,3.0,57.0,5.0,35.5,12.0,38.0,2,2022
1237,Kaia Kanepi,10.0,56.0,5.0,43.0,5.0,39.0,1,2022
1238,Sara Sorribes Tormo,0.0,29.0,2.5,21.0,5.5,40.0,2,2022
1239,Shuai Zhang,2.875,46.875,1.5,32.875,5.25,41.0,8,2022
1240,Irina Camelia Begu,4.0,34.5,3.0,27.0,1.0,43.0,2,2022
1241,Ajla Tomljanovic,2.857142857142857,44.714285714285715,4.285714285714286,31.714285714285715,7.428571428571429,44.0,7,2022
1242,Alison Van Uytvanck,2.5,45.0,2.0,31.0,8.0,46.0,2,2022
1243,Qinwen Zheng,7.5,37.5,6.0,29.5,4.5,52.0,2,2022
1244,Viktorija Golubic,0.0,34.75,1.25,22.5,4.5,55.0,4,2022
1245,Caroline Garcia,9.1,54.6,2.8,40.3,7.4,55.0,10,2022
1246,Elena Gabriela Ruse,2.0,52.0,7.0,34.0,6.0,55.0,1,2022
1247,Bianca Andreescu,2.8,41.0,2.2,28.2,4.8,56.0,6,2022
1248,Tamara Zidansek,2.5,48.5,2.5,30.0,8.5,58.0,2,2022
1249,Andrea Petkovic,2.0,53.0,1.0,37.0,10.0,59.0,1,2022
1250,Tereza Martincova,5.666666666666667,42.333333333333336,1.6666666666666667,33.0,1.0,60.0,3,2022
1251,Kaja Juvan,2.5,40.0,2.5,33.0,1.5,62.0,2,2022
1252,Magda Linette,5.75,45.25,3.0,34.0,3.75,65.0,4,2022
1253,Marie Bouzkova,1.5,44.0,1.5,30.25,4.25,66.0,4,2022
1254,Ann Li,2.6666666666666665,50.0,2.0,35.0,3.3333333333333335,67.0,3,2022
1255,Lucia Bronzetti,3.0,44.0,4.0,25.0,9.0,72.0,1,2022
1256,Claire Liu,7.0,46.0,3.0,39.0,2.0,75.0,1,2022
1257,Marta Kostyuk,4.666666666666667,45.333333333333336,5.0,33.0,3.6666666666666665,76.0,3,2022
1258,Xin Yu Wang,4.0,71.0,4.0,47.0,16.0,76.0,1,2022
1259,Diane Parry,2.5,42.5,1.5,26.5,10.0,77.0,2,2022
1260,Dayana Yastremska,7.5,46.5,7.0,37.0,6.0,79.0,2,2022
1261,Petra Martic,6.333333333333333,40.0,5.0,31.666666666666668,4.0,80.0,3,2022
1262,Anna Kalinskaya,1.5,52.0,1.5,32.0,9.0,81.0,2,2022
1263,Anna Karolina Schmiedlova,3.0,56.0,6.0,35.0,13.0,84.0,1,2022
1264,Greet Minnen,4.5,36.5,2.0,28.5,4.5,88.0,2,2022
1265,Dalma Galfi,8.0,58.0,3.0,41.0,6.0,89.0,1,2022
1266,Magdalena Frech,5.25,48.75,2.25,34.0,6.75,91.0,4,2022
1267,Kristina Kucova,2.0,37.0,3.0,24.0,6.0,91.0,1,2022
1268,Donna Vekic,3.6666666666666665,30.0,3.6666666666666665,22.666666666666668,3.0,92.0,3,2022
1269,Harriet Dart,2.0,38.0,2.0,23.0,5.0,94.0,1,2022
1270,Jule Niemeier,2.4,32.6,4.0,22.4,5.4,97.0,5,2022
1271,Panna Udvardy,0.0,42.0,3.0,27.0,3.0,100.0,1,2022
1272,Iga Swiatek,1.2857142857142858,44.42857142857143,1.1428571428571428,32.57142857142857,3.4285714285714284,1.0,7,2023
1273,Aryna Sabalenka,6.666666666666667,35.5,3.1666666666666665,27.666666666666668,2.6666666666666665,2.0,6,2023
1274,Elena Rybakina,7.0,33.0,1.8,27.6,1.6,3.0,5,2023
1275,Caroline Garcia,8.333333333333334,43.5,3.1666666666666665,33.333333333333336,5.0,4.0,6,2023
1276,Jessica Pegula,2.0,38.833333333333336,1.5,28.0,5.0,4.0,6,2023
1277,Ons Jabeur,4.428571428571429,34.57142857142857,2.4285714285714284,27.714285714285715,4.0,6.0,7,2023
1278,Coco Gauff,4.75,29.75,1.0,23.0,1.25,7.0,4,2023
1279,Maria Sakkari,3.25,41.25,1.5,30.0,5.75,8.0,4,2023
1280,Petra Kvitova,6.875,42.25,4.375,32.375,3.375,9.0,8,2023
1281,Daria Kasatkina,1.6666666666666667,45.0,2.6666666666666665,30.666666666666668,6.333333333333333,10.0,6,2023
1282,Barbora Krejcikova,4.6,31.0,2.6,24.6,3.2,11.0,5,2023
1283,Veronika Kudermetova,6.571428571428571,35.714285714285715,1.8571428571428572,29.142857142857142,3.142857142857143,12.0,7,2023
1284,Beatriz Haddad Maia,3.75,54.75,3.5,40.5,5.25,13.0,4,2023
1285,Belinda Bencic,4.666666666666667,48.333333333333336,5.666666666666667,36.0,7.0,14.0,3,2023
1286,Liudmila Samsonova,9.0,47.5,6.75,35.75,7.0,15.0,4,2023
1287,Jelena Ostapenko,6.0,47.125,5.0,33.875,6.75,17.0,8,2023
1288,Karolina Pliskova,9.0,56.0,5.0,46.0,6.0,18.0,1,2023
1289,Madison Keys,3.5555555555555554,48.22222222222222,1.7777777777777777,36.333333333333336,6.0,18.0,9,2023
1290,Victoria Azarenka,3.25,57.25,3.25,37.5,7.0,19.0,4,2023
1291,Donna Vekic,4.142857142857143,44.857142857142854,4.857142857142857,32.142857142857146,6.0,20.0,7,2023
1292,Magda Linette,3.0,60.75,2.5,41.25,6.25,20.0,4,2023
1293,Anastasia Potapova,1.6,46.0,5.2,34.0,6.4,21.0,5,2023
1294,Ekaterina Alexandrova,6.0,41.3,6.0,31.4,6.0,22.0,11,2023
1295,Anhelina Kalinina,2.3333333333333335,34.0,2.6666666666666665,23.333333333333332,3.3333333333333335,25.0,3,2023
1296,Bernarda Pera,7.0,46.0,4.0,36.0,3.0,27.0,1,2023
1297,Elise Mertens,7.0,34.0,9.0,27.0,3.0,28.0,1,2023
1298,Petra Martic,7.5,45.25,3.25,35.5,5.75,29.0,4,2023
1299,Irina Camelia Begu,3.0,49.0,5.0,39.0,7.0,30.0,1,2023
1300,Mayar Sherif,6.0,61.0,2.0,48.0,4.0,31.0,1,2023
1301,Katerina Siniakova,2.3333333333333335,43.0,5.0,29.666666666666668,5.5,32.0,6,2023
1302,Marie Bouzkova,1.6666666666666667,53.0,3.0,37.0,5.333333333333333,33.0,3,2023
1303,Paula Badosa,6.0,25.0,4.0,23.0,4.0,35.0,1,2023
1304,Marta Kostyuk,1.5,36.5,2.0,23.0,6.5,36.0,2,2023
1305,Bianca Andreescu,2.5,58.75,4.25,39.5,11.0,37.0,4,2023
1306,Sorana Cirstea,5.0,61.666666666666664,3.0,43.333333333333336,8.666666666666666,37.0,3,2023
1307,Sloane Stephens,2.0,30.0,5.0,20.0,3.0,39.0,1,2023
1308,Lin Zhu,1.75,45.5,1.25,32.0,7.75,39.0,4,2023
1309,Anna Blinkova,5.0,45.6,5.4,31.8,9.0,39.0,5,2023
1310,Varvara Gracheva,2.6666666666666665,34.333333333333336,2.0,25.666666666666668,3.6666666666666665,41.0,3,2023
1311,Marketa Vondrousova,3.111111111111111,42.111111111111114,3.3333333333333335,29.77777777777778,6.0,42.0,9,2023
1312,Elisabetta Cocciaretto,1.0,35.0,6.5,21.5,8.5,43.0,2,2023
1313,Linda Noskova,4.0,36.0,4.0,27.0,3.0,45.0,1,2023
1314,Camila Giorgi,5.0,28.0,6.25,20.0,5.75,47.0,4,2023
1315,Alycia Parks,5.0,30.0,5.0,21.0,7.0,51.0,1,2023
1316,Danielle Collins,1.0,41.0,1.0,32.0,5.0,52.0,1,2023
1317,Ana Bogdan,3.0,52.333333333333336,1.6666666666666667,33.666666666666664,8.333333333333334,57.0,3,2023
1318,Linda Fruhvirtova,2.5,37.0,4.5,28.0,2.0,57.0,2,2023
1319,Lesia Tsurenko,0.0,72.66666666666667,6.0,40.666666666666664,13.666666666666666,60.0,3,2023
1320,Emma Navarro,0.6666666666666666,42.0,2.0,27.0,5.333333333333333,60.0,3,2023
1321,Caty Mcnally,4.0,33.5,0.0,24.0,0.5,62.0,2,2023
1322,Lucia Bronzetti,3.0,39.333333333333336,1.0,29.666666666666668,4.666666666666667,65.0,4,2023
1323,Rebeka Masarova,4.666666666666667,41.333333333333336,2.3333333333333335,31.666666666666668,3.3333333333333335,66.0,3,2023
1324,Tatjana Maria,12.0,40.0,1.0,28.0,3.0,66.0,1,2023
1325,Aliaksandra Sasnovich,3.0,45.4,4.0,29.0,6.8,69.0,5,2023
1326,Alize Cornet,2.4,41.8,3.2,29.8,5.0,72.0,5,2023
1327,Magdalena Frech,4.25,54.75,1.25,37.25,7.25,72.0,4,2023
1328,Xiyu Wang,3.0,36.0,0.0,28.0,4.0,73.0,1,2023
1329,Xin Yu Wang,2.0,25.0,4.0,15.0,6.0,73.0,1,2023
1330,Elina Svitolina,5.6,50.0,2.4,37.2,4.2,76.0,5,2023
1331,Cristina Bucsa,6.0,76.0,4.0,48.0,11.0,78.0,1,2023
1332,Nadia Podoroska,2.0,54.5,4.0,38.5,5.5,80.0,2,2023
1333,Sara Errani,0.0,43.0,0.0,29.0,6.0,80.0,1,2023
1334,Anett Kontaveit,2.0,40.0,4.0,24.0,7.0,81.0,1,2023
1335,Elina Avanesyan,0.5,73.5,0.5,40.5,14.5,81.0,2,2023
1336,Camila Osorio,0.0,37.0,4.0,26.0,3.0,81.0,1,2023
1337,Sara Sorribes Tormo,0.0,45.0,3.0,32.0,6.0,84.0,1,2023
1338,Katie Boulter,3.0,45.0,4.0,32.5,4.5,89.0,2,2023
1339,Rebecca Marino,18.0,69.5,6.5,51.5,12.0,90.0,2,2023
1340,Leylah Fernandez,6.5,44.0,6.5,32.0,6.5,95.0,2,2023
1341,Diane Parry,2.0,74.0,2.0,43.0,9.0,96.0,1,2023
1342,Viktoriya Tomova,3.0,58.0,7.0,39.0,7.0,99.0,1,2023
1343,Iga Swiatek,4.5,33.5,1.5,28.0,2.0,1.0,2,2024
1344,Coco Gauff,3.6,26.8,1.8,22.8,1.6,2.0,5,2024
1345,Aryna Sabalenka,3.0,26.0,0.0,19.0,2.0,3.0,1,2024
1346,Elena Rybakina,6.0,33.0,2.5,26.666666666666668,4.0,4.0,6,2024
1347,Jessica Pegula,3.1666666666666665,45.166666666666664,1.6666666666666667,32.166666666666664,4.833333333333333,5.0,6,2024
1348,Marketa Vondrousova,6.0,35.0,4.0,26.0,4.0,6.0,1,2024
1349,Jasmine Paolini,1.75,47.125,1.875,31.75,6.0,7.0,8,2024
1350,Qinwen Zheng,23.0,50.0,7.0,44.0,4.0,8.0,1,2024
1351,Maria Sakkari,5.0,29.5,2.0,24.0,3.5,9.0,2,2024
1352,Ons Jabeur,4.333333333333333,37.166666666666664,2.3333333333333335,29.666666666666668,2.6666666666666665,10.0,6,2024
1353,Danielle Collins,4.0,35.333333333333336,7.666666666666667,22.666666666666668,5.666666666666667,11.0,3,2024
1354,Daria Kasatkina,2.0,48.125,5.25,31.375,7.25,12.0,8,2024
1355,Madison Keys,5.5,48.25,2.5,35.0,4.0,12.0,5,2024
1356,Jelena Ostapenko,5.0,31.4,4.8,23.2,4.6,13.0,5,2024
1357,Liudmila Samsonova,4.875,39.5,4.875,28.25,7.125,15.0,8,2024
1358,Ekaterina Alexandrova,6.8,34.6,2.6,26.8,3.2,16.0,5,2024
1359,Emma Navarro,1.5714285714285714,38.285714285714285,1.5714285714285714,27.142857142857142,4.0,17.0,7,2024
1360,Anna Kalinskaya,1.2857142857142858,38.57142857142857,2.5714285714285716,27.142857142857142,4.428571428571429,18.0,7,2024
1361,Victoria Azarenka,1.6666666666666667,29.666666666666668,3.0,21.0,3.3333333333333335,19.0,3,2024
1362,Marta Kostyuk,4.0,54.5,7.5,38.0,8.5,19.0,2,2024
1363,Beatriz Haddad Maia,0.6666666666666666,27.333333333333332,2.0,19.666666666666668,3.6666666666666665,20.0,3,2024
1364,Elina Svitolina,4.75,46.5,1.0,34.5,5.0,21.0,4,2024
1365,Caroline Garcia,6.0,34.0,6.0,27.0,9.0,24.0,1,2024
1366,Leylah Fernandez,2.5714285714285716,41.42857142857143,2.4285714285714284,30.714285714285715,5.428571428571429,25.0,7,2024
1367,Barbora Krejcikova,3.5555555555555554,49.888888888888886,4.444444444444445,36.333333333333336,6.777777777777778,25.0,9,2024
1368,Linda Noskova,6.666666666666667,49.666666666666664,3.3333333333333335,37.333333333333336,7.0,26.0,3,2024
1369,Katerina Siniakova,2.6,49.2,3.6,33.6,5.6,27.0,5,2024
1370,Dayana Yastremska,4.333333333333333,52.333333333333336,4.333333333333333,33.666666666666664,7.333333333333333,27.0,3,2024
1371,Anastasia Pavlyuchenkova,1.0,51.0,1.0,37.0,8.0,28.0,1,2024
1372,Katie Boulter,6.125,49.0,5.125,35.375,6.0,29.0,8,2024
1373,Diana Shnaider,3.7777777777777777,52.55555555555556,1.7777777777777777,34.0,7.222222222222222,30.0,9,2024
1374,Elise Mertens,6.333333333333333,30.333333333333332,4.0,23.666666666666668,3.0,32.0,3,2024
1375,Veronika Kudermetova,4.333333333333333,41.666666666666664,1.0,28.666666666666668,6.666666666666667,34.0,3,2024
1376,Yulia Putintseva,2.25,47.0,1.125,32.875,5.875,35.0,8,2024
1377,Karolina Muchova,4.0,25.5,1.0,18.5,3.5,35.0,2,2024
1378,Anastasia Potapova,3.0,36.0,2.3333333333333335,26.666666666666668,4.0,36.0,3,2024
1379,Marie Bouzkova,1.5,53.0,3.5,33.0,9.0,37.0,2,2024
1380,Donna Vekic,5.6,42.4,4.1,33.6,3.6,37.0,11,2024
1381,Yue Yuan,3.5,47.0,1.0,31.0,6.5,38.0,2,2024
1382,Xin Yu Wang,3.0,57.0,4.333333333333333,37.333333333333336,9.333333333333334,42.0,3,2024
1383,Anhelina Kalinina,1.0,19.5,2.5,16.5,1.5,44.0,2,2024
1384,Elisabetta Cocciaretto,3.6666666666666665,44.333333333333336,3.0,32.333333333333336,7.666666666666667,44.0,3,2024
1385,Clara Burel,9.0,31.0,4.0,25.0,2.0,45.0,1,2024
1386,Magda Linette,6.0,48.0,5.0,33.0,6.0,46.0,1,2024
1387,Sloane Stephens,3.5,40.5,1.5,27.0,5.5,48.0,2,2024
1388,Karolina Pliskova,6.5,64.5,7.25,45.25,6.0,50.0,4,2024
1389,Magdalena Frech,4.5,42.0,2.0,30.0,6.0,52.0,2,2024
1390,Lin Zhu,2.3333333333333335,38.333333333333336,0.6666666666666666,27.333333333333332,2.0,54.0,3,2024
1391,Tatjana Maria,7.0,90.0,9.0,62.0,15.0,56.0,1,2024
1392,Arantxa Rus,4.0,29.0,0.0,23.0,0.0,56.0,1,2024
1393,Viktoriya Tomova,4.0,51.0,1.0,34.666666666666664,6.666666666666667,58.0,3,2024
1394,Peyton Stearns,3.0,33.0,1.0,27.0,2.0,59.0,1,2024
1395,Caroline Dolehide,1.0,55.0,1.0,36.5,6.0,61.0,2,2024
1396,Cristina Bucsa,5.0,81.0,6.0,51.0,15.0,64.0,1,2024
1397,Diane Parry,9.0,34.333333333333336,2.0,25.666666666666668,5.0,64.0,3,2024
1398,Anna Blinkova,1.0,42.5,6.0,29.5,8.0,66.0,2,2024
1399,Lucia Bronzetti,4.0,46.0,5.0,30.0,14.0,67.0,1,2024
1400,Katie Volynets,0.0,62.0,0.0,35.0,11.0,69.0,1,2024
1401,Varvara Gracheva,0.0,29.0,0.0,22.0,1.0,70.0,1,2024
1402,Ashlyn Krueger,4.0,49.5,3.5,33.5,4.5,70.0,2,2024
1403,Yafan Wang,4.0,37.0,4.0,25.0,5.0,71.0,1,2024
1404,Laura Siegemund,0.0,36.0,2.0,23.0,8.0,72.0,1,2024
1405,Elina Avanesyan,0.0,42.0,2.0,27.0,8.0,77.0,1,2024
1406,Viktorija Golubic,0.0,51.0,0.0,30.0,11.0,78.0,1,2024
1407,Greet Minnen,3.0,46.0,3.6666666666666665,31.333333333333332,6.0,80.0,3,2024
1408,Daria Saville,2.0,44.0,4.0,24.5,9.0,82.0,2,2024
1409,Jessica Bouzas Maneiro,2.0,38.5,4.0,27.5,5.0,83.0,2,2024
1410,Camila Osorio,2.0,28.0,3.0,21.0,2.0,84.0,1,2024
1411,Petra Martic,10.0,55.0,5.0,41.0,7.0,85.0,1,2024
1412,Brenda Fruhvirtova,0.0,53.0,5.0,32.0,19.0,88.0,1,2024
1413,Jule Niemeier,5.0,46.333333333333336,4.666666666666667,32.0,4.666666666666667,90.0,3,2024
1414,Caroline Wozniacki,1.0,49.5,3.0,37.0,7.0,91.0,2,2024
1415,Paula Badosa,5.666666666666667,48.666666666666664,5.666666666666667,32.333333333333336,8.333333333333334,93.0,3,2024
1416,Emina Bektas,5.0,43.0,0.0,29.0,5.0,96.0,1,2024
1417,Bernarda Pera,9.0,60.5,11.5,45.5,9.0,97.0,2,2024
1418,Harriet Dart,0.5,46.0,7.5,35.0,6.0,100.0,2,2024
