,ranking_date,rank,player,points
90179,2024-12-30,1,206173,11830
90180,2024-12-30,2,100644,7915
90181,2024-12-30,3,207989,7010
90182,2024-12-30,4,126203,5100
90183,2024-12-30,5,106421,5030
90184,2024-12-30,6,134770,4255
90185,2024-12-30,7,104925,3910
90186,2024-12-30,8,126094,3760
90187,2024-12-30,9,200282,3745
90188,2024-12-30,10,105777,3350
90189,2024-12-30,11,126774,3165
90190,2024-12-30,12,126205,3145
90191,2024-12-30,13,208029,3025
90192,2024-12-30,14,200005,2765
90193,2024-12-30,15,207733,2685
90194,2024-12-30,16,128034,2640
90195,2024-12-30,17,207518,2600
90196,2024-12-30,18,126207,2585
90197,2024-12-30,19,111575,2410
90198,2024-12-30,20,209950,2355
90199,2024-12-30,21,210097,2330
90200,2024-12-30,22,200624,1985
90201,2024-12-30,23,126214,1943
90202,2024-12-30,24,200615,1865
90203,2024-12-30,25,207830,1758
90204,2024-12-30,26,111442,1745
90205,2024-12-30,27,202104,1690
90206,2024-12-30,28,208103,1660
90207,2024-12-30,29,200000,1635
90208,2024-12-30,30,202103,1620
90209,2024-12-30,31,208659,1561
90210,2024-12-30,32,207925,1472
90211,2024-12-30,33,122330,1420
90212,2024-12-30,34,126610,1380
90213,2024-12-30,35,111797,1370
90214,2024-12-30,36,132686,1355
90215,2024-12-30,37,208286,1345
90216,2024-12-30,38,206909,1335
90217,2024-12-30,39,144869,1315
90218,2024-12-30,40,134868,1280
90219,2024-12-30,41,210506,1245
90220,2024-12-30,42,105526,1240
90221,2024-12-30,43,124079,1205
90222,2024-12-30,44,209260,1198
90223,2024-12-30,45,111190,1155
90224,2024-12-30,46,106218,1150
90225,2024-12-30,47,208363,1148
90226,2024-12-30,48,210150,1136
90227,2024-12-30,49,111815,1119
90228,2024-12-30,50,209992,1115
90229,2024-12-30,51,105138,1104
90230,2024-12-30,52,105676,1037
90231,2024-12-30,53,132283,1026
90232,2024-12-30,54,200175,1021
90233,2024-12-30,55,104792,1005
90234,2024-12-30,56,133430,981
90235,2024-12-30,57,106148,981
90236,2024-12-30,58,206681,935
90237,2024-12-30,59,126239,927
90238,2024-12-30,60,126128,923
90239,2024-12-30,61,200221,845
90240,2024-12-30,62,144719,832
90241,2024-12-30,63,209070,807
90242,2024-12-30,64,106331,795
90243,2024-12-30,65,207352,784
90244,2024-12-30,66,105173,779
90245,2024-12-30,67,124186,778
90246,2024-12-30,68,126846,778
90247,2024-12-30,69,106415,776
90248,2024-12-30,70,144895,772
90249,2024-12-30,71,200267,768
90250,2024-12-30,72,111460,756
90251,2024-12-30,73,208014,746
90252,2024-12-30,74,205734,732
90253,2024-12-30,75,126127,730
90254,2024-12-30,76,200384,717
90255,2024-12-30,77,106423,716
90256,2024-12-30,78,207686,715
90257,2024-12-30,79,207680,714
90258,2024-12-30,80,122298,712
90259,2024-12-30,81,105583,710
90260,2024-12-30,82,105902,687
90261,2024-12-30,83,106000,679
90262,2024-12-30,84,106121,674
90263,2024-12-30,85,207681,661
90264,2024-12-30,86,200303,655
90265,2024-12-30,87,209113,643
90266,2024-12-30,88,124116,643
90267,2024-12-30,89,127157,640
90268,2024-12-30,90,106432,639
90269,2024-12-30,91,104926,637
90270,2024-12-30,92,208134,637
90271,2024-12-30,93,200443,636
90272,2024-12-30,94,202261,634
90273,2024-12-30,95,200325,628
90274,2024-12-30,96,105870,627
90275,2024-12-30,97,200116,624
90276,2024-12-30,98,111576,622
90277,2024-12-30,99,207985,622
90278,2024-12-30,100,105948,617
90279,2024-12-30,101,106298,616
90280,2024-12-30,102,136440,610
90281,2024-12-30,103,208233,605
90282,2024-12-30,104,105916,597
90283,2024-12-30,105,126845,591
90284,2024-12-30,106,105453,578
90285,2024-12-30,107,111153,572
90286,2024-12-30,108,208859,570
90287,2024-12-30,109,106329,566
90288,2024-12-30,110,134457,556
90289,2024-12-30,111,206499,554
90290,2024-12-30,112,207411,548
90291,2024-12-30,113,105062,542
90292,2024-12-30,114,209098,536
90293,2024-12-30,115,111513,519
90294,2024-12-30,116,208004,518
90295,2024-12-30,117,202058,515
90296,2024-12-30,118,106310,513
90297,2024-12-30,119,202358,509
90298,2024-12-30,120,111794,506
90299,2024-12-30,121,209920,500
90300,2024-12-30,122,210530,493
90301,2024-12-30,123,210262,489
90302,2024-12-30,124,106198,488
90303,2024-12-30,125,126129,474
90304,2024-12-30,126,123755,473
90305,2024-12-30,127,106075,472
90306,2024-12-30,128,209414,471
90307,2024-12-30,129,104755,470
90308,2024-12-30,130,200240,465
90309,2024-12-30,131,111456,464
90310,2024-12-30,132,144750,457
90311,2024-12-30,133,207729,452
90312,2024-12-30,134,208843,451
90313,2024-12-30,135,209857,449
90314,2024-12-30,136,127760,443
90315,2024-12-30,137,144870,442
90316,2024-12-30,138,210460,440
90317,2024-12-30,139,207678,428
90318,2024-12-30,140,200473,426
90319,2024-12-30,141,209263,424
90320,2024-12-30,142,207213,422
90321,2024-12-30,143,105477,417
90322,2024-12-30,144,105487,414
90323,2024-12-30,145,211663,409
90324,2024-12-30,146,106034,398
90325,2024-12-30,147,106283,396
90326,2024-12-30,148,105732,391
90327,2024-12-30,149,200335,389
90328,2024-12-30,150,111805,389
90329,2024-12-30,151,212021,383
90330,2024-12-30,152,106426,382
90331,2024-12-30,153,104745,380
90332,2024-12-30,154,144642,380
90333,2024-12-30,155,126409,379
90334,2024-12-30,156,208882,378
90335,2024-12-30,157,106109,377
90336,2024-12-30,158,209279,376
90337,2024-12-30,159,144817,376
90338,2024-12-30,160,209284,372
51987,2024-08-12,160,104918,368
90339,2024-12-30,161,104527,371
90340,2024-12-30,162,106296,371
90341,2024-12-30,163,105430,369
90342,2024-12-30,164,105554,364
90343,2024-12-30,165,105077,359
90344,2024-12-30,166,208260,352
90345,2024-12-30,167,109303,349
90346,2024-12-30,168,209262,345
90347,2024-12-30,169,208279,345
90348,2024-12-30,170,209409,340
90349,2024-12-30,171,210012,334
90350,2024-12-30,172,208361,332
90351,2024-12-30,173,123828,330
90352,2024-12-30,174,111454,329
90353,2024-12-30,175,200514,327
90354,2024-12-30,176,133835,326
90355,2024-12-30,177,202260,325
90356,2024-12-30,178,117357,323
90357,2024-12-30,179,105227,323
90358,2024-12-30,180,209874,318
90359,2024-12-30,181,122078,318
90360,2024-12-30,182,208169,315
90361,2024-12-30,183,123961,314
90362,2024-12-30,184,109739,313
90363,2024-12-30,185,206703,311
90364,2024-12-30,186,209147,311
90365,2024-12-30,187,126663,308
90366,2024-12-30,188,106005,307
90367,2024-12-30,189,206889,304
90368,2024-12-30,190,200647,303
90369,2024-12-30,191,207608,299
90370,2024-12-30,192,202122,299
90371,2024-12-30,193,208389,298
90372,2024-12-30,194,208230,296
90373,2024-12-30,195,126535,296
90374,2024-12-30,196,105807,292
90375,2024-12-30,197,208316,292
90376,2024-12-30,198,200587,286
90377,2024-12-30,199,200572,286
90378,2024-12-30,200,200416,286
90379,2024-12-30,201,123921,283
90380,2024-12-30,202,210319,280
90381,2024-12-30,203,210696,280
90382,2024-12-30,204,105911,280
90383,2024-12-30,205,200008,278
90384,2024-12-30,206,111505,277
90385,2024-12-30,207,105938,277
90386,2024-12-30,208,105932,273
90387,2024-12-30,209,122669,272
90388,2024-12-30,210,200188,270
90389,2024-12-30,211,200516,269
90390,2024-12-30,212,207182,269
90391,2024-12-30,213,106071,269
90392,2024-12-30,214,202262,265
90393,2024-12-30,215,106057,262
90394,2024-12-30,216,200273,261
90395,2024-12-30,217,202090,261
90396,2024-12-30,218,133975,260
90397,2024-12-30,219,200711,260
90398,2024-12-30,220,106177,259
90399,2024-12-30,221,105882,259
90400,2024-12-30,222,200259,258
90401,2024-12-30,223,126939,256
90402,2024-12-30,224,200266,255
90403,2024-12-30,225,207494,255
90404,2024-12-30,226,209903,254
90405,2024-12-30,227,144826,254
90406,2024-12-30,228,208118,253
90407,2024-12-30,229,210136,251
90408,2024-12-30,230,126149,251
90409,2024-12-30,231,206467,251
90410,2024-12-30,232,206904,251
90411,2024-12-30,233,209226,249
90412,2024-12-30,234,209860,243
90413,2024-12-30,235,208278,241
90414,2024-12-30,236,126555,241
90415,2024-12-30,237,206748,240
90416,2024-12-30,238,105683,240
90417,2024-12-30,239,200318,240
90418,2024-12-30,240,208293,240
90419,2024-12-30,241,200748,239
90420,2024-12-30,242,208353,237
90421,2024-12-30,243,202320,236
90422,2024-12-30,244,202195,235
90423,2024-12-30,245,123819,235
90424,2024-12-30,246,106187,233
90425,2024-12-30,247,208119,231
90426,2024-12-30,248,207130,231
90427,2024-12-30,249,200436,230
90428,2024-12-30,250,209406,225
90429,2024-12-30,251,207546,221
90430,2024-12-30,252,210220,219
90431,2024-12-30,253,210120,218
90432,2024-12-30,254,109054,217
90433,2024-12-30,255,105339,216
90434,2024-12-30,256,210317,216
90435,2024-12-30,257,200309,215
90436,2024-12-30,258,131905,211
90437,2024-12-30,259,106264,210
90438,2024-12-30,260,126504,209
90439,2024-12-30,261,200670,208
90440,2024-12-30,262,105841,208
90441,2024-12-30,263,209850,207
90442,2024-12-30,264,126652,206
90443,2024-12-30,265,208021,204
90444,2024-12-30,266,212063,204
90445,2024-12-30,267,106045,202
90446,2024-12-30,268,200484,200
90447,2024-12-30,269,208223,199
90448,2024-12-30,270,208819,196
90449,2024-12-30,271,208854,195
90450,2024-12-30,272,126523,194
90451,2024-12-30,273,209405,194
90452,2024-12-30,274,131934,192
90453,2024-12-30,275,209385,192
90454,2024-12-30,276,200277,191
90455,2024-12-30,277,111806,190
90456,2024-12-30,278,144973,190
90457,2024-12-30,279,144972,189
90458,2024-12-30,280,208913,189
90459,2024-12-30,281,127123,187
90460,2024-12-30,282,200329,184
90461,2024-12-30,283,133872,184
90462,2024-12-30,284,208010,183
90463,2024-12-30,285,144985,183
90464,2024-12-30,286,106398,181
90465,2024-12-30,287,106234,179
90466,2024-12-30,288,210178,179
90467,2024-12-30,289,105671,179
90468,2024-12-30,290,207231,179
90469,2024-12-30,291,105373,177
90470,2024-12-30,292,209976,176
90471,2024-12-30,293,124187,176
90472,2024-12-30,294,210340,176
90473,2024-12-30,295,209890,175
90474,2024-12-30,296,200677,174
90475,2024-12-30,297,210017,174
90476,2024-12-30,298,126107,174
90477,2024-12-30,299,208502,173
90478,2024-12-30,300,208210,173
90479,2024-12-30,301,207799,173
90480,2024-12-30,302,125847,172
90481,2024-12-30,303,105180,171
90482,2024-12-30,304,144656,170
90483,2024-12-30,305,126125,168
90484,2024-12-30,306,202199,168
90485,2024-12-30,307,206470,167
90486,2024-12-30,308,106393,166
90487,2024-12-30,309,123809,165
90488,2024-12-30,310,209191,163
90489,2024-12-30,311,111761,163
90490,2024-12-30,312,208069,161
90491,2024-12-30,313,144716,161
90492,2024-12-30,314,105575,160
90493,2024-12-30,315,144821,159
90494,2024-12-30,316,209209,158
90495,2024-12-30,317,111581,158
90496,2024-12-30,318,209899,158
90497,2024-12-30,319,202235,156
90498,2024-12-30,320,106072,156
90499,2024-12-30,321,117360,155
90500,2024-12-30,322,105952,155
90501,2024-12-30,323,207660,155
90502,2024-12-30,324,202475,154
90503,2024-12-30,325,207609,154
90504,2024-12-30,326,102093,153
90505,2024-12-30,327,111200,153
90506,2024-12-30,328,106167,153
90507,2024-12-30,329,208518,153
90508,2024-12-30,330,212082,152
90509,2024-12-30,331,106078,151
90510,2024-12-30,332,207704,151
90511,2024-12-30,333,200216,150
90512,2024-12-30,334,106203,150
90513,2024-12-30,335,209326,149
90514,2024-12-30,336,106220,149
90515,2024-12-30,337,209131,149
90516,2024-12-30,338,134329,149
90517,2024-12-30,339,105836,149
90518,2024-12-30,340,209182,149
90519,2024-12-30,341,106210,148
90520,2024-12-30,342,129911,148
90521,2024-12-30,343,209911,148
90522,2024-12-30,344,208104,148
90523,2024-12-30,345,208013,147
90524,2024-12-30,346,210556,147
90525,2024-12-30,347,207491,146
90526,2024-12-30,348,126952,145
90527,2024-12-30,349,122352,145
90528,2024-12-30,350,207663,145
90529,2024-12-30,351,110602,144
90530,2024-12-30,352,201987,143
90531,2024-12-30,353,200095,142
90532,2024-12-30,354,111578,141
90533,2024-12-30,355,106172,140
90534,2024-12-30,356,200374,140
90535,2024-12-30,357,106378,139
90536,2024-12-30,358,126185,139
90537,2024-12-30,359,144748,139
90538,2024-12-30,360,200666,138
90539,2024-12-30,361,111187,137
90540,2024-12-30,362,202146,136
90541,2024-12-30,363,212044,135
90542,2024-12-30,364,206589,135
90543,2024-12-30,365,212256,134
90544,2024-12-30,366,208364,134
90545,2024-12-30,367,124154,134
90546,2024-12-30,368,210202,133
90547,2024-12-30,369,202398,132
90548,2024-12-30,370,106043,131
90549,2024-12-30,371,208902,131
90550,2024-12-30,372,111788,131
90551,2024-12-30,373,200346,131
90552,2024-12-30,374,133297,130
90553,2024-12-30,375,106065,130
90554,2024-12-30,376,209957,129
90555,2024-12-30,377,202127,129
90556,2024-12-30,378,202075,129
90557,2024-12-30,379,202354,128
90558,2024-12-30,380,210053,127
90559,2024-12-30,381,210498,127
90560,2024-12-30,382,210338,127
90561,2024-12-30,383,123983,124
90562,2024-12-30,384,122554,123
90563,2024-12-30,385,209983,123
90564,2024-12-30,386,208262,122
90565,2024-12-30,387,126964,122
90566,2024-12-30,388,210510,122
90567,2024-12-30,389,208421,121
90568,2024-12-30,390,207764,121
90569,2024-12-30,391,106162,121
90570,2024-12-30,392,134068,121
90571,2024-12-30,393,209916,120
90572,2024-12-30,394,106232,120
90573,2024-12-30,395,106368,119
90574,2024-12-30,396,211514,119
90575,2024-12-30,397,132052,119
90576,2024-12-30,398,105655,119
90577,2024-12-30,399,106293,118
90578,2024-12-30,400,210318,118
90579,2024-12-30,401,206307,117
90580,2024-12-30,402,207669,117
90581,2024-12-30,403,200610,116
90582,2024-12-30,404,207797,116
90583,2024-12-30,405,207884,114
90584,2024-12-30,406,207415,114
90585,2024-12-30,407,210377,114
90586,2024-12-30,408,200059,113
90587,2024-12-30,409,210686,113
90588,2024-12-30,410,144645,111
90589,2024-12-30,411,111515,110
90590,2024-12-30,412,207605,110
90591,2024-12-30,413,210536,109
90592,2024-12-30,414,106292,109
90593,2024-12-30,415,105332,109
90594,2024-12-30,416,208937,109
90595,2024-12-30,417,109694,109
90596,2024-12-30,418,126340,109
90597,2024-12-30,419,202342,108
90598,2024-12-30,420,209951,108
90599,2024-12-30,421,208144,106
90600,2024-12-30,422,209984,106
90601,2024-12-30,423,106380,106
90602,2024-12-30,424,210107,105
90603,2024-12-30,425,207732,105
90604,2024-12-30,426,106348,105
90605,2024-12-30,427,105413,104
90606,2024-12-30,428,126106,103
90607,2024-12-30,429,206867,102
90608,2024-12-30,430,207484,102
90609,2024-12-30,431,105613,101
90610,2024-12-30,432,123847,101
90611,2024-12-30,433,200255,101
90612,2024-12-30,434,209254,101
90613,2024-12-30,435,207181,100
90614,2024-12-30,436,208269,100
90615,2024-12-30,437,210167,100
90616,2024-12-30,438,210398,100
90617,2024-12-30,439,209318,99
90618,2024-12-30,440,207815,99
90619,2024-12-30,441,106362,98
90620,2024-12-30,442,123795,97
90621,2024-12-30,443,211533,97
90622,2024-12-30,444,208182,97
90623,2024-12-30,445,124014,96
90624,2024-12-30,446,106137,96
90625,2024-12-30,447,127339,95
90626,2024-12-30,448,210558,94
90627,2024-12-30,449,209185,94
90628,2024-12-30,450,202148,94
90629,2024-12-30,451,110751,94
90630,2024-12-30,452,134840,93
90631,2024-12-30,453,126197,93
90632,2024-12-30,454,131911,93
90633,2024-12-30,455,200713,93
90634,2024-12-30,456,202150,93
90635,2024-12-30,457,208024,92
90636,2024-12-30,458,208300,91
90637,2024-12-30,459,105633,91
90638,2024-12-30,460,207760,90
90639,2024-12-30,461,126209,90
90640,2024-12-30,462,209334,89
90641,2024-12-30,463,106288,89
90642,2024-12-30,464,210121,89
90643,2024-12-30,465,122495,88
4578,2024-01-15,466,202385,90
90644,2024-12-30,466,207490,88
90645,2024-12-30,467,200452,88
90646,2024-12-30,468,209849,88
90647,2024-12-30,469,208078,87
90648,2024-12-30,470,210042,87
90649,2024-12-30,471,210425,87
90650,2024-12-30,472,144684,86
90651,2024-12-30,473,210000,86
90652,2024-12-30,474,132831,85
90653,2024-12-30,475,106425,85
90654,2024-12-30,476,209251,85
90655,2024-12-30,477,109318,84
90656,2024-12-30,478,202420,84
41783,2024-07-01,478,144707,90
90657,2024-12-30,479,200385,84
90658,2024-12-30,480,202359,83
90659,2024-12-30,481,200366,83
90660,2024-12-30,482,209997,83
90661,2024-12-30,483,209259,82
90662,2024-12-30,484,109686,82
90663,2024-12-30,485,123993,82
90664,2024-12-30,486,208055,82
90665,2024-12-30,487,135753,81
90666,2024-12-30,488,206750,81
90667,2024-12-30,489,208852,81
90668,2024-12-30,490,200030,80
90669,2024-12-30,491,208485,80
90670,2024-12-30,492,126762,80
90671,2024-12-30,493,144672,80
90672,2024-12-30,494,126183,79
90673,2024-12-30,495,202277,79
90674,2024-12-30,496,202147,79
90675,2024-12-30,497,208343,78
90676,2024-12-30,498,208342,78
90677,2024-12-30,499,207502,78
90678,2024-12-30,500,210200,78
62949,2024-09-23,501,210297,80
90679,2024-12-30,501,208046,77
90680,2024-12-30,502,121411,76
90681,2024-12-30,503,131910,76
90682,2024-12-30,504,117359,76
90683,2024-12-30,505,207969,75
90684,2024-12-30,506,105815,75
90685,2024-12-30,507,105700,75
90686,2024-12-30,508,202418,75
90687,2024-12-30,509,208328,75
90688,2024-12-30,510,206912,74
90689,2024-12-30,511,211902,74
90690,2024-12-30,512,207998,74
90691,2024-12-30,513,209931,74
90692,2024-12-30,514,208253,74
90693,2024-12-30,515,211500,74
90694,2024-12-30,516,122113,74
90695,2024-12-30,517,207728,74
90696,2024-12-30,518,149282,73
90697,2024-12-30,519,200462,73
90698,2024-12-30,520,200075,73
90699,2024-12-30,521,210682,73
90700,2024-12-30,522,210748,73
90701,2024-12-30,523,207129,73
90702,2024-12-30,524,106233,72
90703,2024-12-30,525,210039,72
90704,2024-12-30,526,200070,72
90705,2024-12-30,527,131951,71
90706,2024-12-30,528,105539,71
90707,2024-12-30,529,209302,71
90708,2024-12-30,530,126208,71
90709,2024-12-30,531,209163,71
90710,2024-12-30,532,210044,71
90711,2024-12-30,533,207239,71
90712,2024-12-30,534,208322,71
90713,2024-12-30,535,106249,70
90714,2024-12-30,536,208143,70
90715,2024-12-30,537,208158,70
90716,2024-12-30,538,208876,70
90717,2024-12-30,539,105011,69
90718,2024-12-30,540,106327,69
90719,2024-12-30,541,210214,69
90720,2024-12-30,542,210721,69
90721,2024-12-30,543,208071,69
90722,2024-12-30,544,209907,68
90723,2024-12-30,545,207987,68
90724,2024-12-30,546,106281,67
90725,2024-12-30,547,209863,67
90726,2024-12-30,548,202333,67
90727,2024-12-30,549,210132,66
90728,2024-12-30,550,110618,66
90729,2024-12-30,551,207992,65
90730,2024-12-30,552,200495,65
90731,2024-12-30,553,208540,64
90732,2024-12-30,554,207186,64
90733,2024-12-30,555,132744,64
90734,2024-12-30,556,134794,64
90735,2024-12-30,557,209322,64
90736,2024-12-30,558,209416,63
90737,2024-12-30,559,200228,63
90738,2024-12-30,560,122536,63
90739,2024-12-30,561,202271,62
90740,2024-12-30,562,105806,62
90741,2024-12-30,563,211774,62
90742,2024-12-30,564,211577,62
90743,2024-12-30,565,125806,62
90744,2024-12-30,566,209080,61
90745,2024-12-30,567,209875,61
90746,2024-12-30,568,209278,61
90747,2024-12-30,569,126177,61
90748,2024-12-30,570,208240,61
90749,2024-12-30,571,200331,61
90750,2024-12-30,572,211639,61
90751,2024-12-30,573,208025,60
90752,2024-12-30,574,209959,60
90753,2024-12-30,575,200672,60
90754,2024-12-30,576,210553,60
90755,2024-12-30,577,208605,60
90756,2024-12-30,578,208457,59
90757,2024-12-30,579,207785,59
90758,2024-12-30,580,126206,59
90759,2024-12-30,581,111436,59
90760,2024-12-30,582,200321,59
90761,2024-12-30,583,208861,59
90762,2024-12-30,584,134389,59
90763,2024-12-30,585,106290,59
90764,2024-12-30,586,144751,58
90765,2024-12-30,587,211346,58
90766,2024-12-30,588,106291,58
90767,2024-12-30,589,126120,58
90768,2024-12-30,590,212309,58
90769,2024-12-30,591,211325,58
90770,2024-12-30,592,210399,58
90771,2024-12-30,593,202168,58
90772,2024-12-30,594,209943,58
90773,2024-12-30,595,105814,57
90774,2024-12-30,596,209407,57
90775,2024-12-30,597,210005,57
90776,2024-12-30,598,202197,57
90777,2024-12-30,599,205842,57
90778,2024-12-30,600,209362,57
90779,2024-12-30,601,207171,57
90780,2024-12-30,602,202113,57
90781,2024-12-30,603,208189,57
90782,2024-12-30,604,144814,57
90783,2024-12-30,605,200611,56
90784,2024-12-30,606,209330,56
90785,2024-12-30,607,209887,56
90786,2024-12-30,608,200550,56
90787,2024-12-30,609,211661,56
90788,2024-12-30,610,105731,55
90789,2024-12-30,611,210412,55
90790,2024-12-30,612,206758,54
90791,2024-12-30,613,144915,54
90792,2024-12-30,614,207803,54
90793,2024-12-30,615,144970,54
90794,2024-12-30,616,209128,54
90795,2024-12-30,617,207657,54
90796,2024-12-30,618,105943,53
90797,2024-12-30,619,144918,53
90798,2024-12-30,620,210119,53
90799,2024-12-30,621,122533,53
90800,2024-12-30,622,144923,52
90801,2024-12-30,623,126156,51
90802,2024-12-30,624,202400,51
90803,2024-12-30,625,202239,51
90804,2024-12-30,626,208257,51
90805,2024-12-30,627,202128,51
90806,2024-12-30,628,200661,51
90807,2024-12-30,629,207708,51
90808,2024-12-30,630,210142,51
90809,2024-12-30,631,212598,51
90810,2024-12-30,632,200218,50
90811,2024-12-30,633,210077,50
90812,2024-12-30,634,209956,50
90813,2024-12-30,635,104932,50
90814,2024-12-30,636,211596,50
90815,2024-12-30,637,144907,50
90816,2024-12-30,638,106186,49
90817,2024-12-30,639,210472,49
90818,2024-12-30,640,105936,49
90819,2024-12-30,641,106040,49
90820,2024-12-30,642,212202,49
90821,2024-12-30,643,211324,49
90822,2024-12-30,644,209142,49
90823,2024-12-30,645,105561,48
90824,2024-12-30,646,211898,48
90825,2024-12-30,647,209518,48
90826,2024-12-30,648,126627,48
90827,2024-12-30,649,210105,48
90828,2024-12-30,650,212130,48
90829,2024-12-30,651,134276,48
90830,2024-12-30,652,212216,47
90831,2024-12-30,653,209355,47
90832,2024-12-30,654,207595,47
90833,2024-12-30,655,202346,47
90834,2024-12-30,656,200297,47
90835,2024-12-30,657,105944,46
90836,2024-12-30,658,105589,46
90837,2024-12-30,659,211501,46
90838,2024-12-30,660,202234,46
56728,2024-08-26,660,104545,45
90839,2024-12-30,661,202077,46
90840,2024-12-30,662,210285,46
90841,2024-12-30,663,202209,46
90842,2024-12-30,664,210223,46
90843,2024-12-30,665,209088,45
90844,2024-12-30,666,124001,45
90845,2024-12-30,667,210025,45
90846,2024-12-30,668,126723,45
90847,2024-12-30,669,207527,45
90848,2024-12-30,670,209871,45
90849,2024-12-30,671,106397,45
39883,2024-06-24,672,103852,45
90850,2024-12-30,672,207784,45
90851,2024-12-30,673,209167,44
90852,2024-12-30,674,207202,44
90853,2024-12-30,675,207788,44
90854,2024-12-30,676,200632,44
90855,2024-12-30,677,208334,44
90856,2024-12-30,678,202305,44
90857,2024-12-30,679,207557,44
90858,2024-12-30,680,210320,43
90859,2024-12-30,681,209079,43
90860,2024-12-30,682,134472,43
90861,2024-12-30,683,210093,43
90862,2024-12-30,684,207834,43
90863,2024-12-30,685,208297,43
90864,2024-12-30,686,210145,43
90865,2024-12-30,687,206553,42
90866,2024-12-30,688,124040,42
90867,2024-12-30,689,126536,42
90868,2024-12-30,690,209904,42
90869,2024-12-30,691,209512,41
90870,2024-12-30,692,144927,41
90871,2024-12-30,693,210604,41
90872,2024-12-30,694,202089,41
90873,2024-12-30,695,208132,41
90874,2024-12-30,696,208057,41
90875,2024-12-30,697,209360,41
90876,2024-12-30,698,144841,40
90877,2024-12-30,699,200265,40
90878,2024-12-30,700,208117,40
90879,2024-12-30,701,209038,40
90880,2024-12-30,702,210683,40
90881,2024-12-30,703,210668,40
90882,2024-12-30,704,209337,40
90883,2024-12-30,705,208126,40
90884,2024-12-30,706,133820,40
90885,2024-12-30,707,202356,40
90886,2024-12-30,708,209280,39
90887,2024-12-30,709,105657,39
90888,2024-12-30,710,210494,39
90889,2024-12-30,711,200445,39
90890,2024-12-30,712,212134,39
90891,2024-12-30,713,212285,38
90892,2024-12-30,714,207776,38
90893,2024-12-30,715,210250,38
90894,2024-12-30,716,206749,38
90895,2024-12-30,717,117353,37
90896,2024-12-30,718,207383,37
90897,2024-12-30,719,117356,37
90898,2024-12-30,720,206556,37
90899,2024-12-30,721,211504,37
90900,2024-12-30,722,209403,37
90901,2024-12-30,723,206600,37
90902,2024-12-30,724,133997,37
90903,2024-12-30,725,200270,37
90904,2024-12-30,726,105311,36
90905,2024-12-30,727,106227,36
90906,2024-12-30,728,206573,36
90907,2024-12-30,729,208909,36
90908,2024-12-30,730,200184,36
90909,2024-12-30,731,207535,36
90910,2024-12-30,732,211790,35
90911,2024-12-30,733,105577,35
90912,2024-12-30,734,210028,35
90913,2024-12-30,735,209898,35
90914,2024-12-30,736,202124,35
90915,2024-12-30,737,106214,34
90916,2024-12-30,738,209866,34
90917,2024-12-30,739,209962,34
90918,2024-12-30,740,210129,34
90919,2024-12-30,741,202106,34
90920,2024-12-30,742,105868,34
90921,2024-12-30,743,202247,34
90922,2024-12-30,744,212405,33
90923,2024-12-30,745,200595,33
90924,2024-12-30,746,211394,33
90925,2024-12-30,747,210731,33
90926,2024-12-30,748,207220,33
90927,2024-12-30,749,200574,33
90928,2024-12-30,750,209164,33
90929,2024-12-30,751,211594,33
90930,2024-12-30,752,210052,33
90931,2024-12-30,753,210140,33
90932,2024-12-30,754,202326,33
90933,2024-12-30,755,132054,33
90934,2024-12-30,756,208153,33
90935,2024-12-30,757,210382,33
90936,2024-12-30,758,200220,33
90937,2024-12-30,759,210116,32
90938,2024-12-30,760,126237,32
90939,2024-12-30,761,132041,32
90940,2024-12-30,762,105181,32
90941,2024-12-30,763,106099,32
90942,2024-12-30,764,208083,32
90943,2024-12-30,765,200703,32
90944,2024-12-30,766,212193,32
90945,2024-12-30,767,207809,31
90946,2024-12-30,768,200456,31
90947,2024-12-30,769,202183,31
90948,2024-12-30,770,200565,31
90949,2024-12-30,771,210623,31
90950,2024-12-30,772,144730,31
90951,2024-12-30,773,209095,31
90952,2024-12-30,774,212258,31
90953,2024-12-30,775,212089,31
90954,2024-12-30,776,133794,31
90955,2024-12-30,777,208586,31
90956,2024-12-30,778,210672,31
90957,2024-12-30,779,200214,30
90958,2024-12-30,780,202363,30
90959,2024-12-30,781,145001,30
90960,2024-12-30,782,211366,30
90961,2024-12-30,783,209247,30
90962,2024-12-30,784,208285,30
90963,2024-12-30,785,209258,30
90964,2024-12-30,786,148679,29
90965,2024-12-30,787,105641,29
90966,2024-12-30,788,106044,29
90967,2024-12-30,789,207878,29
90968,2024-12-30,790,126573,29
90969,2024-12-30,791,206662,29
90970,2024-12-30,792,126216,29
90971,2024-12-30,793,210650,29
90972,2024-12-30,794,210393,29
90973,2024-12-30,795,144788,29
90974,2024-12-30,796,208147,29
90975,2024-12-30,797,202230,29
90976,2024-12-30,798,105359,28
90977,2024-12-30,799,105819,28
90978,2024-12-30,800,117352,28
90979,2024-12-30,801,106391,28
90980,2024-12-30,802,211451,28
90981,2024-12-30,803,211727,28
90982,2024-12-30,804,210464,28
90983,2024-12-30,805,209865,28
90984,2024-12-30,806,132573,28
90985,2024-12-30,807,211901,28
90986,2024-12-30,808,212241,28
17250,2024-03-04,808,106058,25
90987,2024-12-30,809,212020,28
90988,2024-12-30,810,138485,27
90989,2024-12-30,811,206325,27
90990,2024-12-30,812,208044,27
90991,2024-12-30,813,209985,27
90992,2024-12-30,814,200455,27
90993,2024-12-30,815,212051,27
90994,2024-12-30,816,210705,27
90995,2024-12-30,817,207404,27
90996,2024-12-30,818,132999,27
90997,2024-12-30,819,208063,27
90998,2024-12-30,820,210455,27
90999,2024-12-30,821,209060,26
91000,2024-12-30,822,209354,26
91001,2024-12-30,823,126283,26
91002,2024-12-30,824,211767,26
91003,2024-12-30,825,209203,26
91004,2024-12-30,826,133014,26
91005,2024-12-30,827,208186,26
91006,2024-12-30,828,210054,26
91007,2024-12-30,829,213003,25
91008,2024-12-30,830,211638,25
91009,2024-12-30,831,210221,25
91010,2024-12-30,832,210744,25
91011,2024-12-30,833,207934,25
91012,2024-12-30,834,210091,25
91013,2024-12-30,835,208051,25
91014,2024-12-30,836,206746,25
91015,2024-12-30,837,200024,25
91016,2024-12-30,838,212077,25
91017,2024-12-30,839,200263,25
91018,2024-12-30,840,208806,25
91019,2024-12-30,841,211542,25
42146,2024-07-01,841,104655,24
91020,2024-12-30,842,109734,24
91021,2024-12-30,843,106228,24
91022,2024-12-30,844,212221,24
91023,2024-12-30,845,211409,24
91024,2024-12-30,846,208411,24
91025,2024-12-30,847,212306,24
91026,2024-12-30,848,133224,24
91027,2024-12-30,849,210155,24
91028,2024-12-30,850,122294,24
91029,2024-12-30,851,211676,24
91030,2024-12-30,852,210294,23
91031,2024-12-30,853,210545,23
91032,2024-12-30,854,110748,23
91033,2024-12-30,855,132374,23
91034,2024-12-30,856,211322,23
91035,2024-12-30,857,209399,23
91036,2024-12-30,858,111568,23
91037,2024-12-30,859,126337,22
91038,2024-12-30,860,106352,22
91039,2024-12-30,861,202081,22
91040,2024-12-30,862,200681,22
91041,2024-12-30,863,210569,22
91042,2024-12-30,864,210652,22
91043,2024-12-30,865,202290,21
91044,2024-12-30,866,208467,21
91045,2024-12-30,867,212219,21
91046,2024-12-30,868,207200,21
91047,2024-12-30,869,105747,21
91048,2024-12-30,870,209043,21
870,2024-01-01,871,126646,20
91049,2024-12-30,871,207463,21
91050,2024-12-30,872,210670,21
91051,2024-12-30,873,211758,21
91052,2024-12-30,874,132837,21
91053,2024-12-30,875,123768,21
91054,2024-12-30,876,209971,21
91055,2024-12-30,877,208250,21
91056,2024-12-30,878,210143,20
91057,2024-12-30,879,138821,20
91058,2024-12-30,880,211617,20
91059,2024-12-30,881,134120,20
91060,2024-12-30,882,208874,20
91061,2024-12-30,883,210110,20
91062,2024-12-30,884,200125,20
91063,2024-12-30,885,210408,20
91064,2024-12-30,886,207277,20
91065,2024-12-30,887,106132,20
91066,2024-12-30,888,144932,20
91067,2024-12-30,889,208277,20
91068,2024-12-30,890,202334,20
91069,2024-12-30,891,121264,20
91070,2024-12-30,892,210252,20
5005,2024-01-15,893,105208,18
91071,2024-12-30,893,200441,20
46385,2024-07-22,893,104269,20
91072,2024-12-30,894,210048,19
91073,2024-12-30,895,144681,19
91074,2024-12-30,896,212588,19
91075,2024-12-30,897,144682,19
91076,2024-12-30,898,207601,19
91077,2024-12-30,899,213149,19
91078,2024-12-30,900,207592,19
91079,2024-12-30,901,207793,19
91080,2024-12-30,902,210687,19
91081,2024-12-30,903,210295,19
91082,2024-12-30,904,209937,19
91083,2024-12-30,905,111579,19
91084,2024-12-30,906,125848,19
91085,2024-12-30,907,134384,19
91086,2024-12-30,908,210557,19
91087,2024-12-30,909,211391,19
91088,2024-12-30,910,207412,19
91089,2024-12-30,911,211707,19
91090,2024-12-30,912,202192,19
91091,2024-12-30,913,208152,19
91092,2024-12-30,914,209233,19
91093,2024-12-30,915,209917,18
91094,2024-12-30,916,104729,18
91095,2024-12-30,917,211566,18
91096,2024-12-30,918,208925,18
91097,2024-12-30,919,211411,18
91098,2024-12-30,920,126335,18
91099,2024-12-30,921,209986,18
91100,2024-12-30,922,210526,18
91102,2024-12-30,923,210098,18
91101,2024-12-30,923,210163,18
91103,2024-12-30,925,210063,18
91105,2024-12-30,926,210312,18
91104,2024-12-30,926,207831,18
91106,2024-12-30,928,132017,18
91107,2024-12-30,929,207340,18
91108,2024-12-30,930,211530,18
91109,2024-12-30,931,211627,18
91110,2024-12-30,932,210684,18
91111,2024-12-30,933,202366,17
91112,2024-12-30,934,210188,17
91113,2024-12-30,935,212251,17
91114,2024-12-30,936,120922,17
91115,2024-12-30,937,209510,17
91116,2024-12-30,938,209972,17
67642,2024-10-14,939,105643,16
91117,2024-12-30,939,209246,17
91118,2024-12-30,940,200665,17
91119,2024-12-30,941,200176,17
91120,2024-12-30,942,210254,17
91121,2024-12-30,943,202190,17
91122,2024-12-30,944,208386,17
91123,2024-12-30,945,210537,17
65519,2024-09-30,945,200003,16
91124,2024-12-30,946,210477,17
91125,2024-12-30,947,212171,17
91126,2024-12-30,948,211564,17
91127,2024-12-30,949,134518,17
91128,2024-12-30,950,209391,17
91129,2024-12-30,951,200276,17
91130,2024-12-30,952,207649,16
91131,2024-12-30,953,104907,16
91132,2024-12-30,954,208693,16
91133,2024-12-30,955,208049,16
91135,2024-12-30,956,144665,16
91134,2024-12-30,956,207907,16
91136,2024-12-30,958,212259,16
91137,2024-12-30,959,125833,16
91138,2024-12-30,960,200330,16
91139,2024-12-30,961,200671,16
91140,2024-12-30,962,210003,16
91141,2024-12-30,963,208649,16
91142,2024-12-30,964,209921,16
91143,2024-12-30,965,208532,16
91144,2024-12-30,966,212090,16
91145,2024-12-30,967,211474,16
91146,2024-12-30,968,200007,15
91147,2024-12-30,969,105638,15
91148,2024-12-30,970,200598,15
91149,2024-12-30,971,210011,15
91150,2024-12-30,972,212129,15
91151,2024-12-30,973,210436,15
91152,2024-12-30,974,126953,15
91153,2024-12-30,975,211495,15
91155,2024-12-30,977,210613,15
91156,2024-12-30,978,208653,15
91157,2024-12-30,979,202275,15
91158,2024-12-30,980,207507,15
91159,2024-12-30,981,207368,15
91160,2024-12-30,982,207134,15
91161,2024-12-30,983,210229,15
91162,2024-12-30,984,202125,15
91163,2024-12-30,985,208249,15
91164,2024-12-30,986,126328,15
91165,2024-12-30,987,200199,15
91166,2024-12-30,988,209253,15
91167,2024-12-30,989,207478,15
91168,2024-12-30,990,209925,15
91169,2024-12-30,991,200187,15
91170,2024-12-30,991,209314,15
91171,2024-12-30,993,211649,15
91173,2024-12-30,994,105060,15
91172,2024-12-30,994,211524,15
91174,2024-12-30,996,126581,15
91175,2024-12-30,997,210157,14
91176,2024-12-30,998,202154,14
91177,2024-12-30,999,122474,14
91178,2024-12-30,1000,208431,14
91179,2024-12-30,1001,126165,14
91180,2024-12-30,1002,106322,14
91181,2024-12-30,1003,211479,14
91182,2024-12-30,1004,212284,14
91183,2024-12-30,1005,202374,14
91184,2024-12-30,1006,200622,14
91185,2024-12-30,1007,106168,14
91186,2024-12-30,1008,208897,14
91187,2024-12-30,1009,209402,14
91188,2024-12-30,1010,126878,14
91190,2024-12-30,1011,212552,14
91189,2024-12-30,1011,206782,14
91191,2024-12-30,1013,210733,14
91192,2024-12-30,1014,208613,14
91193,2024-12-30,1015,207343,14
91194,2024-12-30,1016,212743,14
91195,2024-12-30,1017,105449,13
91196,2024-12-30,1018,111511,13
91197,2024-12-30,1019,123896,13
91198,2024-12-30,1020,122571,13
91199,2024-12-30,1021,109946,13
91200,2024-12-30,1022,209140,13
91201,2024-12-30,1023,208267,13
91202,2024-12-30,1024,207993,13
91203,2024-12-30,1025,210714,13
91204,2024-12-30,1026,208873,13
91205,2024-12-30,1027,209158,13
91206,2024-12-30,1028,200012,13
91207,2024-12-30,1029,212305,13
91208,2024-12-30,1030,209513,13
91209,2024-12-30,1031,211761,13
91210,2024-12-30,1032,212272,13
91211,2024-12-30,1033,149278,13
91212,2024-12-30,1034,207738,13
91213,2024-12-30,1035,208668,13
91214,2024-12-30,1036,210434,13
91215,2024-12-30,1037,212788,12
91216,2024-12-30,1038,202269,12
91217,2024-12-30,1039,209936,12
91218,2024-12-30,1040,210730,12
91219,2024-12-30,1041,202181,12
91220,2024-12-30,1042,210473,12
91221,2024-12-30,1043,207777,12
91222,2024-12-30,1044,210149,12
91223,2024-12-30,1045,202378,12
91224,2024-12-30,1046,209867,12
91226,2024-12-30,1047,202345,12
91225,2024-12-30,1047,106206,12
91227,2024-12-30,1049,133880,12
91228,2024-12-30,1050,210746,12
91229,2024-12-30,1051,210565,12
91230,2024-12-30,1052,210166,12
91231,2024-12-30,1053,207183,12
91232,2024-12-30,1053,211708,12
57122,2024-08-26,1054,105514,11
91233,2024-12-30,1055,208265,12
91234,2024-12-30,1056,208006,12
91235,2024-12-30,1057,210470,12
91236,2024-12-30,1058,202258,12
91237,2024-12-30,1059,212183,12
91238,2024-12-30,1060,207248,12
91239,2024-12-30,1061,205887,12
91240,2024-12-30,1061,210409,12
91241,2024-12-30,1063,211628,12
91242,2024-12-30,1064,211768,12
91243,2024-12-30,1065,149842,11
91244,2024-12-30,1066,212914,11
91245,2024-12-30,1067,211647,11
91246,2024-12-30,1068,202126,11
91247,2024-12-30,1069,210274,11
91248,2024-12-30,1070,209889,11
91249,2024-12-30,1071,212518,11
91250,2024-12-30,1072,208003,11
91251,2024-12-30,1073,104986,11
91252,2024-12-30,1074,208264,11
91253,2024-12-30,1075,111801,11
91254,2024-12-30,1076,200639,11
42382,2024-07-01,1077,104871,10
91255,2024-12-30,1077,212461,11
91256,2024-12-30,1078,210483,11
91257,2024-12-30,1079,206923,11
57147,2024-08-26,1079,105226,10
57148,2024-08-26,1079,105550,10
91258,2024-12-30,1080,202052,11
91259,2024-12-30,1081,200207,11
57149,2024-08-26,1081,125802,10
91260,2024-12-30,1082,212726,11
91261,2024-12-30,1083,212190,11
91262,2024-12-30,1084,211621,11
91263,2024-12-30,1085,206916,11
91264,2024-12-30,1086,210153,11
91265,2024-12-30,1087,212160,11
91266,2024-12-30,1088,200050,11
91267,2024-12-30,1089,208151,11
91268,2024-12-30,1090,132584,11
5202,2024-01-15,1090,105216,8
91269,2024-12-30,1091,210047,11
91270,2024-12-30,1091,210507,11
91271,2024-12-30,1093,134405,11
91272,2024-12-30,1094,208160,11
91273,2024-12-30,1095,124099,11
91274,2024-12-30,1096,209952,10
48689,2024-07-29,1096,105614,10
91276,2024-12-30,1096,208320,10
48688,2024-07-29,1096,106216,10
91277,2024-12-30,1096,106064,10
91275,2024-12-30,1096,210478,10
17540,2024-03-04,1098,105406,8
91278,2024-12-30,1100,105967,10
91279,2024-12-30,1101,209274,10
17544,2024-03-04,1102,104665,8
91281,2024-12-30,1102,207664,10
91280,2024-12-30,1102,212174,10
91282,2024-12-30,1104,111202,10
91283,2024-12-30,1105,129814,10
91284,2024-12-30,1106,210183,10
91285,2024-12-30,1107,149145,10
91286,2024-12-30,1108,202369,10
91287,2024-12-30,1109,105877,10
91288,2024-12-30,1110,212576,10
91289,2024-12-30,1111,212465,10
91290,2024-12-30,1112,207994,10
91291,2024-12-30,1113,200474,10
91292,2024-12-30,1114,210236,10
91293,2024-12-30,1115,211323,10
91294,2024-12-30,1116,132018,10
91295,2024-12-30,1117,209885,10
91296,2024-12-30,1118,210577,10
91297,2024-12-30,1119,212533,10
91298,2024-12-30,1120,106175,10
91299,2024-12-30,1121,211756,10
91300,2024-12-30,1122,210754,10
91301,2024-12-30,1123,208294,10
91302,2024-12-30,1124,210265,10
50833,2024-08-05,1125,200096,9
91303,2024-12-30,1125,144744,10
91304,2024-12-30,1126,200197,10
91305,2024-12-30,1127,210227,9
91306,2024-12-30,1128,111192,9
91307,2024-12-30,1129,127143,9
91308,2024-12-30,1130,210522,9
91309,2024-12-30,1131,133291,9
91310,2024-12-30,1132,208603,9
91311,2024-12-30,1133,209417,9
91312,2024-12-30,1134,210535,9
91313,2024-12-30,1135,200608,9
91314,2024-12-30,1136,212852,9
91315,2024-12-30,1137,126488,9
91316,2024-12-30,1138,210742,9
91317,2024-12-30,1139,212837,9
91318,2024-12-30,1140,202244,9
91320,2024-12-30,1141,210218,9
91319,2024-12-30,1141,208216,9
91321,2024-12-30,1143,200390,9
91322,2024-12-30,1144,212900,9
91323,2024-12-30,1145,209999,9
91324,2024-12-30,1146,207957,9
91325,2024-12-30,1147,207676,9
91326,2024-12-30,1147,210115,9
91327,2024-12-30,1149,144731,9
91328,2024-12-30,1150,210447,9
57219,2024-08-26,1151,104731,8
57221,2024-08-26,1151,208565,8
91329,2024-12-30,1151,212481,9
78458,2024-11-18,1152,207901,8
91330,2024-12-30,1152,126193,9
91331,2024-12-30,1153,144925,9
91332,2024-12-30,1154,200315,9
91333,2024-12-30,1154,149268,9
91334,2024-12-30,1156,126971,9
91336,2024-12-30,1157,210533,9
91335,2024-12-30,1157,124074,9
76339,2024-11-11,1157,111197,8
91337,2024-12-30,1159,210745,9
78465,2024-11-18,1159,210034,8
91338,2024-12-30,1160,212029,9
59357,2024-09-09,1160,111181,8
91339,2024-12-30,1161,210753,9
91340,2024-12-30,1162,105357,8
91342,2024-12-30,1163,200086,8
91341,2024-12-30,1163,210523,8
91343,2024-12-30,1165,211315,8
91344,2024-12-30,1166,211317,8
91345,2024-12-30,1167,144984,8
91346,2024-12-30,1168,212930,8
91348,2024-12-30,1169,212857,8
91347,2024-12-30,1169,207249,8
91349,2024-12-30,1171,211558,8
91350,2024-12-30,1172,200108,8
91351,2024-12-30,1173,209120,8
91352,2024-12-30,1174,212137,8
91353,2024-12-30,1175,208372,8
91354,2024-12-30,1176,212780,8
91355,2024-12-30,1177,211503,8
91356,2024-12-30,1178,209171,8
91357,2024-12-30,1179,210514,8
91358,2024-12-30,1180,208099,8
91359,2024-12-30,1180,210419,8
91360,2024-12-30,1182,208840,8
91361,2024-12-30,1183,209264,8
91362,2024-12-30,1184,212288,8
1184,2024-01-01,1185,106026,6
91363,2024-12-30,1185,110773,8
91364,2024-12-30,1186,200606,8
91365,2024-12-30,1187,212562,8
65763,2024-09-30,1188,105155,7
91366,2024-12-30,1188,207461,8
91368,2024-12-30,1189,209910,8
91367,2024-12-30,1189,206805,8
91369,2024-12-30,1189,208401,8
91371,2024-12-30,1192,110596,8
91370,2024-12-30,1192,210645,8
91372,2024-12-30,1194,200479,8
91373,2024-12-30,1195,209955,8
91374,2024-12-30,1196,144949,8
91375,2024-12-30,1197,212286,8
91376,2024-12-30,1198,211407,8
91377,2024-12-30,1199,209978,8
91378,2024-12-30,1200,210505,8
91379,2024-12-30,1201,212230,8
91380,2024-12-30,1202,104898,7
91381,2024-12-30,1203,212127,7
91382,2024-12-30,1204,206921,7
91383,2024-12-30,1205,208237,7
91384,2024-12-30,1205,104559,7
91385,2024-12-30,1207,207682,7
91387,2024-12-30,1208,126135,7
91386,2024-12-30,1208,212022,7
91388,2024-12-30,1210,212068,7
91389,2024-12-30,1210,211493,7
91390,2024-12-30,1212,209882,7
91391,2024-12-30,1213,209267,7
91392,2024-12-30,1214,101495,7
91393,2024-12-30,1215,202165,7
91394,2024-12-30,1216,200538,7
91395,2024-12-30,1217,212098,7
91396,2024-12-30,1218,211700,7
91397,2024-12-30,1219,212280,7
91398,2024-12-30,1220,209325,7
91399,2024-12-30,1221,212831,7
91401,2024-12-30,1222,132209,7
91400,2024-12-30,1222,209517,7
91402,2024-12-30,1224,208866,7
91403,2024-12-30,1225,210329,7
91404,2024-12-30,1226,208844,7
91405,2024-12-30,1226,212244,7
91408,2024-12-30,1228,211333,7
91406,2024-12-30,1228,202220,7
91407,2024-12-30,1228,200279,7
13570,2024-02-19,1230,105432,5
91409,2024-12-30,1231,210260,7
91410,2024-12-30,1231,212888,7
91411,2024-12-30,1233,149108,7
91413,2024-12-30,1234,212832,7
91412,2024-12-30,1234,210424,7
91414,2024-12-30,1236,209940,7
91415,2024-12-30,1236,202279,7
91416,2024-12-30,1238,144955,7
91417,2024-12-30,1239,210185,7
91418,2024-12-30,1240,208816,7
91419,2024-12-30,1241,212274,7
91420,2024-12-30,1242,212603,7
91421,2024-12-30,1242,200166,7
91422,2024-12-30,1244,213007,7
91423,2024-12-30,1245,208466,7
91424,2024-12-30,1246,124045,7
91425,2024-12-30,1247,149266,7
91426,2024-12-30,1248,200310,7
91427,2024-12-30,1249,212139,7
91428,2024-12-30,1250,202357,7
91429,2024-12-30,1251,207893,7
91431,2024-12-30,1252,106254,6
91432,2024-12-30,1252,213631,6
91430,2024-12-30,1252,213137,6
63703,2024-09-23,1255,208243,6
91433,2024-12-30,1255,117361,6
91434,2024-12-30,1256,212293,6
91435,2024-12-30,1257,213042,6
91436,2024-12-30,1258,207230,6
91437,2024-12-30,1259,210370,6
91439,2024-12-30,1260,212203,6
91440,2024-12-30,1260,133933,6
91438,2024-12-30,1260,200541,6
91441,2024-12-30,1263,210747,6
91442,2024-12-30,1263,212749,6
91443,2024-12-30,1265,213178,6
91444,2024-12-30,1265,212958,6
91445,2024-12-30,1267,123818,6
91446,2024-12-30,1268,126505,6
91447,2024-12-30,1269,211615,6
91448,2024-12-30,1270,134113,6
91449,2024-12-30,1271,211550,6
91450,2024-12-30,1272,210037,6
91451,2024-12-30,1272,208178,6
91452,2024-12-30,1274,210423,6
91453,2024-12-30,1275,209281,6
91454,2024-12-30,1276,212760,6
91455,2024-12-30,1276,206489,6
91456,2024-12-30,1278,206735,6
91457,2024-12-30,1278,212076,6
91460,2024-12-30,1280,202419,6
91459,2024-12-30,1280,208424,6
91458,2024-12-30,1280,211574,6
91461,2024-12-30,1283,106223,6
91462,2024-12-30,1284,208558,6
65859,2024-09-30,1284,105376,5
91463,2024-12-30,1285,210560,6
91464,2024-12-30,1285,126199,6
50996,2024-08-05,1287,131999,5
91465,2024-12-30,1287,211539,6
91467,2024-12-30,1288,212882,6
91466,2024-12-30,1288,209967,6
91468,2024-12-30,1290,207794,6
91469,2024-12-30,1291,200289,6
91470,2024-12-30,1292,212268,6
91471,2024-12-30,1293,145008,6
91472,2024-12-30,1294,207661,6
17737,2024-03-04,1295,206091,4
91473,2024-12-30,1295,211480,6
91474,2024-12-30,1296,202155,6
91475,2024-12-30,1297,210099,6
91476,2024-12-30,1298,207996,6
91477,2024-12-30,1298,210474,6
91478,2024-12-30,1298,207431,6
91479,2024-12-30,1301,133844,6
91480,2024-12-30,1301,208864,6
19791,2024-03-18,1301,200643,4
91481,2024-12-30,1303,211337,6
91482,2024-12-30,1303,210212,6
91483,2024-12-30,1305,202314,6
91484,2024-12-30,1305,210599,6
91485,2024-12-30,1307,210735,6
91486,2024-12-30,1308,208350,6
91488,2024-12-30,1309,210292,6
91487,2024-12-30,1309,210182,6
23921,2024-04-08,1311,105894,4
91489,2024-12-30,1311,210159,6
91490,2024-12-30,1312,210101,6
91491,2024-12-30,1313,105559,5
91492,2024-12-30,1314,213653,5
91493,2024-12-30,1315,212943,5
91494,2024-12-30,1316,200031,5
91495,2024-12-30,1316,209928,5
91496,2024-12-30,1318,212222,5
91497,2024-12-30,1319,210215,5
91499,2024-12-30,1319,211651,5
91498,2024-12-30,1319,212886,5
91500,2024-12-30,1322,207736,5
91501,2024-12-30,1323,212820,5
91502,2024-12-30,1324,200234,5
91505,2024-12-30,1324,210331,5
91503,2024-12-30,1324,213001,5
91504,2024-12-30,1324,105163,5
91506,2024-12-30,1328,209338,5
91508,2024-12-30,1329,149843,5
91507,2024-12-30,1329,212531,5
91509,2024-12-30,1331,212705,5
91510,2024-12-30,1332,208092,5
91512,2024-12-30,1333,211386,5
91511,2024-12-30,1333,212283,5
91513,2024-12-30,1335,210416,5
91514,2024-12-30,1336,207452,5
91515,2024-12-30,1337,210203,5
91518,2024-12-30,1338,208229,5
91516,2024-12-30,1338,211660,5
91517,2024-12-30,1338,202307,5
91519,2024-12-30,1341,212885,5
91522,2024-12-30,1342,208867,5
91521,2024-12-30,1342,212630,5
91520,2024-12-30,1342,210345,5
91523,2024-12-30,1345,208179,5
91524,2024-12-30,1345,208168,5
91525,2024-12-30,1347,210651,5
91526,2024-12-30,1347,200702,5
91529,2024-12-30,1349,202413,5
53176,2024-08-12,1349,131867,4
46842,2024-07-22,1349,210008,4
91527,2024-12-30,1349,210726,5
91528,2024-12-30,1349,138605,5
59552,2024-09-09,1350,105385,4
57420,2024-08-26,1350,207139,4
91530,2024-12-30,1352,209905,5
91531,2024-12-30,1353,212311,5
91532,2024-12-30,1354,209316,5
91534,2024-12-30,1355,207256,5
91535,2024-12-30,1355,212025,5
91533,2024-12-30,1355,212263,5
91536,2024-12-30,1355,144937,5
91537,2024-12-30,1359,205825,5
91538,2024-12-30,1359,211320,5
57430,2024-08-26,1360,105786,4
91539,2024-12-30,1361,133082,5
91541,2024-12-30,1362,210453,5
91540,2024-12-30,1362,212769,5
72303,2024-10-28,1362,105985,4
91542,2024-12-30,1362,212260,5
65939,2024-09-30,1363,111790,4
72304,2024-10-28,1363,212250,4
91545,2024-12-30,1365,208204,5
91546,2024-12-30,1365,117362,5
91543,2024-12-30,1365,209401,5
91544,2024-12-30,1365,212593,5
91548,2024-12-30,1369,209516,5
91547,2024-12-30,1369,208185,5
91549,2024-12-30,1371,208138,5
80811,2024-11-25,1372,121531,4
91550,2024-12-30,1372,212866,5
15772,2024-02-26,1373,104999,3
17817,2024-03-04,1373,111508,3
91551,2024-12-30,1373,207439,5
91552,2024-12-30,1374,209346,5
91553,2024-12-30,1375,149142,5
57443,2024-08-26,1375,210719,4
91554,2024-12-30,1376,208197,5
91555,2024-12-30,1376,212269,5
91556,2024-12-30,1378,207854,5
91557,2024-12-30,1378,210301,5
65953,2024-09-30,1379,210720,4
91558,2024-12-30,1380,208142,5
91560,2024-12-30,1381,208498,4
91559,2024-12-30,1381,144833,4
17826,2024-03-04,1382,200009,3
82952,2024-12-02,1382,105217,4
91561,2024-12-30,1383,109737,4
91562,2024-12-30,1383,211585,4
91567,2024-12-30,1385,208871,4
91563,2024-12-30,1385,212462,4
91565,2024-12-30,1385,209273,4
91564,2024-12-30,1385,209869,4
91566,2024-12-30,1385,212945,4
28138,2024-04-22,1387,126623,3
28137,2024-04-22,1387,104905,3
63837,2024-09-23,1388,133857,4
91568,2024-12-30,1390,105262,4
91569,2024-12-30,1391,207761,4
91570,2024-12-30,1391,200418,4
91571,2024-12-30,1391,212575,4
91572,2024-12-30,1391,213014,4
30214,2024-05-06,1394,122394,3
91573,2024-12-30,1395,212191,4
91574,2024-12-30,1395,208123,4
91575,2024-12-30,1395,211330,4
91576,2024-12-30,1398,210437,4
91578,2024-12-30,1399,132842,4
91577,2024-12-30,1399,145014,4
91580,2024-12-30,1401,102772,4
91579,2024-12-30,1401,144874,4
91583,2024-12-30,1403,212235,4
91582,2024-12-30,1403,208302,4
91581,2024-12-30,1403,213092,4
91584,2024-12-30,1406,210605,4
91585,2024-12-30,1407,109908,4
91588,2024-12-30,1408,208426,4
91587,2024-12-30,1408,209979,4
91586,2024-12-30,1408,211450,4
91589,2024-12-30,1411,202293,4
91590,2024-12-30,1411,206657,4
91591,2024-12-30,1411,210736,4
91593,2024-12-30,1411,126715,4
91592,2024-12-30,1411,209204,4
38535,2024-06-17,1412,202299,3
91594,2024-12-30,1416,200307,4
91595,2024-12-30,1416,126711,4
91596,2024-12-30,1418,211669,4
91598,2024-12-30,1418,212084,4
91597,2024-12-30,1418,210546,4
91599,2024-12-30,1418,200105,4
91600,2024-12-30,1422,149115,4
91602,2024-12-30,1423,208581,4
91601,2024-12-30,1423,213009,4
91604,2024-12-30,1425,209115,4
91606,2024-12-30,1425,206827,4
91607,2024-12-30,1425,212070,4
91603,2024-12-30,1425,210175,4
91605,2024-12-30,1425,212047,4
91608,2024-12-30,1430,209099,4
91610,2024-12-30,1430,207665,4
91609,2024-12-30,1430,210743,4
91611,2024-12-30,1433,212069,4
91612,2024-12-30,1434,212108,4
91613,2024-12-30,1435,212724,4
91615,2024-12-30,1435,207616,4
91614,2024-12-30,1435,212308,4
55382,2024-08-19,1435,105723,3
53264,2024-08-12,1436,209974,3
91616,2024-12-30,1438,148671,4
91617,2024-12-30,1439,207587,4
91618,2024-12-30,1440,134545,4
91620,2024-12-30,1440,210204,4
91619,2024-12-30,1440,212155,4
63889,2024-09-23,1441,111569,3
63894,2024-09-23,1443,212467,3
91621,2024-12-30,1443,212262,4
91622,2024-12-30,1443,206334,4
91623,2024-12-30,1445,209392,4
91624,2024-12-30,1445,212225,4
91626,2024-12-30,1445,208365,4
91625,2024-12-30,1445,212745,4
91627,2024-12-30,1449,212024,4
91629,2024-12-30,1450,149152,4
91628,2024-12-30,1450,212965,4
59648,2024-09-09,1451,122520,3
91630,2024-12-30,1452,209127,4
91631,2024-12-30,1453,210174,4
91633,2024-12-30,1453,211505,4
91632,2024-12-30,1453,210192,4
91635,2024-12-30,1456,210394,4
91634,2024-12-30,1456,211667,4
91636,2024-12-30,1456,212738,4
51165,2024-08-05,1457,200142,3
72401,2024-10-28,1458,125842,3
91637,2024-12-30,1459,209206,4
57530,2024-08-26,1460,104544,3
91638,2024-12-30,1460,207209,4
91639,2024-12-30,1461,210315,4
91640,2024-12-30,1462,210456,4
91643,2024-12-30,1463,211543,4
91641,2024-12-30,1463,211364,4
91642,2024-12-30,1463,210181,4
59663,2024-09-09,1465,209046,3
91644,2024-12-30,1466,111459,3
91646,2024-12-30,1466,134256,3
91647,2024-12-30,1466,111512,3
91645,2024-12-30,1466,105960,3
91648,2024-12-30,1466,121663,3
63916,2024-09-23,1468,207378,3
91650,2024-12-30,1471,200708,3
91651,2024-12-30,1471,110778,3
91649,2024-12-30,1471,210191,3
91652,2024-12-30,1471,213633,3
91655,2024-12-30,1475,212478,3
57544,2024-08-26,1475,207772,3
91654,2024-12-30,1475,149114,3
91656,2024-12-30,1475,106138,3
91653,2024-12-30,1475,126590,3
91657,2024-12-30,1479,210550,3
91664,2024-12-30,1480,213020,3
91665,2024-12-30,1480,208296,3
91663,2024-12-30,1480,207606,3
91658,2024-12-30,1480,211345,3
91660,2024-12-30,1480,213051,3
91662,2024-12-30,1480,106085,3
91659,2024-12-30,1480,200291,3
91661,2024-12-30,1480,105335,3
63935,2024-09-23,1485,212469,3
91666,2024-12-30,1488,213141,3
91668,2024-12-30,1488,144813,3
91669,2024-12-30,1488,210697,3
91667,2024-12-30,1488,206873,3
5610,2024-01-15,1491,122635,2
7661,2024-01-29,1491,144652,2
91673,2024-12-30,1492,209879,3
91672,2024-12-30,1492,208039,3
91670,2024-12-30,1492,210595,3
91678,2024-12-30,1492,127443,3
91677,2024-12-30,1492,149123,3
91676,2024-12-30,1492,210293,3
91679,2024-12-30,1492,212165,3
91674,2024-12-30,1492,212148,3
91675,2024-12-30,1492,122649,3
15890,2024-02-26,1492,202281,2
91680,2024-12-30,1492,210205,3
91671,2024-12-30,1492,209506,3
19995,2024-03-18,1502,106354,2
91683,2024-12-30,1503,206905,3
91682,2024-12-30,1503,212927,3
91684,2024-12-30,1503,212841,3
91685,2024-12-30,1503,209975,3
91681,2024-12-30,1503,212864,3
91687,2024-12-30,1508,212149,3
91688,2024-12-30,1508,205690,3
91686,2024-12-30,1508,211457,3
91689,2024-12-30,1508,210549,3
28261,2024-04-22,1509,105899,2
28263,2024-04-22,1509,104797,2
91693,2024-12-30,1512,211387,3
91692,2024-12-30,1512,211557,3
91695,2024-12-30,1512,212071,3
91691,2024-12-30,1512,210291,3
91694,2024-12-30,1512,210722,3
91696,2024-12-30,1512,133197,3
91690,2024-12-30,1512,212969,3
30343,2024-05-06,1517,105801,2
91699,2024-12-30,1519,200253,3
91698,2024-12-30,1519,206690,3
91697,2024-12-30,1519,210727,3
91700,2024-12-30,1519,207756,3
32403,2024-05-20,1520,110647,2
40742,2024-06-24,1521,126442,2
91704,2024-12-30,1523,149120,3
91703,2024-12-30,1523,212210,3
91702,2024-12-30,1523,210454,3
91701,2024-12-30,1523,212156,3
38647,2024-06-17,1524,202324,2
34490,2024-05-27,1526,210567,2
91706,2024-12-30,1527,209068,3
91705,2024-12-30,1527,212840,3
91708,2024-12-30,1529,212199,3
91709,2024-12-30,1529,211600,3
91707,2024-12-30,1529,105871,3
91717,2024-12-30,1532,212889,3
91711,2024-12-30,1532,122234,3
91710,2024-12-30,1532,211458,3
91715,2024-12-30,1532,211636,3
91714,2024-12-30,1532,207927,3
91716,2024-12-30,1532,130493,3
91712,2024-12-30,1532,206673,3
91713,2024-12-30,1532,211622,3
40750,2024-06-24,1534,207331,2
34492,2024-05-27,1536,209124,2
36569,2024-06-10,1537,106360,2
91721,2024-12-30,1540,208933,3
22085,2024-04-01,1540,212104,2
91720,2024-12-30,1540,210554,3
91719,2024-12-30,1540,210076,3
91718,2024-12-30,1540,212766,3
91726,2024-12-30,1544,212064,3
91727,2024-12-30,1544,212037,3
91729,2024-12-30,1544,200045,3
91725,2024-12-30,1544,207135,3
91728,2024-12-30,1544,212762,3
91722,2024-12-30,1544,212880,3
91724,2024-12-30,1544,209117,3
91723,2024-12-30,1544,201938,3
91730,2024-12-30,1544,211532,3
20040,2024-03-18,1549,210257,2
51260,2024-08-05,1551,105063,2
51273,2024-08-05,1551,105441,2
51265,2024-08-05,1551,105992,2
91731,2024-12-30,1553,211897,3
91734,2024-12-30,1554,144871,3
91733,2024-12-30,1554,208554,3
91732,2024-12-30,1554,209900,3
91735,2024-12-30,1554,136648,3
7730,2024-01-29,1556,202318,2
40774,2024-06-24,1557,208355,2
40768,2024-06-24,1557,208785,2
59772,2024-09-09,1557,106410,2
91736,2024-12-30,1558,206580,3
91740,2024-12-30,1559,210032,3
91738,2024-12-30,1559,213555,3
91741,2024-12-30,1559,209118,3
91739,2024-12-30,1559,210198,3
91737,2024-12-30,1559,208726,3
49161,2024-07-29,1560,206669,2
38686,2024-06-17,1560,212218,2
38684,2024-06-17,1560,210444,2
76756,2024-11-11,1561,208028,2
76746,2024-11-11,1561,124147,2
76765,2024-11-11,1561,212301,2
74634,2024-11-04,1563,106328,2
74637,2024-11-04,1563,123854,2
66144,2024-09-30,1563,209176,2
66156,2024-09-30,1563,209306,2
91742,2024-12-30,1564,208157,3
91743,2024-12-30,1565,212075,3
91744,2024-12-30,1565,212248,3
81017,2024-11-25,1567,126533,2
91745,2024-12-30,1567,127999,3
91746,2024-12-30,1567,212245,3
51278,2024-08-05,1567,211396,2
24181,2024-04-08,1568,200247,2
91748,2024-12-30,1569,211904,3
91747,2024-12-30,1569,126780,3
91749,2024-12-30,1569,149128,3
91750,2024-12-30,1572,210055,3
91764,2024-12-30,1573,213136,2
91763,2024-12-30,1573,207455,2
91768,2024-12-30,1573,213677,2
91765,2024-12-30,1573,202417,2
91767,2024-12-30,1573,105128,2
91766,2024-12-30,1573,202227,2
91772,2024-12-30,1573,211611,2
91769,2024-12-30,1573,121938,2
91770,2024-12-30,1573,200039,2
91759,2024-12-30,1573,133863,2
91760,2024-12-30,1573,200244,2
91771,2024-12-30,1573,200635,2
91773,2024-12-30,1573,105156,2
91774,2024-12-30,1573,110774,2
91755,2024-12-30,1573,105438,2
91756,2024-12-30,1573,210242,2
91762,2024-12-30,1573,110536,2
91761,2024-12-30,1573,213620,2
91751,2024-12-30,1573,212731,2
91753,2024-12-30,1573,212668,2
91752,2024-12-30,1573,212455,2
91754,2024-12-30,1573,210756,2
91757,2024-12-30,1573,213671,2
91758,2024-12-30,1573,133467,2
83150,2024-12-02,1574,211609,2
59779,2024-09-09,1578,103175,2
78893,2024-11-18,1582,106174,2
74658,2024-11-04,1587,209116,2
49190,2024-07-29,1594,144823,2
51309,2024-08-05,1596,106154,2
51312,2024-08-05,1596,210206,2
91777,2024-12-30,1597,208382,2
91776,2024-12-30,1597,212571,2
91779,2024-12-30,1597,121497,2
91778,2024-12-30,1597,210348,2
91775,2024-12-30,1597,122081,2
91780,2024-12-30,1597,213601,2
91781,2024-12-30,1597,213608,2
91787,2024-12-30,1597,213624,2
91788,2024-12-30,1597,210190,2
91789,2024-12-30,1597,125804,2
91790,2024-12-30,1597,206789,2
91782,2024-12-30,1597,212988,2
91784,2024-12-30,1597,210272,2
91785,2024-12-30,1597,213547,2
91786,2024-12-30,1597,213619,2
91783,2024-12-30,1597,212829,2
87480,2024-12-16,1599,209395,2
42923,2024-07-01,1603,208220,2
32494,2024-05-20,1610,212150,2
74686,2024-11-04,1613,208479,2
91806,2024-12-30,1613,213635,2
91802,2024-12-30,1613,207851,2
91805,2024-12-30,1613,212078,2
91803,2024-12-30,1613,210124,2
91798,2024-12-30,1613,213570,2
91800,2024-12-30,1613,123858,2
91799,2024-12-30,1613,105595,2
91797,2024-12-30,1613,212472,2
91792,2024-12-30,1613,213614,2
91796,2024-12-30,1613,213140,2
91804,2024-12-30,1613,213553,2
91801,2024-12-30,1613,213697,2
91794,2024-12-30,1613,213612,2
91793,2024-12-30,1613,210758,2
91795,2024-12-30,1613,212460,2
91791,2024-12-30,1613,210471,2
42933,2024-07-01,1625,206323,2
91808,2024-12-30,1629,205885,2
91807,2024-12-30,1629,212887,2
91809,2024-12-30,1629,134087,2
91812,2024-12-30,1629,212616,2
91813,2024-12-30,1629,209847,2
91810,2024-12-30,1629,213034,2
91811,2024-12-30,1629,210691,2
91814,2024-12-30,1629,148674,2
91821,2024-12-30,1637,206709,2
91816,2024-12-30,1637,212739,2
91815,2024-12-30,1637,126772,2
91834,2024-12-30,1637,211664,2
91829,2024-12-30,1637,211658,2
91826,2024-12-30,1637,211508,2
91833,2024-12-30,1637,212639,2
91825,2024-12-30,1637,211749,2
91824,2024-12-30,1637,211328,2
91835,2024-12-30,1637,208829,2
91819,2024-12-30,1637,210486,2
91817,2024-12-30,1637,213637,2
91832,2024-12-30,1637,208718,2
91818,2024-12-30,1637,212631,2
91827,2024-12-30,1637,212915,2
91820,2024-12-30,1637,103665,2
91823,2024-12-30,1637,212276,2
91831,2024-12-30,1637,212207,2
91830,2024-12-30,1637,116985,2
91838,2024-12-30,1637,213591,2
91836,2024-12-30,1637,207232,2
91837,2024-12-30,1637,212086,2
91822,2024-12-30,1637,212246,2
91828,2024-12-30,1637,200013,2
66220,2024-09-30,1640,208166,2
32535,2024-05-20,1652,208276,2
49249,2024-07-29,1653,209198,2
45061,2024-07-15,1659,208164,2
91843,2024-12-30,1661,132361,2
91840,2024-12-30,1661,212970,2
91839,2024-12-30,1661,212530,2
91844,2024-12-30,1661,209161,2
91845,2024-12-30,1661,210170,2
91842,2024-12-30,1661,209412,2
91841,2024-12-30,1661,210675,2
91846,2024-12-30,1661,212271,2
91868,2024-12-30,1669,212546,2
91869,2024-12-30,1669,211770,2
91847,2024-12-30,1669,213045,2
91848,2024-12-30,1669,210067,2
91860,2024-12-30,1669,210103,2
91856,2024-12-30,1669,212610,2
91866,2024-12-30,1669,202443,2
91851,2024-12-30,1669,200248,2
91852,2024-12-30,1669,200062,2
91853,2024-12-30,1669,213037,2
91854,2024-12-30,1669,104947,2
91855,2024-12-30,1669,106357,2
91867,2024-12-30,1669,209255,2
91865,2024-12-30,1669,200250,2
91849,2024-12-30,1669,209154,2
91871,2024-12-30,1669,210653,2
91870,2024-12-30,1669,209852,2
91864,2024-12-30,1669,209394,2
91859,2024-12-30,1669,207632,2
91863,2024-12-30,1669,202361,2
91862,2024-12-30,1669,127087,2
91861,2024-12-30,1669,208094,2
91850,2024-12-30,1669,209064,2
91858,2024-12-30,1669,212158,2
91857,2024-12-30,1669,210139,2
3805,2024-01-08,1671,210316,1
42979,2024-07-01,1672,207391,2
7914,2024-01-29,1681,105079,1
9952,2024-02-05,1681,210051,1
12008,2024-02-12,1687,212043,1
12023,2024-02-12,1687,210381,1
18191,2024-03-04,1688,208660,1
14104,2024-02-19,1689,210278,1
16081,2024-02-26,1690,132124,1
70516,2024-10-21,1692,149106,2
20249,2024-03-18,1694,204970,1
91877,2024-12-30,1694,212488,2
91872,2024-12-30,1694,210009,2
91875,2024-12-30,1694,132134,2
91876,2024-12-30,1694,212830,2
91874,2024-12-30,1694,212237,2
91873,2024-12-30,1694,210667,2
20234,2024-03-18,1694,133018,1
20242,2024-03-18,1694,127158,1
20197,2024-03-18,1694,200278,1
28523,2024-04-22,1697,210322,1
28469,2024-04-22,1697,208201,1
28485,2024-04-22,1697,208295,1
28466,2024-04-22,1697,207759,1
91882,2024-12-30,1700,212963,2
91879,2024-12-30,1700,208188,2
91878,2024-12-30,1700,212756,2
91881,2024-12-30,1700,208821,2
91880,2024-12-30,1700,212972,2
91895,2024-12-30,1700,207236,2
91891,2024-12-30,1700,212771,2
91884,2024-12-30,1700,111772,2
91885,2024-12-30,1700,212023,2
91886,2024-12-30,1700,133945,2
91887,2024-12-30,1700,207505,2
91883,2024-12-30,1700,212701,2
91889,2024-12-30,1700,149280,2
91894,2024-12-30,1700,210551,2
91899,2024-12-30,1700,212109,2
91888,2024-12-30,1700,212566,2
91897,2024-12-30,1700,211490,2
91898,2024-12-30,1700,212956,2
91896,2024-12-30,1700,213010,2
91892,2024-12-30,1700,213536,2
91893,2024-12-30,1700,207832,2
91890,2024-12-30,1700,149097,2
30561,2024-05-06,1701,200389,1
30527,2024-05-06,1701,210525,1
32592,2024-05-20,1705,105536,1
79015,2024-11-18,1707,202439,2
38875,2024-06-17,1715,212867,1
38869,2024-06-17,1715,200061,1
38893,2024-06-17,1715,106074,1
40984,2024-06-24,1720,207836,1
40966,2024-06-24,1720,210531,1
41005,2024-06-24,1720,202096,1
40942,2024-06-24,1720,212254,1
36756,2024-06-10,1721,207710,1
36800,2024-06-10,1721,209208,1
91904,2024-12-30,1722,206479,2
91901,2024-12-30,1722,212632,2
91903,2024-12-30,1722,210030,2
91902,2024-12-30,1722,213142,2
91900,2024-12-30,1722,124126,2
43037,2024-07-01,1725,132575,1
43123,2024-07-01,1725,212282,1
43080,2024-07-01,1725,211716,1
43125,2024-07-01,1725,212294,1
43101,2024-07-01,1725,210401,1
43094,2024-07-01,1725,209914,1
43044,2024-07-01,1725,207229,1
43041,2024-07-01,1725,212275,1
91905,2024-12-30,1727,205831,2
91906,2024-12-30,1727,206678,2
91907,2024-12-30,1727,212497,2
91908,2024-12-30,1727,210532,2
91909,2024-12-30,1727,209895,2
91910,2024-12-30,1727,212834,2
91911,2024-12-30,1727,149122,2
91913,2024-12-30,1727,202323,2
91912,2024-12-30,1727,202349,2
91919,2024-12-30,1727,210448,2
91918,2024-12-30,1727,200205,2
91921,2024-12-30,1727,211740,2
91914,2024-12-30,1727,212805,2
91915,2024-12-30,1727,210751,2
91916,2024-12-30,1727,211747,2
91917,2024-12-30,1727,211454,2
91920,2024-12-30,1727,208430,2
45181,2024-07-15,1730,200298,1
45134,2024-07-15,1730,212253,1
45216,2024-07-15,1730,125832,1
91926,2024-12-30,1744,210513,2
91933,2024-12-30,1744,212854,2
91922,2024-12-30,1744,211392,2
91927,2024-12-30,1744,207748,2
91930,2024-12-30,1744,208533,2
91934,2024-12-30,1744,210342,2
91928,2024-12-30,1744,202421,2
91929,2024-12-30,1744,105147,2
91932,2024-12-30,1744,206646,2
91925,2024-12-30,1744,132351,2
91924,2024-12-30,1744,206447,2
91923,2024-12-30,1744,211723,2
91931,2024-12-30,1744,126720,2
47297,2024-07-22,1745,211604,1
55725,2024-08-19,1752,106321,1
55721,2024-08-19,1752,200419,1
55733,2024-08-19,1752,131866,1
55762,2024-08-19,1752,206710,1
3826,2024-01-08,1753,210309,1
53648,2024-08-12,1755,210461,1
53611,2024-08-12,1755,212463,1
62085,2024-09-16,1756,133045,1
62144,2024-09-16,1756,126737,1
62121,2024-09-16,1756,126508,1
91935,2024-12-30,1757,202440,2
91936,2024-12-30,1757,202231,2
49408,2024-07-29,1758,212313,1
91940,2024-12-30,1759,212119,2
91937,2024-12-30,1759,206299,2
60040,2024-09-09,1759,200145,1
91945,2024-12-30,1759,209913,2
91938,2024-12-30,1759,209282,2
60035,2024-09-09,1759,134085,1
91941,2024-12-30,1759,132137,2
91939,2024-12-30,1759,212812,2
60039,2024-09-09,1759,144803,1
91943,2024-12-30,1759,200036,2
91946,2024-12-30,1759,212784,2
91942,2024-12-30,1759,207547,2
91944,2024-12-30,1759,120545,2
60012,2024-09-09,1759,210195,1
57881,2024-08-26,1761,207348,1
57877,2024-08-26,1761,211509,1
57880,2024-08-26,1761,208456,1
57872,2024-08-26,1761,126151,1
57912,2024-08-26,1761,200080,1
57858,2024-08-26,1761,210016,1
51494,2024-08-05,1762,202287,1
51507,2024-08-05,1762,208444,1
51541,2024-08-05,1762,210644,1
64240,2024-09-23,1763,212182,1
5917,2024-01-15,1763,211363,1
64263,2024-09-23,1763,207808,1
64235,2024-09-23,1763,105787,1
64298,2024-09-23,1763,208440,1
7992,2024-01-29,1763,212033,1
7940,2024-01-29,1763,104897,1
8034,2024-01-29,1763,211465,1
70591,2024-10-21,1764,208697,1
70649,2024-10-21,1764,144924,1
70606,2024-10-21,1764,212515,1
70664,2024-10-21,1764,207172,1
70613,2024-10-21,1764,212296,1
68551,2024-10-14,1767,212088,1
68538,2024-10-14,1767,105810,1
68488,2024-10-14,1767,210443,1
68534,2024-10-14,1767,205763,1
66396,2024-09-30,1768,207958,1
18240,2024-03-04,1769,212055,1
91947,2024-12-30,1769,149117,2
18219,2024-03-04,1769,209968,1
18235,2024-03-04,1769,122109,1
91948,2024-12-30,1770,208890,2
91952,2024-12-30,1771,211787,2
91950,2024-12-30,1771,211388,2
91951,2024-12-30,1771,207739,2
91954,2024-12-30,1771,208542,2
91953,2024-12-30,1771,207982,2
91949,2024-12-30,1771,202335,2
12137,2024-02-12,1773,123812,1
26473,2024-04-15,1776,212105,1
20323,2024-03-18,1776,211575,1
72778,2024-10-28,1777,104586,1
91955,2024-12-30,1777,212298,2
72787,2024-10-28,1777,200014,1
72764,2024-10-28,1777,208370,1
72782,2024-10-28,1777,111172,1
72773,2024-10-28,1777,211335,1
91958,2024-12-30,1778,205941,2
91956,2024-12-30,1778,134310,2
91959,2024-12-30,1778,149153,2
91957,2024-12-30,1778,211511,2
79155,2024-11-18,1781,211733,1
79091,2024-11-18,1781,148676,1
81224,2024-11-25,1781,211581,1
79137,2024-11-18,1781,208818,1
79128,2024-11-18,1781,126630,1
87682,2024-12-16,1781,210441,1
83416,2024-12-02,1782,134383,1
83379,2024-12-02,1782,200378,1
91960,2024-12-30,1782,208417,2
83401,2024-12-02,1782,201995,1
83367,2024-12-02,1782,117365,1
28596,2024-04-22,1782,105464,1
28602,2024-04-22,1782,212128,1
74851,2024-11-04,1783,201967,1
91961,2024-12-30,1783,200386,2
91962,2024-12-30,1784,211690,2
91986,2024-12-30,1785,213537,1
91969,2024-12-30,1785,211728,1
91987,2024-12-30,1785,209058,1
91968,2024-12-30,1785,138328,1
92026,2024-12-30,1785,213126,1
92025,2024-12-30,1785,212178,1
91970,2024-12-30,1785,207757,1
92027,2024-12-30,1785,134057,1
92023,2024-12-30,1785,213183,1
92024,2024-12-30,1785,208608,1
92018,2024-12-30,1785,211763,1
92020,2024-12-30,1785,209930,1
92035,2024-12-30,1785,212875,1
92021,2024-12-30,1785,213580,1
92022,2024-12-30,1785,144807,1
91993,2024-12-30,1785,213074,1
91971,2024-12-30,1785,212511,1
92031,2024-12-30,1785,212964,1
92030,2024-12-30,1785,210659,1
92029,2024-12-30,1785,210429,1
92032,2024-12-30,1785,104908,1
92033,2024-12-30,1785,105560,1
91985,2024-12-30,1785,121816,1
91976,2024-12-30,1785,128127,1
91998,2024-12-30,1785,213216,1
91999,2024-12-30,1785,213654,1
92000,2024-12-30,1785,111580,1
91997,2024-12-30,1785,104815,1
91995,2024-12-30,1785,212596,1
91996,2024-12-30,1785,212136,1
92034,2024-12-30,1785,213622,1
92002,2024-12-30,1785,207456,1
91994,2024-12-30,1785,212638,1
92028,2024-12-30,1785,213657,1
92017,2024-12-30,1785,105874,1
85517,2024-12-09,1785,207219,1
92015,2024-12-30,1785,149141,1
92037,2024-12-30,1785,207814,1
92044,2024-12-30,1785,121726,1
89816,2024-12-23,1785,212057,1
92013,2024-12-30,1785,212617,1
92014,2024-12-30,1785,209347,1
91963,2024-12-30,1785,213615,1
92043,2024-12-30,1785,206713,1
92041,2024-12-30,1785,213688,1
92042,2024-12-30,1785,213703,1
92039,2024-12-30,1785,105130,1
92040,2024-12-30,1785,202223,1
92012,2024-12-30,1785,212827,1
92007,2024-12-30,1785,208848,1
92006,2024-12-30,1785,126204,1
92016,2024-12-30,1785,208254,1
92003,2024-12-30,1785,200690,1
92001,2024-12-30,1785,213605,1
91964,2024-12-30,1785,207180,1
91979,2024-12-30,1785,213699,1
91966,2024-12-30,1785,212960,1
91965,2024-12-30,1785,213100,1
91980,2024-12-30,1785,207607,1
91967,2024-12-30,1785,212493,1
91984,2024-12-30,1785,212926,1
91983,2024-12-30,1785,209946,1
91982,2024-12-30,1785,144756,1
91981,2024-12-30,1785,213646,1
92004,2024-12-30,1785,213565,1
92019,2024-12-30,1785,212923,1
92005,2024-12-30,1785,127913,1
92038,2024-12-30,1785,149119,1
92036,2024-12-30,1785,210664,1
91972,2024-12-30,1785,148677,1
91973,2024-12-30,1785,207730,1
91974,2024-12-30,1785,213098,1
91992,2024-12-30,1785,210654,1
91991,2024-12-30,1785,213681,1
91975,2024-12-30,1785,210568,1
91978,2024-12-30,1785,213177,1
91977,2024-12-30,1785,211673,1
92010,2024-12-30,1785,207407,1
92009,2024-12-30,1785,213159,1
92008,2024-12-30,1785,207374,1
91988,2024-12-30,1785,213678,1
92011,2024-12-30,1785,212976,1
91990,2024-12-30,1785,126087,1
91989,2024-12-30,1785,213655,1
30638,2024-05-06,1786,210591,1
77007,2024-11-11,1787,209071,1
77040,2024-11-11,1787,211724,1
77016,2024-11-11,1787,209156,1
76983,2024-11-11,1787,202159,1
32680,2024-05-20,1794,122632,1
34761,2024-05-27,1802,211588,1
34787,2024-05-27,1802,210484,1
38973,2024-06-17,1820,208130,1
38975,2024-06-17,1820,134049,1
36867,2024-06-10,1821,206518,1
36916,2024-06-10,1821,211522,1
36883,2024-06-10,1821,210643,1
36870,2024-06-10,1821,207389,1
36857,2024-06-10,1821,212192,1
36852,2024-06-10,1821,209205,1
41107,2024-06-24,1825,208304,1
41084,2024-06-24,1825,212252,1
45229,2024-07-15,1826,210504,1
45258,2024-07-15,1826,206003,1
45288,2024-07-15,1826,212300,1
43193,2024-07-01,1833,127326,1
43214,2024-07-01,1833,210405,1
43206,2024-07-01,1833,209315,1
43180,2024-07-01,1833,210207,1
47388,2024-07-22,1837,206448,1
47347,2024-07-22,1837,211341,1
55797,2024-08-19,1838,212154,1
55873,2024-08-19,1838,210688,1
55795,2024-08-19,1838,209093,1
55791,2024-08-19,1838,209108,1
62177,2024-09-16,1841,105978,1
62173,2024-09-16,1841,210698,1
62194,2024-09-16,1841,122351,1
62250,2024-09-16,1841,206402,1
49498,2024-07-29,1842,211567,1
49460,2024-07-29,1842,200437,1
53740,2024-08-12,1843,210608,1
53750,2024-08-12,1843,212464,1
70692,2024-10-21,1845,212523,1
60105,2024-09-09,1847,208211,1
60072,2024-09-09,1847,205883,1
60097,2024-09-09,1847,207173,1
57977,2024-08-26,1848,149163,1
57982,2024-08-26,1848,209948,1
57940,2024-08-26,1848,206329,1
66445,2024-09-30,1850,208015,1
66458,2024-09-30,1850,210734,1
66508,2024-09-30,1850,125825,1
68577,2024-10-14,1851,126758,1
64335,2024-09-23,1851,212476,1
68595,2024-10-14,1851,212507,1
14250,2024-02-19,1855,209216,1
72873,2024-10-28,1858,134244,1
81304,2024-11-25,1859,210579,1
81312,2024-11-25,1859,209183,1
74990,2024-11-04,1860,208753,1
12176,2024-02-12,1860,126280,1
12187,2024-02-12,1860,207731,1
74952,2024-11-04,1860,211635,1
26578,2024-04-15,1860,106301,1
6008,2024-01-15,1860,127187,1
20413,2024-03-18,1862,211791,1
83485,2024-12-02,1862,202169,1
87816,2024-12-16,1863,124052,1
79252,2024-11-18,1863,209947,1
79193,2024-11-18,1863,133667,1
87747,2024-12-16,1863,200224,1
87746,2024-12-16,1863,209241,1
79197,2024-11-18,1863,212142,1
28616,2024-04-22,1865,210492,1
8055,2024-01-29,1865,210035,1
85674,2024-12-09,1865,208124,1
28632,2024-04-22,1865,210562,1
28631,2024-04-22,1865,126429,1
28680,2024-04-22,1865,134194,1
28665,2024-04-22,1865,211601,1
8096,2024-01-29,1865,212035,1
28630,2024-04-22,1865,208314,1
77118,2024-11-11,1866,126551,1
92050,2024-12-30,1867,208477,1
92054,2024-12-30,1867,213039,1
92058,2024-12-30,1867,213604,1
92055,2024-12-30,1867,208853,1
92056,2024-12-30,1867,213602,1
92068,2024-12-30,1867,211576,1
92069,2024-12-30,1867,210400,1
92071,2024-12-30,1867,211692,1
92051,2024-12-30,1867,213584,1
92079,2024-12-30,1867,213579,1
92078,2024-12-30,1867,212669,1
92104,2024-12-30,1867,210243,1
92106,2024-12-30,1867,105471,1
92087,2024-12-30,1867,212457,1
92073,2024-12-30,1867,207611,1
92105,2024-12-30,1867,207573,1
92123,2024-12-30,1867,212944,1
92130,2024-12-30,1867,211563,1
92131,2024-12-30,1867,213143,1
92128,2024-12-30,1867,206579,1
92129,2024-12-30,1867,104615,1
92126,2024-12-30,1867,213151,1
92127,2024-12-30,1867,213661,1
92052,2024-12-30,1867,213011,1
92070,2024-12-30,1867,212847,1
92117,2024-12-30,1867,210376,1
92118,2024-12-30,1867,213071,1
92115,2024-12-30,1867,208418,1
92116,2024-12-30,1867,213064,1
92119,2024-12-30,1867,208339,1
92120,2024-12-30,1867,125816,1
92113,2024-12-30,1867,105688,1
92114,2024-12-30,1867,211732,1
92122,2024-12-30,1867,212682,1
92110,2024-12-30,1867,125572,1
92112,2024-12-30,1867,210389,1
92111,2024-12-30,1867,105478,1
92109,2024-12-30,1867,209880,1
92108,2024-12-30,1867,212502,1
92107,2024-12-30,1867,212992,1
92121,2024-12-30,1867,210511,1
92080,2024-12-30,1867,212558,1
92081,2024-12-30,1867,212899,1
92077,2024-12-30,1867,210712,1
92076,2024-12-30,1867,212977,1
92074,2024-12-30,1867,132578,1
92075,2024-12-30,1867,211605,1
92125,2024-12-30,1867,209344,1
92124,2024-12-30,1867,208393,1
92092,2024-12-30,1867,132433,1
92091,2024-12-30,1867,212065,1
92094,2024-12-30,1867,211536,1
92093,2024-12-30,1867,211670,1
92090,2024-12-30,1867,148670,1
92089,2024-12-30,1867,209202,1
92096,2024-12-30,1867,208315,1
92072,2024-12-30,1867,210388,1
92053,2024-12-30,1867,211738,1
92045,2024-12-30,1867,209514,1
92046,2024-12-30,1867,128065,1
92047,2024-12-30,1867,212939,1
92049,2024-12-30,1867,211516,1
92048,2024-12-30,1867,118073,1
92065,2024-12-30,1867,212582,1
92057,2024-12-30,1867,209990,1
92067,2024-12-30,1867,212046,1
92064,2024-12-30,1867,210396,1
92066,2024-12-30,1867,213378,1
92060,2024-12-30,1867,212797,1
92062,2024-12-30,1867,212116,1
92063,2024-12-30,1867,213691,1
92061,2024-12-30,1867,106184,1
92059,2024-12-30,1867,213180,1
92098,2024-12-30,1867,208035,1
92101,2024-12-30,1867,212247,1
92099,2024-12-30,1867,149283,1
92102,2024-12-30,1867,212781,1
92095,2024-12-30,1867,201997,1
92097,2024-12-30,1867,213582,1
92083,2024-12-30,1867,211752,1
92084,2024-12-30,1867,213552,1
92100,2024-12-30,1867,210431,1
92103,2024-12-30,1867,212470,1
92085,2024-12-30,1867,212231,1
92082,2024-12-30,1867,201903,1
92088,2024-12-30,1867,212817,1
92086,2024-12-30,1867,212184,1
30724,2024-05-06,1870,208358,1
30743,2024-05-06,1870,210640,1
32780,2024-05-20,1876,210563,1
39073,2024-06-17,1908,211496,1
37002,2024-06-10,1912,211572,1
36987,2024-06-10,1912,209954,1
41156,2024-06-24,1915,207288,1
41168,2024-06-24,1915,204737,1
43236,2024-07-01,1916,209130,1
47425,2024-07-22,1916,208809,1
18390,2024-03-04,1921,106353,1
18386,2024-03-04,1921,105607,1
18393,2024-03-04,1921,209993,1
62271,2024-09-16,1925,210592,1
70802,2024-10-21,1927,122617,1
53776,2024-08-12,1928,210141,1
55923,2024-08-19,1928,127964,1
53817,2024-08-12,1928,138846,1
53797,2024-08-12,1928,207972,1
53769,2024-08-12,1928,121667,1
20431,2024-03-18,1929,106390,1
49546,2024-07-29,1929,207688,1
58016,2024-08-26,1932,209090,1
68691,2024-10-14,1933,209989,1
68655,2024-10-14,1933,121604,1
64441,2024-09-23,1935,210580,1
64402,2024-09-23,1935,210709,1
66539,2024-09-30,1936,211519,1
66556,2024-09-30,1936,207419,1
72921,2024-10-28,1936,212541,1
24549,2024-04-08,1936,209945,1
30795,2024-05-06,1940,118489,1
75044,2024-11-04,1940,133987,1
26628,2024-04-15,1941,123855,1
77180,2024-11-11,1945,212550,1
77159,2024-11-11,1945,209918,1
32833,2024-05-20,1947,212132,1
81436,2024-11-25,1953,211610,1
92165,2024-12-30,1954,213043,1
92164,2024-12-30,1954,211589,1
92163,2024-12-30,1954,211484,1
92159,2024-12-30,1954,212683,1
92167,2024-12-30,1954,207864,1
92178,2024-12-30,1954,212754,1
92188,2024-12-30,1954,139354,1
92179,2024-12-30,1954,212764,1
92180,2024-12-30,1954,212619,1
92176,2024-12-30,1954,130688,1
92175,2024-12-30,1954,212621,1
92174,2024-12-30,1954,148678,1
92177,2024-12-30,1954,213152,1
92190,2024-12-30,1954,210538,1
92166,2024-12-30,1954,209387,1
92169,2024-12-30,1954,122548,1
92168,2024-12-30,1954,212856,1
92189,2024-12-30,1954,212099,1
92140,2024-12-30,1954,212786,1
92161,2024-12-30,1954,207370,1
92160,2024-12-30,1954,149104,1
92135,2024-12-30,1954,209104,1
92187,2024-12-30,1954,207578,1
92133,2024-12-30,1954,211766,1
92132,2024-12-30,1954,210014,1
92139,2024-12-30,1954,212714,1
92138,2024-12-30,1954,207714,1
92137,2024-12-30,1954,212565,1
92136,2024-12-30,1954,212689,1
92184,2024-12-30,1954,207367,1
92183,2024-12-30,1954,210433,1
92186,2024-12-30,1954,212059,1
92185,2024-12-30,1954,211721,1
92182,2024-12-30,1954,207169,1
92181,2024-12-30,1954,212897,1
92134,2024-12-30,1954,212510,1
92173,2024-12-30,1954,200692,1
92156,2024-12-30,1954,206590,1
92155,2024-12-30,1954,207966,1
92158,2024-12-30,1954,209067,1
92157,2024-12-30,1954,213008,1
92171,2024-12-30,1954,212180,1
92172,2024-12-30,1954,208578,1
92146,2024-12-30,1954,149267,1
92147,2024-12-30,1954,200569,1
92148,2024-12-30,1954,209207,1
92149,2024-12-30,1954,209349,1
92150,2024-12-30,1954,213033,1
92151,2024-12-30,1954,126461,1
92152,2024-12-30,1954,212312,1
92153,2024-12-30,1954,212699,1
92154,2024-12-30,1954,208835,1
92162,2024-12-30,1954,213598,1
92144,2024-12-30,1954,212863,1
92141,2024-12-30,1954,149134,1
92170,2024-12-30,1954,104810,1
92143,2024-12-30,1954,130247,1
92142,2024-12-30,1954,213115,1
92145,2024-12-30,1954,212473,1
39131,2024-06-17,1969,211326,1
39113,2024-06-17,1969,211336,1
39111,2024-06-17,1969,209981,1
45369,2024-07-15,1970,210230,1
16384,2024-02-26,1971,210589,1
37049,2024-06-10,1975,121903,1
37043,2024-06-10,1975,200531,1
6100,2024-01-15,1976,200616,1
8156,2024-01-29,1981,106160,1
41224,2024-06-24,1982,210693,1
43319,2024-07-01,1984,144658,1
43306,2024-07-01,1984,210108,1
43321,2024-07-01,1984,211772,1
43320,2024-07-01,1984,208855,1
43328,2024-07-01,1984,211698,1
28746,2024-04-22,1989,144745,1
28769,2024-04-22,1989,200242,1
32877,2024-05-20,1991,210289,1
32896,2024-05-20,1991,209332,1
32883,2024-05-20,1991,212157,1
72980,2024-10-28,1994,211674,1
62337,2024-09-16,1994,123851,1
62361,2024-09-16,1994,211332,1
75064,2024-11-04,1995,210707,1
75099,2024-11-04,1995,208255,1
49590,2024-07-29,1998,209520,1
6136,2024-01-15,1999,132606,1
60250,2024-09-09,2002,210666,1
60226,2024-09-09,2002,211742,1
60227,2024-09-09,2002,144913,1
64480,2024-09-23,2002,212265,1
16404,2024-02-26,2003,106164,1
79337,2024-11-18,2004,109207,1
79346,2024-11-18,2004,210284,1
81478,2024-11-25,2005,212581,1
58092,2024-08-26,2005,207804,1
58089,2024-08-26,2005,209384,1
92213,2024-12-30,2013,213066,1
92223,2024-12-30,2013,208914,1
92238,2024-12-30,2013,206281,1
92224,2024-12-30,2013,209212,1
92209,2024-12-30,2013,211722,1
92194,2024-12-30,2013,149100,1
92193,2024-12-30,2013,213095,1
92192,2024-12-30,2013,212752,1
92217,2024-12-30,2013,210629,1
92218,2024-12-30,2013,212905,1
92219,2024-12-30,2013,211618,1
92220,2024-12-30,2013,208841,1
92204,2024-12-30,2013,208559,1
92222,2024-12-30,2013,210540,1
92212,2024-12-30,2013,211593,1
92207,2024-12-30,2013,210463,1
92206,2024-12-30,2013,212859,1
92205,2024-12-30,2013,211650,1
92191,2024-12-30,2013,208206,1
92196,2024-12-30,2013,213557,1
92195,2024-12-30,2013,213112,1
92242,2024-12-30,2013,209982,1
92240,2024-12-30,2013,212471,1
92241,2024-12-30,2013,206888,1
92239,2024-12-30,2013,212030,1
92211,2024-12-30,2013,212584,1
92210,2024-12-30,2013,213191,1
92208,2024-12-30,2013,206405,1
92230,2024-12-30,2013,211735,1
92231,2024-12-30,2013,208052,1
92234,2024-12-30,2013,210704,1
92232,2024-12-30,2013,213496,1
92233,2024-12-30,2013,212196,1
92235,2024-12-30,2013,211652,1
92237,2024-12-30,2013,213121,1
92236,2024-12-30,2013,209977,1
92229,2024-12-30,2013,211675,1
92198,2024-12-30,2013,138104,1
92203,2024-12-30,2013,212883,1
92201,2024-12-30,2013,210647,1
92202,2024-12-30,2013,213013,1
92197,2024-12-30,2013,212839,1
92199,2024-12-30,2013,211695,1
39142,2024-06-17,2013,209859,1
39157,2024-06-17,2013,207386,1
92214,2024-12-30,2013,211401,1
92215,2024-12-30,2013,208027,1
92216,2024-12-30,2013,212758,1
92221,2024-12-30,2013,212477,1
92225,2024-12-30,2013,212167,1
92228,2024-12-30,2013,212491,1
92227,2024-12-30,2013,212968,1
92226,2024-12-30,2013,213146,1
92200,2024-12-30,2013,126612,1
22574,2024-04-01,2018,200559,1
18462,2024-03-04,2020,128041,1
30846,2024-05-06,2021,209965,1
41246,2024-06-24,2022,207228,1
47541,2024-07-22,2028,210520,1
47523,2024-07-22,2028,122257,1
20529,2024-03-18,2037,209035,1
53871,2024-08-12,2038,210092,1
70883,2024-10-21,2038,207781,1
56018,2024-08-19,2039,207826,1
55987,2024-08-19,2039,134833,1
8210,2024-01-29,2039,207796,1
24659,2024-04-08,2040,207190,1
72994,2024-10-28,2041,212537,1
51749,2024-08-05,2041,212307,1
81506,2024-11-25,2045,210339,1
79382,2024-11-18,2046,211711,1
62380,2024-09-16,2048,149131,1
35010,2024-05-27,2048,207580,1
83629,2024-12-02,2050,210570,1
66640,2024-09-30,2052,126088,1
58147,2024-08-26,2052,210713,1
58150,2024-08-26,2052,212459,1
58121,2024-08-26,2052,206225,1
64506,2024-09-23,2055,202449,1
30879,2024-05-06,2057,132712,1
8228,2024-01-29,2058,206385,1
28809,2024-04-22,2058,131888,1
28813,2024-04-22,2058,105812,1
32946,2024-05-20,2063,211765,1
32945,2024-05-20,2063,208519,1
92281,2024-12-30,2065,210475,1
92280,2024-12-30,2065,212243,1
92279,2024-12-30,2065,212115,1
92278,2024-12-30,2065,210602,1
92277,2024-12-30,2065,212126,1
92284,2024-12-30,2065,212164,1
92276,2024-12-30,2065,210524,1
92275,2024-12-30,2065,200233,1
92282,2024-12-30,2065,212498,1
92283,2024-12-30,2065,127115,1
92272,2024-12-30,2065,149277,1
92289,2024-12-30,2065,213061,1
92285,2024-12-30,2065,212751,1
92286,2024-12-30,2065,207887,1
92287,2024-12-30,2065,212911,1
92288,2024-12-30,2065,144662,1
92274,2024-12-30,2065,212278,1
49672,2024-07-29,2065,209075,1
92259,2024-12-30,2065,212529,1
92258,2024-12-30,2065,210432,1
92257,2024-12-30,2065,212304,1
92262,2024-12-30,2065,210607,1
92264,2024-12-30,2065,212270,1
92263,2024-12-30,2065,212806,1
92269,2024-12-30,2065,211646,1
92268,2024-12-30,2065,210248,1
92267,2024-12-30,2065,206309,1
92266,2024-12-30,2065,149156,1
92265,2024-12-30,2065,106245,1
92273,2024-12-30,2065,210002,1
92270,2024-12-30,2065,211385,1
92271,2024-12-30,2065,144747,1
92261,2024-12-30,2065,105598,1
92260,2024-12-30,2065,212733,1
92246,2024-12-30,2065,212696,1
92247,2024-12-30,2065,210657,1
92244,2024-12-30,2065,208780,1
92243,2024-12-30,2065,133185,1
92256,2024-12-30,2065,202217,1
92245,2024-12-30,2065,200401,1
92248,2024-12-30,2065,210211,1
92253,2024-12-30,2065,202348,1
92255,2024-12-30,2065,212094,1
92254,2024-12-30,2065,207344,1
92249,2024-12-30,2065,123315,1
92250,2024-12-30,2065,208729,1
92251,2024-12-30,2065,210308,1
92252,2024-12-30,2065,210521,1
41289,2024-06-24,2067,202427,1
41278,2024-06-24,2067,105419,1
45475,2024-07-15,2076,212291,1
62414,2024-09-16,2076,210058,1
66661,2024-09-30,2077,200487,1
66667,2024-09-30,2077,208428,1
37110,2024-06-10,2080,210491,1
39209,2024-06-17,2084,210649,1
58152,2024-08-26,2084,212039,1
60292,2024-09-09,2084,149124,1
41299,2024-06-24,2086,105102,1
43393,2024-07-01,2086,210476,1
53930,2024-08-12,2089,126464,1
83679,2024-12-02,2093,108749,1
83664,2024-12-02,2093,149143,1
73049,2024-10-28,2096,209973,1
66677,2024-09-30,2097,206856,1
77289,2024-11-11,2099,211608,1
87986,2024-12-16,2102,211694,1
60305,2024-09-09,2102,207132,1
58176,2024-08-26,2102,149139,1
66693,2024-09-30,2109,122570,1
64565,2024-09-23,2109,207559,1
53938,2024-08-12,2111,138688,1
92308,2024-12-30,2112,211455,1
92307,2024-12-30,2112,210467,1
92295,2024-12-30,2112,212570,1
92294,2024-12-30,2112,212072,1
92293,2024-12-30,2112,149127,1
92290,2024-12-30,2112,212978,1
92298,2024-12-30,2112,212981,1
92300,2024-12-30,2112,210468,1
92303,2024-12-30,2112,125843,1
51820,2024-08-05,2112,207780,1
92301,2024-12-30,2112,213210,1
92299,2024-12-30,2112,206716,1
92302,2024-12-30,2112,208036,1
92291,2024-12-30,2112,210662,1
92309,2024-12-30,2112,211467,1
92304,2024-12-30,2112,200457,1
92305,2024-12-30,2112,207541,1
92310,2024-12-30,2112,212220,1
92311,2024-12-30,2112,210021,1
92296,2024-12-30,2112,134848,1
92297,2024-12-30,2112,149101,1
92306,2024-12-30,2112,210104,1
92292,2024-12-30,2112,208023,1
56062,2024-08-19,2114,212295,1
79425,2024-11-18,2118,210283,1
73063,2024-10-28,2122,212067,1
92314,2024-12-30,2134,149130,1
92319,2024-12-30,2134,210397,1
92313,2024-12-30,2134,212144,1
92312,2024-12-30,2134,208073,1
92320,2024-12-30,2134,212187,1
92318,2024-12-30,2134,205748,1
92317,2024-12-30,2134,212871,1
92315,2024-12-30,2134,106347,1
92316,2024-12-30,2134,209396,1
92321,2024-12-30,2143,109732,1
92329,2024-12-30,2143,212103,1
92328,2024-12-30,2143,212710,1
92327,2024-12-30,2143,212725,1
92326,2024-12-30,2143,211497,1
92324,2024-12-30,2143,213059,1
92325,2024-12-30,2143,212624,1
92323,2024-12-30,2143,149265,1
92322,2024-12-30,2143,211453,1
92330,2024-12-30,2152,202079,1
92331,2024-12-30,2152,212716,1
92332,2024-12-30,2152,210328,1
92333,2024-12-30,2152,134490,1
92335,2024-12-30,2156,210160,1
92334,2024-12-30,2156,210420,1
92336,2024-12-30,2156,210732,1
92337,2024-12-30,2159,210575,1
92339,2024-12-30,2160,135939,1
92338,2024-12-30,2160,212194,1
92340,2024-12-30,2162,211389,1
