,ranking_date,rank,player,points,tours
72162,2024-12-30,1,214544,9416,21
72163,2024-12-30,2,216347,8295,18
72164,2024-12-30,3,221103,6530,22
72165,2024-12-30,4,211148,5344,20
72166,2024-12-30,5,221012,5340,21
72167,2024-12-30,6,214981,5171,20
72168,2024-12-30,7,202468,4705,19
72169,2024-12-30,8,215613,3589,25
72170,2024-12-30,9,214082,3368,24
72171,2024-12-30,10,206252,3214,17
72172,2024-12-30,11,203389,3178,19
72173,2024-12-30,12,211651,2908,20
72174,2024-12-30,13,223670,2895,27
72175,2024-12-30,14,214939,2743,20
72176,2024-12-30,15,211533,2588,21
72177,2024-12-30,16,259799,2578,17
72178,2024-12-30,17,206242,2554,26
72179,2024-12-30,18,216146,2493,21
72180,2024-12-30,19,202499,2258,21
72181,2024-12-30,20,201458,2127,17
72182,2024-12-30,21,201619,2126,16
72183,2024-12-30,22,214096,1971,12
72184,2024-12-30,23,202494,1942,17
72185,2024-12-30,24,211107,1931,23
72186,2024-12-30,25,211684,1928,29
72187,2024-12-30,26,222328,1913,18
72188,2024-12-30,27,214643,1885,24
72189,2024-12-30,28,206420,1848,26
72190,2024-12-30,29,201709,1844,22
72191,2024-12-30,30,201499,1807,20
72192,2024-12-30,31,220367,1755,23
72193,2024-12-30,32,206289,1743,17
72194,2024-12-30,33,215035,1565,21
72195,2024-12-30,34,210722,1554,25
72196,2024-12-30,35,215713,1482,22
72197,2024-12-30,36,216153,1461,15
72198,2024-12-30,37,216133,1418,26
72199,2024-12-30,38,202663,1376,26
72200,2024-12-30,39,214954,1363,14
72201,2024-12-30,40,215138,1300,20
72202,2024-12-30,41,201662,1265,20
72203,2024-12-30,42,202460,1226,16
72204,2024-12-30,43,220589,1182,23
72205,2024-12-30,44,213631,1178,27
72206,2024-12-30,45,211701,1177,27
72207,2024-12-30,46,211685,1166,24
72208,2024-12-30,47,220548,1139,27
72209,2024-12-30,48,201614,1099,17
72210,2024-12-30,49,206294,1082,29
72211,2024-12-30,50,220704,1070,25
72212,2024-12-30,51,215337,1055,18
72213,2024-12-30,52,220714,1048,25
72214,2024-12-30,53,202600,1047,29
72215,2024-12-30,54,222601,1046,26
72216,2024-12-30,55,211843,1030,25
72217,2024-12-30,56,221054,1025,14
72218,2024-12-30,57,211768,1014,17
72219,2024-12-30,58,220465,991,25
72220,2024-12-30,59,215785,989,23
72221,2024-12-30,60,215872,987,32
72222,2024-12-30,61,206374,983,24
72223,2024-12-30,62,220416,981,29
72224,2024-12-30,63,220348,979,25
72225,2024-12-30,64,221909,969,25
72226,2024-12-30,65,210886,955,25
72227,2024-12-30,66,219875,949,27
72228,2024-12-30,67,220520,924,24
72229,2024-12-30,68,203501,916,18
72230,2024-12-30,69,201514,914,17
72231,2024-12-30,70,201496,908,13
72232,2024-12-30,71,211095,896,24
72233,2024-12-30,72,206368,888,27
72234,2024-12-30,73,214459,887,30
72235,2024-12-30,74,201585,882,25
72236,2024-12-30,75,213887,882,32
72237,2024-12-30,76,201551,871,32
72238,2024-12-30,77,215020,866,32
72239,2024-12-30,78,214452,864,26
72240,2024-12-30,79,201593,853,15
72241,2024-12-30,80,201696,851,21
72242,2024-12-30,81,213550,848,25
72243,2024-12-30,82,219917,841,33
72244,2024-12-30,83,222965,838,27
72245,2024-12-30,84,222661,836,16
72246,2024-12-30,85,211713,832,26
72247,2024-12-30,86,213583,826,36
72248,2024-12-30,87,215480,821,30
72249,2024-12-30,88,220309,818,24
72250,2024-12-30,89,215898,816,26
72251,2024-12-30,90,203530,814,21
72252,2024-12-30,91,203463,813,32
72253,2024-12-30,92,221024,805,26
72254,2024-12-30,93,214388,800,35
72255,2024-12-30,94,214604,797,30
72256,2024-12-30,95,213889,791,29
72257,2024-12-30,96,215983,787,28
72258,2024-12-30,97,216265,781,26
72259,2024-12-30,98,216016,774,27
72260,2024-12-30,99,216262,770,28
72261,2024-12-30,100,206408,767,28
72262,2024-12-30,101,263857,762,26
72263,2024-12-30,102,201606,756,28
72264,2024-12-30,103,213710,755,25
72265,2024-12-30,104,211279,754,26
72266,2024-12-30,105,201506,717,21
72267,2024-12-30,106,204427,714,25
72268,2024-12-30,107,221236,701,35
72269,2024-12-30,108,201611,696,22
72270,2024-12-30,109,201548,691,18
72271,2024-12-30,110,203533,689,26
72272,2024-12-30,111,206219,682,23
72273,2024-12-30,112,220435,670,25
72274,2024-12-30,113,214040,654,30
72275,2024-12-30,114,202536,653,21
72276,2024-12-30,115,201615,648,23
26717,2024-05-13,116,202429,681,0
72277,2024-12-30,116,233741,645,29
72278,2024-12-30,117,221905,639,23
72279,2024-12-30,118,223331,635,22
72280,2024-12-30,119,221985,630,39
72281,2024-12-30,120,202684,601,20
72282,2024-12-30,121,211817,598,19
72283,2024-12-30,122,201549,597,24
72284,2024-12-30,123,203564,593,34
72285,2024-12-30,124,203354,592,32
72286,2024-12-30,125,222233,587,25
72287,2024-12-30,126,256684,580,28
72288,2024-12-30,127,220699,578,28
72289,2024-12-30,128,216081,576,25
72290,2024-12-30,129,201478,570,35
72291,2024-12-30,130,216566,567,28
72292,2024-12-30,131,220332,566,17
72293,2024-12-30,132,215370,563,10
72294,2024-12-30,133,211316,557,26
72295,2024-12-30,134,221096,552,22
72296,2024-12-30,135,213525,550,24
72297,2024-12-30,136,213544,545,22
72298,2024-12-30,137,214262,544,18
72299,2024-12-30,138,221237,535,22
72300,2024-12-30,139,220750,531,24
72301,2024-12-30,140,230870,530,31
72302,2024-12-30,141,213646,520,22
72303,2024-12-30,142,222045,518,26
72304,2024-12-30,143,205925,516,23
72305,2024-12-30,144,214119,506,29
72306,2024-12-30,145,211702,496,30
72307,2024-12-30,146,214593,494,27
72308,2024-12-30,147,223253,490,32
72309,2024-12-30,148,221883,487,28
72310,2024-12-30,149,206417,486,28
72311,2024-12-30,150,260170,478,22
72312,2024-12-30,151,222966,475,23
72313,2024-12-30,152,215936,474,19
72314,2024-12-30,153,232447,473,26
72315,2024-12-30,154,213666,471,26
72316,2024-12-30,155,215910,466,27
72317,2024-12-30,156,223286,465,28
72318,2024-12-30,157,215988,459,32
72319,2024-12-30,158,220742,459,32
72320,2024-12-30,159,221039,456,33
72321,2024-12-30,160,206007,444,32
72322,2024-12-30,161,239383,441,15
72323,2024-12-30,162,201586,440,21
72324,2024-12-30,163,221333,439,24
72325,2024-12-30,164,201613,434,32
72326,2024-12-30,165,215996,432,28
72327,2024-12-30,166,220662,432,29
72328,2024-12-30,167,211880,427,26
72329,2024-12-30,168,211337,424,31
72330,2024-12-30,169,215306,422,32
72331,2024-12-30,170,223194,419,28
72332,2024-12-30,171,201621,414,28
72333,2024-12-30,172,211635,413,31
72334,2024-12-30,173,210303,413,32
72335,2024-12-30,174,215899,409,28
72336,2024-12-30,175,214386,408,21
72337,2024-12-30,176,221407,406,18
72338,2024-12-30,177,252499,405,9
72339,2024-12-30,178,259104,398,12
72340,2024-12-30,179,214839,398,15
72341,2024-12-30,180,223323,391,30
72342,2024-12-30,181,214461,390,23
72343,2024-12-30,182,213908,381,25
72344,2024-12-30,183,215572,381,33
72345,2024-12-30,184,222290,380,25
72346,2024-12-30,185,236957,374,19
72347,2024-12-30,186,239389,367,21
72348,2024-12-30,187,204411,366,5
72349,2024-12-30,188,222017,363,27
72350,2024-12-30,189,260300,361,10
72351,2024-12-30,190,214507,360,24
72352,2024-12-30,191,221911,355,26
72353,2024-12-30,192,222258,354,30
72354,2024-12-30,193,223410,353,25
72355,2024-12-30,194,215018,352,28
72356,2024-12-30,195,211765,352,25
72357,2024-12-30,196,259967,352,25
72358,2024-12-30,197,213949,351,32
72359,2024-12-30,198,214826,350,23
72360,2024-12-30,199,215571,348,25
72361,2024-12-30,200,211260,346,21
72814,2024-12-30,201,203500,345,20
72815,2024-12-30,202,213779,345,30
72816,2024-12-30,203,222391,345,11
72817,2024-12-30,204,223333,343,29
54130,2024-09-23,205,201493,344,11
72818,2024-12-30,205,201533,340,15
72819,2024-12-30,206,215807,340,28
72820,2024-12-30,207,221434,337,20
72821,2024-12-30,208,213734,336,23
72822,2024-12-30,209,214521,334,26
72823,2024-12-30,210,201540,334,31
72824,2024-12-30,211,221257,332,27
72825,2024-12-30,212,215453,331,26
72826,2024-12-30,213,214480,330,32
72827,2024-12-30,214,222559,330,25
72828,2024-12-30,215,239156,329,24
72829,2024-12-30,216,222506,329,27
72830,2024-12-30,217,220733,328,38
72831,2024-12-30,218,213706,324,31
72832,2024-12-30,219,220554,324,22
72833,2024-12-30,220,215151,323,22
72834,2024-12-30,221,215259,323,29
72835,2024-12-30,222,214149,318,31
72836,2024-12-30,223,243420,317,24
72837,2024-12-30,224,211846,316,30
72838,2024-12-30,225,215290,315,30
72839,2024-12-30,226,203435,315,34
72840,2024-12-30,227,220781,315,28
72841,2024-12-30,228,203514,313,25
49966,2024-09-02,229,202421,315,0
72842,2024-12-30,229,221191,312,27
72843,2024-12-30,230,214453,310,30
72844,2024-12-30,231,222080,310,28
72845,2024-12-30,232,210622,309,21
72846,2024-12-30,233,213873,308,29
72847,2024-12-30,234,213998,308,30
72848,2024-12-30,235,206292,307,26
72849,2024-12-30,236,215946,302,33
72850,2024-12-30,237,213576,301,28
72851,2024-12-30,238,214236,301,22
72852,2024-12-30,239,238184,300,10
72853,2024-12-30,240,206255,297,25
72854,2024-12-30,241,215037,296,29
72855,2024-12-30,242,222919,291,27
72856,2024-12-30,243,221247,290,42
72857,2024-12-30,244,215064,290,30
72858,2024-12-30,245,216055,287,31
72859,2024-12-30,246,203475,286,33
72860,2024-12-30,247,236955,286,19
72861,2024-12-30,248,212303,283,35
72862,2024-12-30,249,211844,282,27
72863,2024-12-30,250,211411,278,12
72864,2024-12-30,251,210705,277,32
72865,2024-12-30,252,221124,277,28
72866,2024-12-30,253,214577,275,27
72867,2024-12-30,254,234222,274,22
72868,2024-12-30,255,220446,273,21
72869,2024-12-30,256,222675,272,22
72870,2024-12-30,257,211329,272,28
72871,2024-12-30,258,238075,270,17
72872,2024-12-30,259,215992,267,22
72873,2024-12-30,260,213849,265,29
72874,2024-12-30,261,204294,263,19
72875,2024-12-30,262,215062,263,18
72876,2024-12-30,263,220489,262,26
72877,2024-12-30,264,239436,260,28
72878,2024-12-30,265,252587,259,19
72879,2024-12-30,266,220735,259,31
72880,2024-12-30,267,215314,256,27
72881,2024-12-30,268,221406,256,22
72882,2024-12-30,269,214906,255,13
72883,2024-12-30,270,201616,253,17
72884,2024-12-30,271,221626,253,18
72885,2024-12-30,272,223087,249,25
72886,2024-12-30,273,203281,247,35
72887,2024-12-30,274,216097,246,27
72888,2024-12-30,275,203288,244,23
72889,2024-12-30,276,215614,244,24
72890,2024-12-30,277,220722,242,32
72891,2024-12-30,278,213837,242,22
72892,2024-12-30,279,211227,241,24
72893,2024-12-30,280,238064,240,18
72894,2024-12-30,281,202604,238,30
72895,2024-12-30,282,220716,233,21
72896,2024-12-30,283,220808,233,12
72897,2024-12-30,284,211539,232,18
72898,2024-12-30,285,206102,232,30
72899,2024-12-30,286,202434,230,18
72900,2024-12-30,287,211552,229,25
72901,2024-12-30,288,259857,227,18
72902,2024-12-30,289,221073,225,27
72903,2024-12-30,290,211063,225,33
72904,2024-12-30,291,214319,222,23
72905,2024-12-30,292,239438,221,19
72906,2024-12-30,293,211878,218,26
72907,2024-12-30,294,202669,217,24
72908,2024-12-30,295,214219,217,12
72909,2024-12-30,296,252531,216,20
72910,2024-12-30,297,203513,214,21
72911,2024-12-30,298,223321,214,30
72912,2024-12-30,299,206430,213,25
72913,2024-12-30,300,214646,212,28
72914,2024-12-30,301,201555,212,14
72915,2024-12-30,302,259733,212,20
72916,2024-12-30,303,221164,211,22
72917,2024-12-30,304,221512,211,20
72918,2024-12-30,305,222296,209,18
72919,2024-12-30,306,221768,209,24
72920,2024-12-30,307,215096,209,21
72921,2024-12-30,308,211342,209,21
72922,2024-12-30,309,222189,209,22
72923,2024-12-30,310,213767,208,21
72924,2024-12-30,311,223168,207,10
72925,2024-12-30,312,214535,206,27
72926,2024-12-30,313,211809,206,22
72927,2024-12-30,314,211643,202,19
72928,2024-12-30,315,214992,201,28
72929,2024-12-30,316,220432,201,18
72930,2024-12-30,317,220770,200,20
72931,2024-12-30,318,220466,200,13
72932,2024-12-30,319,222184,200,16
72933,2024-12-30,320,260581,199,26
72934,2024-12-30,321,215550,199,24
72935,2024-12-30,322,215588,199,20
72936,2024-12-30,323,233747,199,26
72937,2024-12-30,324,220842,197,26
72938,2024-12-30,325,221023,197,31
72939,2024-12-30,326,221307,196,12
72940,2024-12-30,327,266671,195,13
72941,2024-12-30,328,221187,195,21
72942,2024-12-30,329,211019,194,22
72943,2024-12-30,330,202662,192,24
72944,2024-12-30,331,206124,190,21
72945,2024-12-30,332,221086,190,15
72946,2024-12-30,333,239475,190,17
72947,2024-12-30,334,215592,189,21
72948,2024-12-30,335,220997,188,30
72949,2024-12-30,336,215398,188,22
72950,2024-12-30,337,223335,188,23
72951,2024-12-30,338,201693,187,16
72952,2024-12-30,339,216367,187,21
72953,2024-12-30,340,210337,186,27
72954,2024-12-30,341,201603,183,11
72955,2024-12-30,342,215566,183,22
72956,2024-12-30,343,222878,183,23
72957,2024-12-30,344,211874,183,27
72958,2024-12-30,345,214254,182,24
72959,2024-12-30,346,215372,181,22
72960,2024-12-30,347,201666,178,20
72961,2024-12-30,348,220757,178,25
72962,2024-12-30,349,239456,177,24
72963,2024-12-30,350,216213,177,24
72964,2024-12-30,351,214181,177,17
72965,2024-12-30,352,246481,176,27
72966,2024-12-30,353,216062,175,12
72967,2024-12-30,354,252493,175,19
72968,2024-12-30,355,215166,174,21
72969,2024-12-30,356,214684,173,22
72970,2024-12-30,357,204419,173,34
72971,2024-12-30,358,221020,173,28
72972,2024-12-30,359,221018,173,18
72973,2024-12-30,360,211407,172,19
72974,2024-12-30,361,203578,172,16
72975,2024-12-30,362,221382,172,27
72976,2024-12-30,363,211344,171,15
72977,2024-12-30,364,213821,171,16
72978,2024-12-30,365,202688,170,26
72979,2024-12-30,366,220364,170,41
72980,2024-12-30,367,201481,169,18
72981,2024-12-30,368,221168,168,22
72982,2024-12-30,369,202414,167,13
72983,2024-12-30,370,221141,166,24
72984,2024-12-30,371,216587,164,22
72985,2024-12-30,372,260761,164,15
72986,2024-12-30,373,263644,163,9
72987,2024-12-30,374,214741,163,22
72988,2024-12-30,375,214301,163,20
72989,2024-12-30,376,202492,162,13
72990,2024-12-30,377,215386,161,19
72991,2024-12-30,378,239476,161,21
72992,2024-12-30,379,215804,160,25
72993,2024-12-30,380,221220,160,21
72994,2024-12-30,381,215832,160,22
72995,2024-12-30,382,201610,159,10
72996,2024-12-30,383,211269,159,22
72997,2024-12-30,384,214600,158,17
72998,2024-12-30,385,221157,158,23
72999,2024-12-30,386,215019,158,23
73000,2024-12-30,387,214081,157,18
73001,2024-12-30,388,215802,156,17
73002,2024-12-30,389,260168,156,15
73003,2024-12-30,390,221469,155,19
73004,2024-12-30,391,201427,154,13
73005,2024-12-30,392,211921,154,22
73006,2024-12-30,393,202493,152,20
73007,2024-12-30,394,259591,152,19
73008,2024-12-30,395,222223,151,12
73009,2024-12-30,396,221004,151,19
73010,2024-12-30,397,214418,151,15
73011,2024-12-30,398,219887,150,23
73012,2024-12-30,399,221210,149,14
73013,2024-12-30,400,215878,149,19
73014,2024-12-30,401,214930,148,20
73015,2024-12-30,402,221243,147,23
73016,2024-12-30,403,211328,146,16
73017,2024-12-30,404,214935,146,17
73018,2024-12-30,405,223325,146,19
73019,2024-12-30,406,213672,145,15
73020,2024-12-30,407,215501,145,18
73021,2024-12-30,408,230882,145,27
73022,2024-12-30,409,220673,144,22
73023,2024-12-30,410,221099,144,29
73024,2024-12-30,411,246478,143,22
73025,2024-12-30,412,222145,143,9
73026,2024-12-30,413,222092,143,28
73027,2024-12-30,414,220597,142,20
73028,2024-12-30,415,215431,141,21
73029,2024-12-30,416,231639,141,20
73030,2024-12-30,417,221003,141,18
73031,2024-12-30,418,204309,140,19
73032,2024-12-30,419,223302,139,20
73033,2024-12-30,420,206248,139,22
73034,2024-12-30,421,220718,138,23
73035,2024-12-30,422,239397,137,20
73036,2024-12-30,423,206335,135,14
73037,2024-12-30,424,239392,135,23
73038,2024-12-30,425,214696,135,24
73039,2024-12-30,426,213530,135,16
73040,2024-12-30,427,220454,134,21
73041,2024-12-30,428,252495,134,13
73042,2024-12-30,429,244087,134,19
73043,2024-12-30,430,204394,133,19
73044,2024-12-30,431,221014,133,20
73045,2024-12-30,432,222297,133,19
73046,2024-12-30,433,221209,133,18
73047,2024-12-30,434,211031,132,25
73048,2024-12-30,435,214784,132,20
73049,2024-12-30,436,203379,131,16
73050,2024-12-30,437,239386,131,13
73051,2024-12-30,438,220560,131,19
73052,2024-12-30,439,222859,130,23
73053,2024-12-30,440,216579,130,18
73054,2024-12-30,441,210847,130,18
73055,2024-12-30,442,211529,130,27
73056,2024-12-30,443,202672,129,27
73057,2024-12-30,444,215778,129,16
73058,2024-12-30,445,203462,128,13
73059,2024-12-30,446,216116,128,20
73060,2024-12-30,447,221465,127,21
73061,2024-12-30,448,211541,127,19
73062,2024-12-30,449,211222,126,23
73063,2024-12-30,450,213855,126,12
54375,2024-09-23,450,201520,125,5
73064,2024-12-30,451,222171,124,18
73065,2024-12-30,452,206194,123,21
73066,2024-12-30,453,222458,122,22
73067,2024-12-30,454,202443,121,18
73068,2024-12-30,455,216324,121,16
73069,2024-12-30,456,213620,121,20
73070,2024-12-30,457,220613,121,22
73071,2024-12-30,458,206105,119,18
73072,2024-12-30,459,214653,119,21
73073,2024-12-30,460,215811,117,20
73074,2024-12-30,461,202693,116,9
73075,2024-12-30,462,222397,116,21
73076,2024-12-30,463,220513,115,18
73077,2024-12-30,464,211756,114,9
73078,2024-12-30,465,259913,114,15
73079,2024-12-30,466,221398,114,16
73080,2024-12-30,467,221031,113,20
73081,2024-12-30,468,222156,113,17
73082,2024-12-30,469,221885,113,7
73083,2024-12-30,470,211814,112,15
73084,2024-12-30,471,202921,112,19
73085,2024-12-30,472,221952,112,18
73086,2024-12-30,473,232881,112,19
73087,2024-12-30,474,216160,112,20
73088,2024-12-30,475,221362,111,14
73089,2024-12-30,476,216095,111,20
73090,2024-12-30,477,214919,110,16
73091,2024-12-30,478,215840,109,26
73092,2024-12-30,479,236972,109,15
73093,2024-12-30,480,216044,109,21
73094,2024-12-30,481,201545,108,2
73095,2024-12-30,482,214862,108,21
73096,2024-12-30,483,204223,108,11
73097,2024-12-30,484,247647,107,19
73098,2024-12-30,485,206362,107,20
73099,2024-12-30,486,213853,107,20
73100,2024-12-30,487,201672,106,21
73101,2024-12-30,488,260913,106,15
73102,2024-12-30,489,202505,106,7
73103,2024-12-30,490,260167,106,20
73104,2024-12-30,491,223397,106,17
73105,2024-12-30,492,221265,106,18
73106,2024-12-30,493,223360,105,11
73107,2024-12-30,494,215820,104,20
73108,2024-12-30,495,233742,104,18
73109,2024-12-30,496,216385,103,12
73110,2024-12-30,497,202454,102,19
73111,2024-12-30,498,214505,102,22
73112,2024-12-30,499,206075,101,30
73113,2024-12-30,500,221364,101,19
73114,2024-12-30,501,221486,100,21
73115,2024-12-30,502,215077,100,22
61519,2024-11-04,502,201513,101,2
73116,2024-12-30,503,223415,99,17
73117,2024-12-30,504,222667,98,24
73118,2024-12-30,505,215806,97,20
73119,2024-12-30,506,266376,97,3
73120,2024-12-30,507,213974,97,19
73121,2024-12-30,508,220053,97,20
73122,2024-12-30,509,215726,96,19
73123,2024-12-30,510,219625,96,23
73124,2024-12-30,511,221000,96,14
73125,2024-12-30,512,214599,96,14
73126,2024-12-30,513,213772,96,21
73127,2024-12-30,514,201524,95,17
73128,2024-12-30,515,220550,95,20
73129,2024-12-30,516,202410,95,24
73130,2024-12-30,517,259685,94,10
73131,2024-12-30,518,222396,94,9
73132,2024-12-30,519,220713,94,17
73133,2024-12-30,520,215468,94,12
73134,2024-12-30,521,213657,93,17
73135,2024-12-30,522,213947,93,16
73136,2024-12-30,523,214541,92,17
73137,2024-12-30,524,221181,92,16
73138,2024-12-30,525,221377,92,17
73139,2024-12-30,526,214779,92,17
73140,2024-12-30,527,215697,92,17
73141,2024-12-30,528,204431,91,11
73142,2024-12-30,529,221139,91,18
73143,2024-12-30,530,204246,90,18
73144,2024-12-30,531,222137,90,18
73145,2024-12-30,532,240996,90,13
73146,2024-12-30,533,220351,90,17
73147,2024-12-30,534,215647,90,12
73148,2024-12-30,535,221886,90,14
73149,2024-12-30,536,247669,90,15
73150,2024-12-30,537,202671,89,15
73151,2024-12-30,538,215250,89,6
73152,2024-12-30,539,220054,89,8
73153,2024-12-30,540,216083,88,6
73154,2024-12-30,541,214191,86,12
73155,2024-12-30,542,221945,86,15
73156,2024-12-30,543,220946,86,15
73157,2024-12-30,544,239442,85,10
73158,2024-12-30,545,213584,85,15
73159,2024-12-30,546,215693,85,26
73160,2024-12-30,547,260714,84,8
73161,2024-12-30,548,222895,84,18
73162,2024-12-30,549,216225,84,20
73163,2024-12-30,550,214238,84,21
73164,2024-12-30,551,210138,83,17
73165,2024-12-30,552,222837,83,4
73166,2024-12-30,553,222276,83,16
73167,2024-12-30,554,216013,82,9
73168,2024-12-30,555,214546,82,20
73169,2024-12-30,556,222259,82,13
73170,2024-12-30,557,230880,82,18
73171,2024-12-30,558,245094,82,13
73172,2024-12-30,559,203509,82,26
73173,2024-12-30,560,215733,82,18
73174,2024-12-30,561,239477,82,19
73175,2024-12-30,562,264075,81,6
73176,2024-12-30,563,214020,81,17
73177,2024-12-30,564,223399,81,16
73178,2024-12-30,565,215879,81,17
73179,2024-12-30,566,221309,79,14
73180,2024-12-30,567,220492,79,15
73181,2024-12-30,568,211920,78,24
73182,2024-12-30,569,213753,78,16
73183,2024-12-30,570,263872,77,10
73184,2024-12-30,571,221354,77,10
73185,2024-12-30,572,221657,77,19
73186,2024-12-30,573,202490,76,8
73187,2024-12-30,574,261972,76,7
73188,2024-12-30,575,215039,76,11
73189,2024-12-30,576,256705,76,10
73190,2024-12-30,577,221369,76,11
73191,2024-12-30,578,222980,75,9
73192,2024-12-30,579,256712,75,16
73193,2024-12-30,580,221190,74,21
73194,2024-12-30,581,245076,74,4
73195,2024-12-30,582,214868,74,10
73196,2024-12-30,583,214909,74,20
73197,2024-12-30,584,201435,73,13
73198,2024-12-30,585,264149,73,11
73199,2024-12-30,586,252488,73,25
73200,2024-12-30,587,221150,73,16
73201,2024-12-30,588,221055,73,16
73202,2024-12-30,589,203591,72,9
73203,2024-12-30,590,211820,72,9
73204,2024-12-30,591,220680,72,6
73205,2024-12-30,592,264187,72,17
73206,2024-12-30,593,215909,72,17
73207,2024-12-30,594,203537,71,12
73208,2024-12-30,595,215134,71,24
73209,2024-12-30,596,215219,70,1
73210,2024-12-30,597,214189,70,14
73211,2024-12-30,598,214136,70,21
73212,2024-12-30,599,219983,70,14
73213,2024-12-30,600,220591,69,16
73214,2024-12-30,601,215189,69,18
73215,2024-12-30,602,213771,69,18
73216,2024-12-30,603,222369,68,16
73217,2024-12-30,604,216287,68,16
73218,2024-12-30,605,220672,68,18
73219,2024-12-30,606,215937,67,14
73220,2024-12-30,607,206345,67,14
73221,2024-12-30,608,221395,67,15
73222,2024-12-30,609,235160,67,18
73223,2024-12-30,610,214713,67,21
73224,2024-12-30,611,201554,66,13
73225,2024-12-30,612,214297,66,16
73226,2024-12-30,613,216162,66,16
73227,2024-12-30,614,260598,66,19
73228,2024-12-30,615,202639,66,9
73229,2024-12-30,616,216268,66,11
73230,2024-12-30,617,216260,66,14
54543,2024-09-23,618,206108,65,1
73231,2024-12-30,618,221109,65,19
73232,2024-12-30,619,241714,65,17
73233,2024-12-30,620,216139,64,15
73234,2024-12-30,621,211901,64,9
73235,2024-12-30,622,266864,64,8
73236,2024-12-30,623,214271,64,21
73237,2024-12-30,624,202580,63,12
73238,2024-12-30,625,211646,63,15
73239,2024-12-30,626,215144,63,13
73240,2024-12-30,627,239453,63,14
73241,2024-12-30,628,220392,63,16
73242,2024-12-30,629,214860,63,16
73243,2024-12-30,630,214540,63,17
73244,2024-12-30,631,222299,62,16
73245,2024-12-30,632,259754,62,19
73246,2024-12-30,633,223100,62,20
73247,2024-12-30,634,212043,61,15
73248,2024-12-30,635,223671,61,13
73249,2024-12-30,636,260306,61,11
73250,2024-12-30,637,201664,61,21
73251,2024-12-30,638,235159,60,18
73252,2024-12-30,639,221116,60,24
73253,2024-12-30,640,221386,60,16
73254,2024-12-30,641,220502,60,7
73255,2024-12-30,642,215002,60,11
73256,2024-12-30,643,221994,60,18
73257,2024-12-30,644,216074,59,14
73258,2024-12-30,645,214247,59,11
73259,2024-12-30,646,223129,59,17
73260,2024-12-30,647,211951,58,9
73261,2024-12-30,648,221411,58,11
73262,2024-12-30,649,211864,58,18
73263,2024-12-30,650,260006,58,11
73264,2024-12-30,651,220491,58,21
73265,2024-12-30,652,259853,57,10
73266,2024-12-30,653,257874,57,11
73267,2024-12-30,654,220306,57,12
73268,2024-12-30,655,215459,57,12
73269,2024-12-30,656,216173,57,17
73270,2024-12-30,657,215163,56,16
73271,2024-12-30,658,215013,56,15
73272,2024-12-30,659,212034,56,17
73273,2024-12-30,660,266771,55,5
73274,2024-12-30,661,213714,55,6
73275,2024-12-30,662,216186,55,15
73276,2024-12-30,663,214212,55,16
73277,2024-12-30,664,215472,55,16
73278,2024-12-30,665,221468,55,17
73279,2024-12-30,666,222347,55,17
73280,2024-12-30,667,264192,54,6
73281,2024-12-30,668,214048,54,14
73282,2024-12-30,669,222703,54,16
73283,2024-12-30,670,210537,54,17
73284,2024-12-30,671,216158,54,19
73285,2024-12-30,672,214182,53,8
73286,2024-12-30,673,221229,53,14
73287,2024-12-30,674,223018,53,15
73288,2024-12-30,675,220740,53,17
73289,2024-12-30,676,261963,52,5
73290,2024-12-30,677,211208,52,16
73291,2024-12-30,678,223203,52,7
73292,2024-12-30,679,260171,52,14
73293,2024-12-30,680,259690,52,15
73294,2024-12-30,681,202424,51,12
73295,2024-12-30,682,202464,51,6
73296,2024-12-30,683,214660,51,11
73297,2024-12-30,684,261038,51,16
73298,2024-12-30,685,201431,51,13
64596,2024-11-18,685,221178,51,3
73299,2024-12-30,686,222602,51,13
73300,2024-12-30,687,239387,51,13
73301,2024-12-30,688,220286,51,14
73302,2024-12-30,689,260565,50,12
73303,2024-12-30,690,210645,50,13
73304,2024-12-30,691,260142,50,13
73305,2024-12-30,692,202453,49,10
73306,2024-12-30,693,260541,49,8
73307,2024-12-30,694,221259,49,12
73308,2024-12-30,695,211668,49,14
73309,2024-12-30,696,214277,48,7
73310,2024-12-30,697,246493,48,10
73311,2024-12-30,698,221996,48,7
73312,2024-12-30,699,261957,48,12
73313,2024-12-30,700,222986,48,12
73314,2024-12-30,701,220827,48,14
73315,2024-12-30,702,222390,47,17
73316,2024-12-30,703,214937,47,10
73317,2024-12-30,704,214060,47,16
73318,2024-12-30,705,223308,47,14
73319,2024-12-30,706,214728,47,4
73320,2024-12-30,707,221159,47,11
73321,2024-12-30,708,223141,47,12
73322,2024-12-30,709,259623,46,12
73323,2024-12-30,710,262886,46,4
73324,2024-12-30,711,260951,46,7
73325,2024-12-30,712,260763,46,9
73326,2024-12-30,713,241717,46,10
73327,2024-12-30,714,216078,46,11
73328,2024-12-30,715,220494,46,11
73329,2024-12-30,716,260647,46,14
73330,2024-12-30,717,206406,46,15
73331,2024-12-30,718,220493,46,16
63186,2024-11-11,719,220354,45,3
73332,2024-12-30,719,215293,46,16
73333,2024-12-30,720,216256,46,17
73334,2024-12-30,721,221062,45,13
73335,2024-12-30,722,248665,45,10
73336,2024-12-30,723,221914,45,10
73337,2024-12-30,724,219979,45,17
73338,2024-12-30,725,239491,45,17
73339,2024-12-30,726,222668,45,20
73340,2024-12-30,727,211544,45,21
73341,2024-12-30,728,222454,44,8
73342,2024-12-30,729,259916,44,8
73343,2024-12-30,730,220343,44,10
73344,2024-12-30,731,215707,44,10
73345,2024-12-30,732,260613,44,11
73346,2024-12-30,733,261015,43,8
73347,2024-12-30,734,266901,43,10
73348,2024-12-30,735,206175,43,13
73349,2024-12-30,736,214901,43,14
73350,2024-12-30,737,234474,43,15
73351,2024-12-30,738,221771,43,15
73352,2024-12-30,739,220276,43,17
73353,2024-12-30,740,219892,43,20
73354,2024-12-30,741,263869,42,11
73355,2024-12-30,742,225858,42,12
73356,2024-12-30,743,214849,42,6
73357,2024-12-30,744,220266,42,10
73358,2024-12-30,745,221773,42,11
73359,2024-12-30,746,214726,42,12
29163,2024-05-20,747,203562,44,3
73360,2024-12-30,747,216180,42,15
73361,2024-12-30,748,220578,42,18
73362,2024-12-30,749,215043,41,8
73363,2024-12-30,750,215236,41,14
73364,2024-12-30,751,260226,41,4
73365,2024-12-30,752,214877,41,6
73366,2024-12-30,753,221443,41,10
73367,2024-12-30,754,260032,41,12
73368,2024-12-30,755,210158,41,12
73369,2024-12-30,756,252535,41,13
73370,2024-12-30,757,221375,41,15
73371,2024-12-30,758,221515,40,14
73372,2024-12-30,759,266469,40,3
73373,2024-12-30,760,216373,40,4
73374,2024-12-30,761,261278,40,7
2550,2024-01-08,761,214304,42,4
73375,2024-12-30,762,214873,40,10
73376,2024-12-30,763,220048,40,10
73377,2024-12-30,764,228910,40,16
73378,2024-12-30,765,201518,39,10
73379,2024-12-30,766,214405,39,8
73380,2024-12-30,767,221069,39,13
73381,2024-12-30,768,220512,39,8
73382,2024-12-30,769,211862,39,8
73383,2024-12-30,770,213896,39,9
73384,2024-12-30,771,213972,39,9
73385,2024-12-30,772,220429,39,9
73386,2024-12-30,773,220496,39,14
73387,2024-12-30,774,213976,39,19
73388,2024-12-30,775,260514,38,14
73389,2024-12-30,776,260172,38,7
73390,2024-12-30,777,222377,38,4
73391,2024-12-30,778,264207,38,6
73392,2024-12-30,779,239393,38,13
73393,2024-12-30,780,258191,38,20
73394,2024-12-30,781,219940,37,5
73395,2024-12-30,782,236956,37,13
73396,2024-12-30,783,265701,37,3
73397,2024-12-30,784,222199,37,11
73398,2024-12-30,785,222305,37,13
73399,2024-12-30,786,236967,37,14
73400,2024-12-30,787,221982,36,7
73401,2024-12-30,788,264510,36,8
73402,2024-12-30,789,259794,36,9
73403,2024-12-30,790,223373,36,10
73404,2024-12-30,791,215784,36,14
73405,2024-12-30,792,256673,36,14
73406,2024-12-30,793,202440,35,9
73407,2024-12-30,794,260848,35,6
73408,2024-12-30,795,265688,35,14
73409,2024-12-30,796,214091,35,15
73410,2024-12-30,797,201582,35,9
73411,2024-12-30,798,259883,35,9
73412,2024-12-30,799,222008,35,7
73413,2024-12-30,800,221473,35,8
73414,2024-12-30,801,222273,35,11
73415,2024-12-30,802,220645,35,11
73416,2024-12-30,803,221413,35,12
73417,2024-12-30,804,213644,35,12
73418,2024-12-30,805,216007,35,17
73419,2024-12-30,806,223120,34,14
73420,2024-12-30,807,264967,34,4
73421,2024-12-30,808,221690,34,8
73422,2024-12-30,809,220592,34,9
73423,2024-12-30,810,222032,34,9
73424,2024-12-30,811,215492,34,9
73425,2024-12-30,812,223416,34,14
73426,2024-12-30,813,216075,34,14
73427,2024-12-30,814,211779,34,15
73428,2024-12-30,815,264151,33,11
39099,2024-07-08,815,201535,33,0
73429,2024-12-30,816,266800,33,9
73430,2024-12-30,817,221441,33,7
73431,2024-12-30,818,220497,33,9
73432,2024-12-30,819,216051,33,9
73433,2024-12-30,820,215698,33,10
73434,2024-12-30,821,222294,33,11
73435,2024-12-30,822,221903,33,11
73436,2024-12-30,823,221454,33,13
73437,2024-12-30,824,211285,33,17
73438,2024-12-30,825,260510,32,7
73439,2024-12-30,826,202425,32,4
73440,2024-12-30,827,210702,32,8
73441,2024-12-30,828,221348,32,10
73442,2024-12-30,829,222944,32,11
73443,2024-12-30,830,220614,32,16
73444,2024-12-30,831,215971,31,13
73445,2024-12-30,832,222037,31,3
73446,2024-12-30,833,215065,31,6
73447,2024-12-30,834,258195,31,6
73448,2024-12-30,835,259820,31,9
73449,2024-12-30,836,246485,31,9
73450,2024-12-30,837,260708,31,10
73451,2024-12-30,838,214007,31,11
73452,2024-12-30,839,222330,31,12
53423,2024-09-16,839,201534,30,1
53424,2024-09-16,839,204376,30,1
73453,2024-12-30,840,215042,30,5
73454,2024-12-30,841,202858,30,5
73455,2024-12-30,842,266851,30,5
73456,2024-12-30,843,239186,30,6
73457,2024-12-30,844,259779,30,6
73458,2024-12-30,845,213551,30,7
73459,2024-12-30,846,260203,30,8
73460,2024-12-30,847,260556,30,8
73461,2024-12-30,848,260539,30,9
73462,2024-12-30,849,216331,30,9
73463,2024-12-30,850,233719,30,12
73464,2024-12-30,851,214800,30,12
73465,2024-12-30,852,206336,30,16
73466,2024-12-30,853,216065,29,8
73467,2024-12-30,854,223359,29,10
73468,2024-12-30,855,221440,29,5
73469,2024-12-30,856,260141,29,6
73470,2024-12-30,857,228909,29,7
73471,2024-12-30,858,221568,29,11
73472,2024-12-30,859,219697,29,11
73473,2024-12-30,860,222637,29,14
73474,2024-12-30,861,214782,28,7
73475,2024-12-30,862,264227,28,11
73476,2024-12-30,863,263687,28,4
73477,2024-12-30,864,221789,28,4
73478,2024-12-30,865,239170,28,7
73479,2024-12-30,866,234475,28,8
73480,2024-12-30,867,220391,28,8
73481,2024-12-30,868,201701,28,8
73482,2024-12-30,869,222481,28,11
73483,2024-12-30,870,264243,28,11
47722,2024-08-19,871,202916,27,2
73484,2024-12-30,871,216315,28,12
73485,2024-12-30,872,221585,28,12
73486,2024-12-30,873,201594,27,4
73487,2024-12-30,874,220440,27,5
73488,2024-12-30,875,211432,27,8
73489,2024-12-30,876,220684,27,9
73490,2024-12-30,877,260667,27,10
73491,2024-12-30,878,216076,27,2
73492,2024-12-30,879,221834,27,3
73493,2024-12-30,880,239422,27,5
73494,2024-12-30,881,215795,27,6
73495,2024-12-30,882,260490,27,7
73496,2024-12-30,883,220453,27,8
73497,2024-12-30,884,260378,27,9
73498,2024-12-30,885,206402,27,9
73499,2024-12-30,886,214519,27,10
73500,2024-12-30,887,222891,27,10
73501,2024-12-30,888,220689,27,11
73502,2024-12-30,889,221030,27,12
73503,2024-12-30,890,223284,27,14
73504,2024-12-30,891,223371,26,11
73505,2024-12-30,892,206363,26,2
56252,2024-10-07,892,206391,25,1
73506,2024-12-30,893,254733,26,7
73507,2024-12-30,894,220825,26,10
73508,2024-12-30,895,267439,26,4
73509,2024-12-30,896,214872,26,7
73510,2024-12-30,897,259887,26,7
73511,2024-12-30,898,259758,26,8
73512,2024-12-30,899,264029,26,8
73513,2024-12-30,900,219792,26,8
73514,2024-12-30,901,221864,26,8
73515,2024-12-30,902,239157,26,9
73516,2024-12-30,903,215021,26,9
73517,2024-12-30,904,216250,26,10
73518,2024-12-30,905,215505,26,11
73519,2024-12-30,906,230876,26,11
73520,2024-12-30,907,253679,26,11
73521,2024-12-30,908,221472,26,16
73522,2024-12-30,909,201444,25,4
73523,2024-12-30,910,264973,25,13
73524,2024-12-30,911,269755,25,2
73525,2024-12-30,912,240998,25,4
73526,2024-12-30,913,231625,25,5
73527,2024-12-30,914,215970,25,6
73528,2024-12-30,915,267420,25,6
73529,2024-12-30,916,259858,25,7
19471,2024-04-01,917,215111,23,0
73530,2024-12-30,917,215440,25,8
73531,2024-12-30,918,223402,25,8
57706,2024-10-14,919,214746,23,2
73532,2024-12-30,919,254761,25,9
73533,2024-12-30,920,260599,25,9
73534,2024-12-30,921,202619,25,9
73535,2024-12-30,922,220564,25,10
73536,2024-12-30,923,221185,25,14
73537,2024-12-30,924,210913,24,9
73539,2024-12-30,925,211511,24,5
73538,2024-12-30,925,216073,24,5
73540,2024-12-30,927,221203,24,5
73541,2024-12-30,928,222225,24,7
73542,2024-12-30,929,202387,24,8
73543,2024-12-30,930,249659,24,8
73545,2024-12-30,931,245077,24,9
73544,2024-12-30,931,221182,24,9
29348,2024-05-20,932,201699,22,3
73546,2024-12-30,933,215430,24,9
73547,2024-12-30,934,260017,24,10
73548,2024-12-30,935,266450,24,12
73549,2024-12-30,936,222158,24,13
73550,2024-12-30,937,215966,24,13
73551,2024-12-30,938,244077,24,15
73552,2024-12-30,939,204434,23,3
73553,2024-12-30,940,260966,23,10
73554,2024-12-30,941,260638,23,11
73555,2024-12-30,942,215315,23,11
73556,2024-12-30,943,222202,23,5
73557,2024-12-30,944,221959,23,5
73558,2024-12-30,945,260263,23,8
73559,2024-12-30,946,222346,23,9
73560,2024-12-30,947,210672,23,11
73561,2024-12-30,948,267104,22,4
73562,2024-12-30,949,260101,22,9
73563,2024-12-30,950,266622,22,3
73564,2024-12-30,951,206037,22,7
73565,2024-12-30,952,260277,22,8
73566,2024-12-30,953,236980,22,8
5534,2024-01-22,954,211941,20,0
73567,2024-12-30,954,203449,22,9
73568,2024-12-30,955,215085,22,9
73569,2024-12-30,956,252586,22,10
73570,2024-12-30,957,221474,22,11
73571,2024-12-30,958,201691,22,13
53542,2024-09-16,958,201512,20,1
73572,2024-12-30,959,266455,22,14
73573,2024-12-30,960,213739,21,10
73574,2024-12-30,961,239102,21,5
73575,2024-12-30,962,264962,21,4
73576,2024-12-30,963,213898,21,4
73577,2024-12-30,964,267180,21,5
73578,2024-12-30,965,239446,21,6
73579,2024-12-30,966,203370,21,7
73581,2024-12-30,967,260974,21,7
73580,2024-12-30,967,260225,21,7
50705,2024-09-02,968,220732,19,0
73582,2024-12-30,969,260445,21,8
73583,2024-12-30,970,260440,21,8
73584,2024-12-30,971,220469,21,9
73585,2024-12-30,972,216179,21,9
73586,2024-12-30,973,232868,21,10
63440,2024-11-11,973,204291,20,3
73587,2024-12-30,974,220875,21,11
73588,2024-12-30,975,215616,21,11
73589,2024-12-30,976,260580,20,1
73590,2024-12-30,977,200748,20,2
73591,2024-12-30,978,254765,20,5
73592,2024-12-30,979,223326,20,5
73593,2024-12-30,980,241745,20,4
44960,2024-08-05,980,211854,18,1
73594,2024-12-30,981,263881,20,6
73595,2024-12-30,982,260766,20,7
73596,2024-12-30,983,264130,20,8
73597,2024-12-30,984,246480,20,8
73598,2024-12-30,985,216038,20,8
73599,2024-12-30,986,266448,20,9
73600,2024-12-30,987,221044,20,10
73601,2024-12-30,988,211592,20,10
73602,2024-12-30,988,252494,20,10
53573,2024-09-16,989,205941,18,2
29405,2024-05-20,989,203236,18,1
73603,2024-12-30,990,216198,20,10
57778,2024-10-14,991,252561,18,3
73604,2024-12-30,991,213789,19,7
73605,2024-12-30,992,260003,19,10
73606,2024-12-30,993,221221,19,3
73607,2024-12-30,994,225850,19,4
73608,2024-12-30,995,239454,19,4
73609,2024-12-30,996,264150,19,6
73610,2024-12-30,997,213948,19,6
73611,2024-12-30,998,239160,19,8
73612,2024-12-30,999,230881,19,9
73613,2024-12-30,1000,215174,19,9
72362,2024-12-30,1001,220642,19,11
72363,2024-12-30,1002,202446,18,2
72364,2024-12-30,1003,266937,18,5
72365,2024-12-30,1004,222000,18,9
72366,2024-12-30,1005,215735,18,9
72367,2024-12-30,1006,214589,18,9
72368,2024-12-30,1007,214771,18,9
14173,2024-03-11,1008,222987,16,0
53792,2024-09-23,1008,214733,17,3
72369,2024-12-30,1008,260765,18,2
72370,2024-12-30,1009,214882,18,5
72371,2024-12-30,1010,216107,18,5
72372,2024-12-30,1011,260480,18,6
63679,2024-11-18,1012,216263,18,1
72373,2024-12-30,1012,211967,18,6
72374,2024-12-30,1013,216316,18,6
72375,2024-12-30,1014,215467,18,7
72376,2024-12-30,1015,259575,18,7
39499,2024-07-15,1015,215798,16,3
72377,2024-12-30,1016,221104,18,8
72378,2024-12-30,1017,237454,18,8
72379,2024-12-30,1018,215301,18,9
72380,2024-12-30,1019,220551,18,10
72381,2024-12-30,1020,215721,18,12
72382,2024-12-30,1021,213541,17,6
72383,2024-12-30,1022,259753,17,6
72384,2024-12-30,1023,216357,17,2
72385,2024-12-30,1024,202640,17,3
72386,2024-12-30,1025,214934,17,4
7201,2024-02-05,1026,205125,15,2
72387,2024-12-30,1026,215956,17,7
72388,2024-12-30,1027,261021,17,8
72389,2024-12-30,1028,214398,17,8
72390,2024-12-30,1029,255666,17,10
49523,2024-09-02,1029,220598,16,0
63697,2024-11-18,1030,220371,17,3
72391,2024-12-30,1030,221258,17,11
72392,2024-12-30,1031,205918,16,4
72393,2024-12-30,1032,260709,16,6
72394,2024-12-30,1033,259905,16,8
72395,2024-12-30,1034,225854,16,12
72396,2024-12-30,1035,223452,16,2
62253,2024-11-11,1036,214106,16,2
72397,2024-12-30,1036,259871,16,3
72398,2024-12-30,1037,263980,16,5
72399,2024-12-30,1038,252516,16,5
72400,2024-12-30,1039,264066,16,6
39523,2024-07-15,1039,222034,15,2
72401,2024-12-30,1040,213775,16,7
72402,2024-12-30,1041,220828,16,8
72403,2024-12-30,1042,210533,16,8
72404,2024-12-30,1043,202939,15,3
72405,2024-12-30,1044,239390,15,4
52382,2024-09-16,1044,201483,15,1
72408,2024-12-30,1045,260880,15,1
72406,2024-12-30,1045,269870,15,1
72407,2024-12-30,1045,224488,15,1
72409,2024-12-30,1048,221627,15,3
72410,2024-12-30,1049,221242,15,3
72411,2024-12-30,1050,267115,15,4
72412,2024-12-30,1051,214317,15,4
72413,2024-12-30,1052,220447,15,5
72414,2024-12-30,1053,206339,15,5
72415,2024-12-30,1054,262880,15,5
72416,2024-12-30,1055,266379,15,6
72417,2024-12-30,1056,259914,15,6
72418,2024-12-30,1057,213830,15,6
59374,2024-10-28,1057,205815,15,3
59375,2024-10-28,1058,222866,15,3
72419,2024-12-30,1058,215161,15,6
72420,2024-12-30,1059,221979,15,7
59379,2024-10-28,1060,211598,15,1
72421,2024-12-30,1060,260137,15,7
72422,2024-12-30,1061,266467,15,7
72424,2024-12-30,1062,215353,15,8
72423,2024-12-30,1062,260993,15,8
72425,2024-12-30,1064,221197,15,9
72426,2024-12-30,1065,259590,15,9
72427,2024-12-30,1066,211043,14,8
72428,2024-12-30,1067,202478,14,6
72429,2024-12-30,1068,221173,14,6
72430,2024-12-30,1069,223427,14,7
53853,2024-09-23,1069,234481,14,3
72431,2024-12-30,1070,264966,14,2
56630,2024-10-14,1070,206211,14,3
72433,2024-12-30,1071,223404,14,3
72432,2024-12-30,1071,233718,14,3
72434,2024-12-30,1073,260845,14,3
72435,2024-12-30,1074,221661,14,4
31090,2024-06-03,1074,202631,14,0
72436,2024-12-30,1075,231641,14,4
72438,2024-12-30,1076,260254,14,5
72439,2024-12-30,1076,239435,14,5
72437,2024-12-30,1076,258192,14,5
53863,2024-09-23,1079,202611,13,1
72440,2024-12-30,1079,261049,14,5
39563,2024-07-15,1079,222376,13,1
72441,2024-12-30,1080,263676,14,6
7256,2024-02-05,1081,202579,13,1
72442,2024-12-30,1081,266549,14,6
45262,2024-08-12,1082,201694,13,3
72444,2024-12-30,1082,260296,14,6
72443,2024-12-30,1082,260926,14,6
39566,2024-07-15,1082,216163,13,2
72445,2024-12-30,1084,216319,14,6
42412,2024-07-29,1084,202496,13,1
72446,2024-12-30,1085,213793,14,6
56648,2024-10-14,1086,214295,13,2
72447,2024-12-30,1086,215818,14,7
72448,2024-12-30,1087,259686,14,7
72449,2024-12-30,1088,239158,14,10
72451,2024-12-30,1089,202701,13,2
72450,2024-12-30,1089,202570,13,2
56649,2024-10-14,1089,202645,13,2
72452,2024-12-30,1091,246476,13,7
72453,2024-12-30,1092,220891,13,1
56653,2024-10-14,1093,215627,13,2
72454,2024-12-30,1093,264143,13,4
70999,2024-12-23,1093,223161,13,3
72455,2024-12-30,1094,238205,13,4
72456,2024-12-30,1095,249668,13,5
72457,2024-12-30,1096,264064,13,5
72458,2024-12-30,1097,221370,13,5
72459,2024-12-30,1098,221868,13,5
72460,2024-12-30,1099,267651,13,5
72461,2024-12-30,1100,215248,13,5
72462,2024-12-30,1101,254754,13,5
72463,2024-12-30,1102,235161,13,5
72464,2024-12-30,1103,211382,13,6
72466,2024-12-30,1104,266805,13,7
72465,2024-12-30,1104,252509,13,7
72467,2024-12-30,1106,230121,13,8
72468,2024-12-30,1107,239474,13,8
56667,2024-10-14,1107,210754,12,1
72469,2024-12-30,1108,222193,13,9
72470,2024-12-30,1109,222655,13,11
39594,2024-07-15,1110,216023,12,3
38188,2024-07-08,1110,220462,12,0
72471,2024-12-30,1110,222312,12,1
72472,2024-12-30,1111,263853,12,2
72473,2024-12-30,1112,211021,12,2
72474,2024-12-30,1113,245079,12,3
72475,2024-12-30,1114,233728,12,3
72476,2024-12-30,1115,260767,12,3
72477,2024-12-30,1115,269259,12,3
72478,2024-12-30,1117,214460,12,4
72479,2024-12-30,1118,210926,12,4
72480,2024-12-30,1119,259851,12,4
72481,2024-12-30,1120,206400,12,4
72482,2024-12-30,1121,269254,12,4
72483,2024-12-30,1121,260085,12,4
59439,2024-10-28,1121,221114,12,2
71029,2024-12-23,1122,223336,12,4
72484,2024-12-30,1123,257867,12,4
72485,2024-12-30,1124,242450,12,5
72486,2024-12-30,1125,263944,12,5
72487,2024-12-30,1125,215854,12,5
60892,2024-11-04,1125,240999,12,4
72488,2024-12-30,1127,221371,12,5
72489,2024-12-30,1128,266374,12,6
7303,2024-02-05,1128,211216,11,2
72490,2024-12-30,1129,220749,12,7
4513,2024-01-22,1129,202469,11,0
72491,2024-12-30,1130,204366,12,8
72492,2024-12-30,1131,260693,12,8
72493,2024-12-30,1132,252571,11,6
43886,2024-08-05,1133,222659,11,2
72494,2024-12-30,1133,221939,11,6
72495,2024-12-30,1134,201414,11,4
72496,2024-12-30,1135,261066,11,7
26937,2024-05-13,1136,222762,11,0
72497,2024-12-30,1136,266403,11,1
72498,2024-12-30,1137,221202,11,2
33978,2024-06-17,1138,221278,11,2
72499,2024-12-30,1138,263974,11,2
11510,2024-02-26,1139,242443,11,6
72500,2024-12-30,1139,223159,11,3
72501,2024-12-30,1140,266409,11,3
72502,2024-12-30,1141,221100,11,3
72503,2024-12-30,1142,222633,11,4
72504,2024-12-30,1143,221414,11,4
51080,2024-09-09,1143,202702,11,3
72506,2024-12-30,1144,264085,11,5
72505,2024-12-30,1144,222416,11,5
63813,2024-11-18,1145,202503,11,2
72507,2024-12-30,1146,215272,11,5
62364,2024-11-11,1146,252491,11,3
72508,2024-12-30,1146,223146,11,5
49643,2024-09-02,1147,221988,11,0
72509,2024-12-30,1148,260695,11,5
72510,2024-12-30,1149,215776,11,7
72511,2024-12-30,1150,215222,11,7
21307,2024-04-15,1151,215050,10,2
72512,2024-12-30,1151,260098,11,8
72513,2024-12-30,1152,220695,11,9
11524,2024-02-26,1152,203586,10,3
72514,2024-12-30,1152,236968,11,9
17111,2024-03-25,1153,263719,10,0
72515,2024-12-30,1154,254748,10,2
72516,2024-12-30,1155,206253,10,3
11527,2024-02-26,1155,220174,10,3
26957,2024-05-13,1156,215092,10,0
72517,2024-12-30,1156,214691,10,4
38235,2024-07-08,1157,201590,10,0
72518,2024-12-30,1157,260612,10,8
24138,2024-04-29,1158,215684,10,0
72519,2024-12-30,1158,260971,10,2
72522,2024-12-30,1159,264961,10,3
72521,2024-12-30,1159,201612,10,3
71065,2024-12-23,1159,261130,10,2
72520,2024-12-30,1159,222623,10,3
1753,2024-01-08,1160,252492,10,2
72525,2024-12-30,1162,260042,10,3
5942,2024-01-29,1162,222696,10,2
28370,2024-05-20,1162,260091,10,2
26963,2024-05-13,1162,221496,10,0
72523,2024-12-30,1162,223210,10,3
72524,2024-12-30,1162,259576,10,3
49657,2024-09-02,1162,262873,10,0
49656,2024-09-02,1162,202628,10,0
31180,2024-06-03,1163,214679,10,0
53949,2024-09-23,1165,263866,10,2
52502,2024-09-16,1165,222924,10,2
51102,2024-09-09,1165,220470,10,2
72526,2024-12-30,1165,259569,10,4
34005,2024-06-17,1165,215110,10,2
7341,2024-02-05,1165,239172,10,3
72527,2024-12-30,1165,261098,10,4
72528,2024-12-30,1167,260368,10,4
52504,2024-09-16,1167,220353,10,2
5948,2024-01-29,1168,216398,10,3
72530,2024-12-30,1168,221010,10,4
72529,2024-12-30,1168,260323,10,4
65279,2024-11-25,1168,202456,10,3
65280,2024-11-25,1169,223164,10,2
72531,2024-12-30,1170,221310,10,4
72532,2024-12-30,1171,216340,10,5
42499,2024-07-29,1171,264144,10,2
72534,2024-12-30,1172,260479,10,5
72533,2024-12-30,1172,258529,10,5
39657,2024-07-15,1173,220709,10,3
72535,2024-12-30,1174,260352,10,6
72536,2024-12-30,1174,239484,10,6
62392,2024-11-11,1175,222989,10,3
72537,2024-12-30,1176,259744,10,6
62394,2024-11-11,1176,215799,10,3
63843,2024-11-18,1176,214766,10,3
56736,2024-10-14,1176,256716,10,3
53961,2024-09-23,1177,206277,10,3
72538,2024-12-30,1177,220841,10,7
72539,2024-12-30,1178,221207,10,8
60946,2024-11-04,1179,224485,10,1
26980,2024-05-13,1179,214777,9,0
72540,2024-12-30,1179,266381,9,4
72541,2024-12-30,1180,201329,9,6
72542,2024-12-30,1181,260779,9,5
72543,2024-12-30,1182,214032,9,6
26983,2024-05-13,1182,215489,9,0
60951,2024-11-04,1182,260787,10,3
72544,2024-12-30,1183,263808,9,7
72545,2024-12-30,1184,259614,9,4
72546,2024-12-30,1184,263818,9,4
72547,2024-12-30,1186,267382,9,4
72550,2024-12-30,1187,211477,9,5
72549,2024-12-30,1187,238331,9,5
72551,2024-12-30,1187,263666,9,5
72548,2024-12-30,1187,233745,9,5
68187,2024-12-09,1188,257863,9,3
65300,2024-11-25,1189,260150,9,4
10165,2024-02-19,1189,221342,9,3
65302,2024-11-25,1191,248667,9,3
72552,2024-12-30,1191,260715,9,5
72554,2024-12-30,1192,234506,9,5
65304,2024-11-25,1192,233743,9,3
10166,2024-02-19,1192,223074,9,3
72553,2024-12-30,1192,220159,9,5
7368,2024-02-05,1193,220500,9,3
59510,2024-10-28,1193,202656,10,3
72555,2024-12-30,1194,215131,9,5
72556,2024-12-30,1195,260762,9,6
72561,2024-12-30,1196,202430,9,7
72564,2024-12-30,1196,221542,9,7
72562,2024-12-30,1196,220356,9,7
72557,2024-12-30,1196,239449,9,7
72563,2024-12-30,1196,211059,9,7
72559,2024-12-30,1196,213827,9,7
72560,2024-12-30,1196,220321,9,7
4580,2024-01-22,1196,206069,9,0
72565,2024-12-30,1196,260957,9,7
72558,2024-12-30,1196,222358,9,7
52534,2024-09-16,1197,215763,9,3
62418,2024-11-11,1201,223337,9,3
55329,2024-10-07,1203,260370,9,3
24184,2024-04-29,1204,201399,8,0
72566,2024-12-30,1205,221254,9,8
72567,2024-12-30,1206,263995,8,6
27010,2024-05-13,1206,214442,8,0
72568,2024-12-30,1207,202457,8,3
24191,2024-04-29,1207,213572,8,0
49701,2024-09-02,1207,215553,9,0
72570,2024-12-30,1208,260261,8,3
72573,2024-12-30,1208,215926,8,3
72572,2024-12-30,1208,266378,8,3
72574,2024-12-30,1208,260694,8,3
38286,2024-07-08,1208,260764,8,0
72575,2024-12-30,1208,216121,8,3
72576,2024-12-30,1208,267462,8,3
72571,2024-12-30,1208,266764,8,3
72569,2024-12-30,1208,260664,8,3
49705,2024-09-02,1209,259605,9,0
31226,2024-06-03,1210,211887,8,0
17169,2024-03-25,1211,263646,8,0
11586,2024-02-26,1212,259763,8,3
10190,2024-02-19,1213,221077,8,3
34057,2024-06-17,1214,260555,8,3
28427,2024-05-20,1215,223216,8,3
72578,2024-12-30,1216,202379,8,3
72577,2024-12-30,1216,260860,8,3
72579,2024-12-30,1216,266761,8,3
72580,2024-12-30,1219,221346,8,4
72581,2024-12-30,1219,264180,8,4
28429,2024-05-20,1221,223291,8,3
72582,2024-12-30,1221,260956,8,4
72584,2024-12-30,1222,220972,8,4
72585,2024-12-30,1222,260279,8,4
72583,2024-12-30,1222,214654,8,4
72586,2024-12-30,1222,221376,8,4
17182,2024-03-25,1223,203553,7,0
28431,2024-05-20,1223,260717,8,3
28432,2024-05-20,1223,221901,8,3
11594,2024-02-26,1223,259915,8,3
72587,2024-12-30,1226,220633,8,4
62443,2024-11-11,1226,220020,8,3
62445,2024-11-11,1226,213721,8,3
72588,2024-12-30,1227,261132,8,5
4611,2024-01-22,1227,254743,8,0
19986,2024-04-08,1227,222413,7,3
72589,2024-12-30,1228,222847,8,5
72591,2024-12-30,1228,246518,8,5
72592,2024-12-30,1228,211310,8,5
72590,2024-12-30,1228,213661,8,5
55356,2024-10-07,1231,215045,8,3
72594,2024-12-30,1232,222856,8,6
72599,2024-12-30,1232,222838,8,6
72593,2024-12-30,1232,221248,8,6
38310,2024-07-08,1232,211881,7,0
72600,2024-12-30,1232,224482,8,6
72595,2024-12-30,1232,265197,8,6
72596,2024-12-30,1232,221148,8,6
72597,2024-12-30,1232,223153,8,6
72598,2024-12-30,1232,220430,8,6
38311,2024-07-08,1233,254759,7,0
19991,2024-04-08,1234,221016,7,3
54019,2024-09-23,1234,222649,8,3
55361,2024-10-07,1235,221194,8,3
32664,2024-06-10,1237,222381,7,3
31257,2024-06-03,1237,216229,7,0
32661,2024-06-10,1237,260752,7,3
72601,2024-12-30,1240,203557,8,6
38319,2024-07-08,1240,220472,7,0
72603,2024-12-30,1241,259854,8,7
72602,2024-12-30,1241,221140,8,7
4630,2024-01-22,1242,222839,7,0
72604,2024-12-30,1243,211412,8,8
49737,2024-09-02,1243,222041,8,0
7418,2024-02-05,1243,221345,7,3
35504,2024-06-24,1243,214426,7,3
72605,2024-12-30,1244,263775,7,7
14409,2024-03-11,1244,260374,7,0
31261,2024-06-03,1244,223198,7,0
72606,2024-12-30,1245,223163,7,4
72608,2024-12-30,1246,261129,7,6
72607,2024-12-30,1246,238068,7,6
72609,2024-12-30,1248,266720,7,7
72610,2024-12-30,1249,239460,7,3
72611,2024-12-30,1249,222689,7,3
72616,2024-12-30,1249,239126,7,3
72614,2024-12-30,1249,266723,7,3
68251,2024-12-09,1249,260992,7,3
72613,2024-12-30,1249,222274,7,3
72612,2024-12-30,1249,234247,7,3
72615,2024-12-30,1249,267428,7,3
11626,2024-02-26,1254,246508,7,3
72617,2024-12-30,1256,205492,7,3
72618,2024-12-30,1256,267408,7,3
72621,2024-12-30,1258,260062,7,3
72620,2024-12-30,1258,215833,7,3
72624,2024-12-30,1258,264248,7,3
72625,2024-12-30,1258,263801,7,3
72623,2024-12-30,1258,221165,7,3
72622,2024-12-30,1258,220719,7,3
72619,2024-12-30,1258,260199,7,3
4646,2024-01-22,1261,221127,7,0
56826,2024-10-14,1263,244075,7,3
34111,2024-06-17,1264,220312,6,3
72626,2024-12-30,1265,220675,7,3
72630,2024-12-30,1266,221621,7,4
72628,2024-12-30,1266,221213,7,4
72627,2024-12-30,1266,259607,7,4
54052,2024-09-23,1266,223084,7,3
52604,2024-09-16,1266,220031,7,3
72629,2024-12-30,1266,263654,7,4
55394,2024-10-07,1269,201425,7,3
46883,2024-08-19,1270,264073,7,3
72635,2024-12-30,1270,210870,7,4
72631,2024-12-30,1270,262895,7,4
72634,2024-12-30,1270,213698,7,4
72633,2024-12-30,1270,216119,7,4
72632,2024-12-30,1270,201511,7,4
63939,2024-11-18,1271,219663,7,3
59588,2024-10-28,1271,202481,7,3
24252,2024-04-29,1271,211594,6,0
27076,2024-05-13,1271,253671,6,0
55397,2024-10-07,1271,263766,7,3
55398,2024-10-07,1273,223424,7,3
32701,2024-06-10,1274,214875,6,3
21431,2024-04-15,1274,221433,6,3
72636,2024-12-30,1275,221097,7,4
72637,2024-12-30,1276,238071,7,5
72639,2024-12-30,1276,239478,7,5
72641,2024-12-30,1276,259965,7,5
72640,2024-12-30,1276,263625,7,5
72642,2024-12-30,1276,220436,7,5
72638,2024-12-30,1276,223006,7,5
72644,2024-12-30,1276,262883,7,5
72643,2024-12-30,1276,222177,7,5
4670,2024-01-22,1282,260456,6,0
72645,2024-12-30,1284,260699,7,5
72647,2024-12-30,1285,221933,7,6
72648,2024-12-30,1285,258199,7,6
72649,2024-12-30,1285,222095,7,6
72646,2024-12-30,1285,266819,7,6
72650,2024-12-30,1285,259719,7,6
485,2024-01-01,1286,231638,6,3
72651,2024-12-30,1290,223411,7,7
72652,2024-12-30,1290,220563,7,7
54079,2024-09-23,1291,221374,6,3
72653,2024-12-30,1292,215993,6,3
72654,2024-12-30,1293,260895,6,4
65407,2024-11-25,1293,249681,6,3
72655,2024-12-30,1293,260847,6,4
14461,2024-03-11,1294,221746,5,0
72656,2024-12-30,1295,259739,6,5
38374,2024-07-08,1296,201659,5,0
72657,2024-12-30,1296,221678,6,6
72659,2024-12-30,1297,260153,6,3
72658,2024-12-30,1297,211965,6,3
72660,2024-12-30,1299,264270,6,3
17258,2024-03-25,1299,214216,5,0
72661,2024-12-30,1299,222830,6,3
35569,2024-06-24,1300,223268,5,3
35560,2024-06-24,1300,222513,5,3
35564,2024-06-24,1300,220674,5,3
35570,2024-06-24,1300,210370,5,3
72671,2024-12-30,1301,266468,6,4
72663,2024-12-30,1301,266669,6,4
72662,2024-12-30,1301,214605,6,4
72668,2024-12-30,1301,221940,6,4
72665,2024-12-30,1301,222916,6,4
72666,2024-12-30,1301,222215,6,4
72667,2024-12-30,1301,266758,6,4
72670,2024-12-30,1301,215186,6,4
72669,2024-12-30,1301,256686,6,4
72672,2024-12-30,1301,236989,6,4
72664,2024-12-30,1301,223421,6,4
49800,2024-09-02,1302,205789,6,0
27105,2024-05-13,1303,214226,5,0
27104,2024-05-13,1303,235154,5,0
59622,2024-10-28,1303,211456,6,3
59621,2024-10-28,1303,203534,6,3
4691,2024-01-22,1307,214299,5,0
56868,2024-10-14,1308,206027,5,3
38389,2024-07-08,1310,211338,5,0
4701,2024-01-22,1310,206104,5,0
72674,2024-12-30,1312,221510,6,4
72673,2024-12-30,1312,221192,6,4
72675,2024-12-30,1312,264068,6,4
41220,2024-07-22,1314,221172,5,3
72678,2024-12-30,1315,265204,6,5
72676,2024-12-30,1315,222606,6,5
72677,2024-12-30,1315,206205,6,5
72681,2024-12-30,1318,264063,6,6
72682,2024-12-30,1318,221524,6,6
72679,2024-12-30,1318,260214,6,6
72680,2024-12-30,1318,256702,6,6
55446,2024-10-07,1321,259966,5,3
52659,2024-09-16,1322,248660,5,3
72683,2024-12-30,1322,201466,5,3
72684,2024-12-30,1323,202436,5,3
72685,2024-12-30,1324,214229,5,3
31357,2024-06-03,1324,222180,4,0
72686,2024-12-30,1325,236958,5,5
68334,2024-12-09,1325,257881,5,3
46938,2024-08-19,1325,222967,5,3
66888,2024-12-02,1325,215701,5,3
68324,2024-12-09,1325,260718,5,3
52674,2024-09-16,1325,264031,5,3
72687,2024-12-30,1325,259907,5,5
27128,2024-05-13,1326,259877,4,0
4710,2024-01-22,1326,202482,4,0
51268,2024-09-09,1327,213923,5,3
51273,2024-09-09,1327,222348,5,3
72699,2024-12-30,1327,260297,5,3
72695,2024-12-30,1327,263626,5,3
72697,2024-12-30,1327,203575,5,3
59649,2024-10-28,1327,253665,5,3
59653,2024-10-28,1327,216381,5,3
72696,2024-12-30,1327,220390,5,3
72700,2024-12-30,1327,260178,5,3
72692,2024-12-30,1327,262879,5,3
72688,2024-12-30,1327,260100,5,3
72689,2024-12-30,1327,259996,5,3
72690,2024-12-30,1327,263148,5,3
72693,2024-12-30,1327,221013,5,3
72691,2024-12-30,1327,259895,5,3
72704,2024-12-30,1327,266446,5,3
72694,2024-12-30,1327,259769,5,3
72701,2024-12-30,1327,215921,5,3
72703,2024-12-30,1327,259567,5,3
72702,2024-12-30,1327,266686,5,3
72698,2024-12-30,1327,263877,5,3
64004,2024-11-18,1328,253660,5,3
65444,2024-11-25,1328,266476,5,3
63995,2024-11-18,1328,221219,5,3
34169,2024-06-17,1329,201402,4,3
28541,2024-05-20,1331,221025,4,3
28546,2024-05-20,1331,211472,4,3
24328,2024-04-29,1332,219976,4,0
24330,2024-04-29,1332,220656,4,0
34190,2024-06-17,1337,260369,4,3
35596,2024-06-24,1337,216380,4,3
34185,2024-06-17,1337,260103,4,3
34179,2024-06-17,1337,206271,4,3
52675,2024-09-16,1338,249677,5,3
27145,2024-05-13,1343,222101,4,0
72706,2024-12-30,1344,215109,5,3
72705,2024-12-30,1344,214750,5,3
72709,2024-12-30,1346,221158,5,4
72711,2024-12-30,1346,260621,5,4
72710,2024-12-30,1346,260582,5,4
72708,2024-12-30,1346,266532,5,4
72707,2024-12-30,1346,211296,5,4
56915,2024-10-14,1348,254770,4,3
45528,2024-08-12,1348,214694,4,3
72712,2024-12-30,1351,263889,5,5
72713,2024-12-30,1351,259981,5,5
72717,2024-12-30,1351,220297,5,5
72718,2024-12-30,1351,223214,5,5
72716,2024-12-30,1351,222779,5,5
72715,2024-12-30,1351,206708,5,5
14516,2024-03-11,1351,222776,3,0
72714,2024-12-30,1351,222748,5,5
14550,2024-03-11,1355,233717,3,0
14559,2024-03-11,1355,221697,3,0
46969,2024-08-19,1356,259948,4,3
45536,2024-08-12,1356,212009,4,3
66923,2024-12-02,1356,266528,4,3
8935,2024-02-12,1356,201318,3,3
55485,2024-10-07,1357,220528,4,3
65472,2024-11-25,1357,215712,4,3
17353,2024-03-25,1357,259798,3,0
17351,2024-03-25,1357,259577,3,0
64029,2024-11-18,1358,221804,4,3
31390,2024-06-03,1358,260092,3,0
31392,2024-06-03,1358,260080,3,0
31389,2024-06-03,1358,260122,3,0
31414,2024-06-03,1358,215371,3,0
72719,2024-12-30,1358,202506,4,4
72720,2024-12-30,1359,252515,4,4
62576,2024-11-11,1359,221343,4,3
10367,2024-02-19,1360,255638,3,3
72721,2024-12-30,1360,260867,4,4
68362,2024-12-09,1360,237465,4,3
72722,2024-12-30,1361,260839,4,3
72724,2024-12-30,1361,215226,4,3
72734,2024-12-30,1361,215283,4,3
72735,2024-12-30,1361,266466,4,3
72733,2024-12-30,1361,241022,4,3
72729,2024-12-30,1361,262891,4,3
72730,2024-12-30,1361,266405,4,3
72727,2024-12-30,1361,216156,4,3
72728,2024-12-30,1361,225862,4,3
72731,2024-12-30,1361,260893,4,3
72732,2024-12-30,1361,222359,4,3
72723,2024-12-30,1361,260653,4,3
72725,2024-12-30,1361,230120,4,3
72726,2024-12-30,1361,228109,4,3
71278,2024-12-23,1362,214787,4,3
52702,2024-09-16,1362,220769,4,3
62580,2024-11-11,1362,259113,4,3
46976,2024-08-19,1362,214945,4,3
52699,2024-09-16,1362,263873,4,3
71270,2024-12-23,1362,223398,4,3
49857,2024-09-02,1363,204420,4,0
1957,2024-01-08,1363,221777,3,3
11753,2024-02-26,1363,222351,3,3
11756,2024-02-26,1363,223150,3,3
20118,2024-04-08,1364,219740,3,3
61142,2024-11-04,1364,249679,4,3
20144,2024-04-08,1364,259885,3,3
27179,2024-05-13,1365,223340,3,0
27196,2024-05-13,1365,260275,3,0
27167,2024-05-13,1365,220133,3,0
27185,2024-05-13,1365,260278,3,0
27168,2024-05-13,1365,220762,3,0
27172,2024-05-13,1365,222019,3,0
27170,2024-05-13,1365,221635,3,0
4777,2024-01-22,1365,202551,3,0
27166,2024-05-13,1365,216415,3,0
59690,2024-10-28,1367,259760,4,3
28583,2024-05-20,1367,260108,3,3
59698,2024-10-28,1367,203429,4,3
59697,2024-10-28,1367,222511,4,3
31423,2024-06-03,1367,215152,3,0
28593,2024-05-20,1367,222794,3,3
28584,2024-05-20,1367,257884,3,3
32791,2024-06-10,1367,203504,3,3
7553,2024-02-05,1369,221963,3,3
38484,2024-07-08,1369,216030,3,0
21547,2024-04-15,1370,259845,3,3
35633,2024-06-24,1373,259745,3,3
35637,2024-06-24,1373,263764,3,3
24360,2024-04-29,1373,221384,3,0
24368,2024-04-29,1373,214105,3,0
35668,2024-06-24,1373,222315,3,3
35652,2024-06-24,1373,214812,3,3
72755,2024-12-30,1375,221497,4,4
72757,2024-12-30,1375,222613,4,4
72756,2024-12-30,1375,238196,4,4
72758,2024-12-30,1375,252485,4,4
72754,2024-12-30,1375,221740,4,4
72746,2024-12-30,1375,223418,4,4
39859,2024-07-15,1375,201568,3,3
72742,2024-12-30,1375,222353,4,4
72750,2024-12-30,1375,216170,4,4
72751,2024-12-30,1375,215177,4,4
72752,2024-12-30,1375,219872,4,4
72747,2024-12-30,1375,261028,4,4
72753,2024-12-30,1375,254760,4,4
72749,2024-12-30,1375,222914,4,4
72745,2024-12-30,1375,266463,4,4
72737,2024-12-30,1375,220422,4,4
72743,2024-12-30,1375,222665,4,4
72744,2024-12-30,1375,220772,4,4
72741,2024-12-30,1375,220308,4,4
72738,2024-12-30,1375,213630,4,4
72739,2024-12-30,1375,259944,4,4
72740,2024-12-30,1375,263703,4,4
72748,2024-12-30,1375,260777,4,4
72736,2024-12-30,1375,263850,4,4
39860,2024-07-15,1376,201516,3,3
34223,2024-06-17,1376,259579,3,3
52729,2024-09-16,1377,264217,4,4
52728,2024-09-16,1377,223332,4,4
39898,2024-07-15,1379,222309,3,3
42745,2024-07-29,1384,204381,3,3
42749,2024-07-29,1384,258522,3,3
44147,2024-08-05,1385,222775,3,3
44167,2024-08-05,1385,239124,3,3
44169,2024-08-05,1385,221927,3,3
44161,2024-08-05,1385,260412,3,3
44139,2024-08-05,1385,259803,3,3
55515,2024-10-07,1390,211225,3,3
45604,2024-08-12,1395,260911,3,3
45608,2024-08-12,1395,263880,3,3
55548,2024-10-07,1395,223344,3,3
66953,2024-12-02,1395,262890,3,3
54112,2024-09-23,1396,266533,3,3
54103,2024-09-23,1396,220593,3,3
52734,2024-09-16,1397,203414,3,3
69856,2024-12-16,1397,261964,3,3
72760,2024-12-30,1398,202479,3,3
72761,2024-12-30,1398,246519,3,3
72763,2024-12-30,1398,259946,3,3
72759,2024-12-30,1398,214059,3,3
72762,2024-12-30,1398,214019,3,3
47043,2024-08-19,1399,216227,3,3
47012,2024-08-19,1399,219874,3,3
49893,2024-09-02,1399,203521,3,0
66963,2024-12-02,1400,220790,3,3
64094,2024-11-18,1400,219310,3,3
64091,2024-11-18,1400,237484,3,3
66955,2024-12-02,1400,259801,3,3
52738,2024-09-16,1401,221275,3,3
52766,2024-09-16,1401,238081,3,3
49925,2024-09-02,1402,239428,3,0
62666,2024-11-11,1402,260138,3,3
62631,2024-11-11,1402,233748,3,3
49899,2024-09-02,1402,260960,3,0
72765,2024-12-30,1403,256711,3,3
72795,2024-12-30,1403,260436,3,3
72805,2024-12-30,1403,215978,3,3
72776,2024-12-30,1403,223343,3,3
72807,2024-12-30,1403,263677,3,3
72806,2024-12-30,1403,222660,3,3
72779,2024-12-30,1403,260723,3,3
72804,2024-12-30,1403,260930,3,3
72783,2024-12-30,1403,259105,3,3
72782,2024-12-30,1403,264119,3,3
72781,2024-12-30,1403,213521,3,3
72813,2024-12-30,1403,221714,3,3
72796,2024-12-30,1403,260238,3,3
72798,2024-12-30,1403,221741,3,3
72808,2024-12-30,1403,263622,3,3
72809,2024-12-30,1403,210108,3,3
72799,2024-12-30,1403,260066,3,3
72764,2024-12-30,1403,267387,3,3
72810,2024-12-30,1403,241735,3,3
72811,2024-12-30,1403,222630,3,3
72812,2024-12-30,1403,222558,3,3
72766,2024-12-30,1403,267453,3,3
72768,2024-12-30,1403,266706,3,3
72767,2024-12-30,1403,220934,3,3
72769,2024-12-30,1403,222082,3,3
72797,2024-12-30,1403,222472,3,3
72778,2024-12-30,1403,260373,3,3
72802,2024-12-30,1403,221877,3,3
72780,2024-12-30,1403,264229,3,3
72803,2024-12-30,1403,221214,3,3
72801,2024-12-30,1403,254735,3,3
72777,2024-12-30,1403,263948,3,3
69885,2024-12-16,1403,256703,3,3
72793,2024-12-30,1403,202691,3,3
72800,2024-12-30,1403,263959,3,3
72772,2024-12-30,1403,222935,3,3
72770,2024-12-30,1403,259990,3,3
72771,2024-12-30,1403,234223,3,3
72773,2024-12-30,1403,260995,3,3
72794,2024-12-30,1403,266902,3,3
72787,2024-12-30,1403,259599,3,3
72786,2024-12-30,1403,223439,3,3
72788,2024-12-30,1403,243424,3,3
72785,2024-12-30,1403,267449,3,3
72789,2024-12-30,1403,237455,3,3
72784,2024-12-30,1403,222620,3,3
72774,2024-12-30,1403,256723,3,3
72775,2024-12-30,1403,269717,3,3
72792,2024-12-30,1403,213780,3,3
72791,2024-12-30,1403,256710,3,3
69871,2024-12-16,1403,222318,3,3
72790,2024-12-30,1403,241012,3,3
65541,2024-11-25,1404,260865,3,3
65546,2024-11-25,1404,221702,3,3
59756,2024-10-28,1404,221360,3,3
71358,2024-12-23,1407,252584,3,3
68453,2024-12-09,1407,259927,3,3
68438,2024-12-09,1407,260489,3,3
