tourney_id,tourney_name,surface,draw_size,tourney_level,tourney_date,match_num,winner_id,winner_seed,winner_entry,winner_name,winner_hand,winner_ht,winner_ioc,winner_age,loser_id,loser_seed,loser_entry,loser_name,loser_hand,loser_ht,loser_ioc,loser_age,score,best_of,round,minutes,w_ace,w_df,w_svpt,w_1stIn,w_1stWon,w_2ndWon,w_SvGms,w_bpSaved,w_bpFaced,l_ace,l_df,l_svpt,l_1stIn,l_1stWon,l_2ndWon,l_SvGms,l_bpSaved,l_bpFaced,winner_rank,winner_rank_points,loser_rank,loser_rank_points
1970-W-SL-FRA-01A-1970,Roland Garros,Clay,32,G,19700525,1,200881,,,Edith Winkens,U,,FRG,23.0,203688,,,Stephanie Bardsley,U,,CAN,,6-1 6-4,3,Q1,,,,,,,,,,,,,,,,,,,,,,,
1970-W-SL-FRA-01A-1970,Roland Garros,Clay,32,G,19700525,2,200188,,,Helen Amos,R,,AUS,21.9,203685,,,Jacqueline Le Boubennec,U,,FRA,28.1,6-1 6-8 6-2,3,Q1,,,,,,,,,,,,,,,,,,,,,,,
1970-W-SL-FRA-01A-1970,Roland Garros,Clay,32,G,19700525,3,200869,,,Maria Eugenia Guzman,U,,ECU,24.7,203689,,,Jacqueline Berson,U,,FRA,,6-2 6-1,3,Q1,,,,,,,,,,,,,,,,,,,,,,,
1970-W-SL-FRA-01A-1970,Roland Garros,Clay,32,G,19700525,4,200834,,,Suzana Gesteira,U,,BRA,22.6,200809,,,Johanne Venturino,U,,FRA,24.3,6-1 6-4,3,Q1,,,,,,,,,,,,,,,,,,,,,,,
1970-W-SL-FRA-01A-1970,Roland Garros,Clay,32,G,19700525,5,203691,,,Anne Marie Cassaigne,U,,FRA,19.1,203690,,,Leonora Peralta,U,,POR,22.4,6-2 6-2,3,Q1,,,,,,,,,,,,,,,,,,,,,,,
1970-W-SL-FRA-01A-1970,Roland Garros,Clay,32,G,19700525,6,200787,,,Fiorella Bonicelli,R,170,URU,18.4,200238,,,Nathalie Fuchs,R,,FRA,17.7,6-2 6-0,3,Q1,,,,,,,,,,,,,,,,,,,,,,,
1970-W-SL-FRA-01A-1970,Roland Garros,Clay,32,G,19700525,7,200781,,,Edda Buding,R,,FRG,33.5,200217,,,Adrienne Avis,U,,AUS,19.5,6-4 5-7 6-2,3,Q1,,,,,,,,,,,,,,,,,,,,,,,
1970-W-SL-FRA-01A-1970,Roland Garros,Clay,32,G,19700525,8,200786,,,Claudine Rouire,U,,FRA,30.9,200191,,,Frances Luff,U,,AUS,,6-1 6-0,3,Q1,,,,,,,,,,,,,,,,,,,,,,,
1970-W-SL-FRA-01A-1970,Roland Garros,Clay,32,G,19700525,9,200283,,,Pam Teeguarden,R,178,USA,19.1,200778,,,Irene Fraisse,U,,FRA,33.9,6-4 6-3,3,Q1,,,,,,,,,,,,,,,,,,,,,,,
1970-W-SL-FRA-01A-1970,Roland Garros,Clay,32,G,19700525,10,200873,,,Ana Maria Arias,U,,CHI,23.8,203686,,,Michele Mizen,U,,FRA,,5-7 15-13 6-1,3,Q2,,,,,,,,,,,,,,,,,,,,,,,
1970-W-SL-FRA-01A-1970,Roland Garros,Clay,32,G,19700525,11,200872,,,Nicole Bimes,U,,FRA,21.6,203687,,,Rita Felix,U,,SUI,23.3,W/O,3,Q2,,,,,,,,,,,,,,,,,,,,,,,
1970-W-SL-FRA-01A-1970,Roland Garros,Clay,32,G,19700525,12,200853,,,Anne Marie Larue,U,,FRA,32.3,200811,,,Junko Sawamatsu,U,,JPN,22.1,9-7 6-4,3,Q2,,,,,,,,,,,,,,,,,,,,,,,
1970-W-SL-FRA-01A-1970,Roland Garros,Clay,32,G,19700525,13,200881,,,Edith Winkens,U,,FRG,23.0,200830,,,Chantal Langanay,U,,FRA,,6-2 6-3,3,Q2,,,,,,,,,,,,,,,,,,,,,,,
1970-W-SL-FRA-01A-1970,Roland Garros,Clay,32,G,19700525,14,200188,,,Helen Amos,R,,AUS,21.9,200869,,,Maria Eugenia Guzman,U,,ECU,24.7,3-6 6-4 6-2,3,Q2,,,,,,,,,,,,,,,,,,,,,,,
1970-W-SL-FRA-01A-1970,Roland Garros,Clay,32,G,19700525,15,200834,,,Suzana Gesteira,U,,BRA,22.6,203691,,,Anne Marie Cassaigne,U,,FRA,19.1,6-0 6-1,3,Q2,,,,,,,,,,,,,,,,,,,,,,,
1970-W-SL-FRA-01A-1970,Roland Garros,Clay,32,G,19700525,16,200832,,,Daniele Bouteleux,U,,FRA,29.5,200946,,,Sylvie Rual,U,,FRA,17.3,6-1 6-2,3,Q2,,,,,,,,,,,,,,,,,,,,,,,
1970-W-SL-FRA-01A-1970,Roland Garros,Clay,32,G,19700525,17,200787,,,Fiorella Bonicelli,R,170,URU,18.4,200805,,,Aline Nenot,U,,FRA,37.0,6-2 7-5,3,Q2,,,,,,,,,,,,,,,,,,,,,,,
1970-W-SL-FRA-01A-1970,Roland Garros,Clay,32,G,19700525,18,200781,,,Edda Buding,R,,FRG,33.5,200819,,,Nicole Niox Chateau,L,,FRA,,8-6 6-3,3,Q2,,,,,,,,,,,,,,,,,,,,,,,
1970-W-SL-FRA-01A-1970,Roland Garros,Clay,32,G,19700525,19,200162,,,Judith Salome,U,,NED,21.2,200825,,,Maylis Burel,U,,FRA,26.8,6-4 6-3,3,Q2,,,,,,,,,,,,,,,,,,,,,,,
1970-W-SL-FRA-01A-1970,Roland Garros,Clay,32,G,19700525,20,200786,,,Claudine Rouire,U,,FRA,30.9,201130,,,Chikako Murakami,U,,JPN,,6-3 6-2,3,Q2,,,,,,,,,,,,,,,,,,,,,,,
1970-W-SL-FRA-01A-1970,Roland Garros,Clay,32,G,19700525,21,200283,,,Pam Teeguarden,R,178,USA,19.1,200893,,,Francoise Repoux,U,,FRA,34.5,6-1 6-2,3,Q2,,,,,,,,,,,,,,,,,,,,,,,
1970-W-SL-FRA-01A-1970,Roland Garros,Clay,32,G,19700525,22,200846,,,Michelle Rodriguez,U,,CHI,,203692,,,Madeleine Pegel,U,,SWE,25.8,6-4 6-2,3,Q2,,,,,,,,,,,,,,,,,,,,,,,
1970-W-SL-FRA-01A-1970,Roland Garros,Clay,32,G,19700525,23,200835,,,Janine Lieffrig,R,,FRA,32.1,200755,,,Daniela Marzano,U,,ITA,19.9,9-11 6-3 6-1,3,Q2,,,,,,,,,,,,,,,,,,,,,,,
1970-W-SL-FRA-01A-1970,Roland Garros,Clay,32,G,19700525,24,200854,,,Maria Teresa Nasuelli,R,,ITA,22.8,200165,,,Lany Kaligis,U,,INA,21.0,6-1 6-4,3,Q2,,,,,,,,,,,,,,,,,,,,,,,
1970-W-SL-FRA-01A-1970,Roland Garros,Clay,32,G,19700525,25,200879,,,Wendy Overton,U,,USA,23.1,200797,,,Anne Marie Studer,U,,SUI,,W/O,3,Q2,,,,,,,,,,,,,,,,,,,,,,,
1970-W-SL-FRA-01A-1970,Roland Garros,Clay,32,G,19700525,26,200873,,,Ana Maria Arias,U,,CHI,23.8,200872,,,Nicole Bimes,U,,FRA,21.6,7-5 6-2,3,Q3,,,,,,,,,,,,,,,,,,,,,,,
1970-W-SL-FRA-01A-1970,Roland Garros,Clay,32,G,19700525,27,200881,,,Edith Winkens,U,,FRG,23.0,200853,,,Anne Marie Larue,U,,FRA,32.3,6-2 6-2,3,Q3,,,,,,,,,,,,,,,,,,,,,,,
1970-W-SL-FRA-01A-1970,Roland Garros,Clay,32,G,19700525,28,200188,,,Helen Amos,R,,AUS,21.9,200834,,,Suzana Gesteira,U,,BRA,22.6,6-4 6-3,3,Q3,,,,,,,,,,,,,,,,,,,,,,,
1970-W-SL-FRA-01A-1970,Roland Garros,Clay,32,G,19700525,29,200787,,,Fiorella Bonicelli,R,170,URU,18.4,200832,,,Daniele Bouteleux,U,,FRA,29.5,6-3 6-4,3,Q3,,,,,,,,,,,,,,,,,,,,,,,
1970-W-SL-FRA-01A-1970,Roland Garros,Clay,32,G,19700525,30,200162,,,Judith Salome,U,,NED,21.2,200781,,,Edda Buding,R,,FRG,33.5,6-2 9-7,3,Q3,,,,,,,,,,,,,,,,,,,,,,,
1970-W-SL-FRA-01A-1970,Roland Garros,Clay,32,G,19700525,31,200283,,,Pam Teeguarden,R,178,USA,19.1,200786,,,Claudine Rouire,U,,FRA,30.9,6-4 6-4,3,Q3,,,,,,,,,,,,,,,,,,,,,,,
1970-W-SL-FRA-01A-1970,Roland Garros,Clay,32,G,19700525,32,200835,,,Janine Lieffrig,R,,FRA,32.1,200846,,,Michelle Rodriguez,U,,CHI,,6-2 6-3,3,Q3,,,,,,,,,,,,,,,,,,,,,,,
1970-W-SL-FRA-01A-1970,Roland Garros,Clay,32,G,19700525,33,200879,,,Wendy Overton,U,,USA,23.1,200854,,,Maria Teresa Nasuelli,R,,ITA,22.8,6-2 6-2,3,Q3,,,,,,,,,,,,,,,,,,,,,,,
1970-1006,Durban,Hard,31,W,19700406,201,200185,13,,Lesley Hunt,R,168,AUS,19.8,200217,,,Adrienne Avis,U,,AUS,19.3,6-4 6-1,3,Q1,,,,,,,,,,,,,,,,,,,,,,,
1970-1006,Durban,Hard,31,W,19700406,202,200188,,,Helen Amos,R,,AUS,21.7,200814,,,Gillian Dove,U,,RSA,,6-8 6-1 6-4,3,Q1,,,,,,,,,,,,,,,,,,,,,,,
1970-1006,Durban,Hard,31,W,19700406,203,200891,,,Daphne Pattison,U,,ZIM,21.8,223819,,,Pam Watermeyer,U,,RSA,26.3,3-6 7-5 6-0,3,Q1,,,,,,,,,,,,,,,,,,,,,,,
1970-1006,Durban,Hard,31,W,19700406,204,200808,,,Laura Rossouw,U,,RSA,23.7,200237,4,,Virginia Wade,R,170,GBR,24.7,6-4 6-4,3,Q1,,,,,,,,,,,,,,,,,,,,,,,
1970-1006,Durban,Hard,31,W,19700406,205,200193,3,,Ann Jones,L,,GBR,31.4,201102,,,Alice Tym,R,,USA,27.3,6-0 6-1,3,Q1,,,,,,,,,,,,,,,,,,,,,,,
1970-1006,Durban,Hard,31,W,19700406,206,200164,,,Joan Johnson,U,,USA,,200944,,,Rowena Sanders,R,,RSA,16.7,6-3 7-5,3,Q1,,,,,,,,,,,,,,,,,,,,,,,
1970-1006,Durban,Hard,31,W,19700406,207,201099,,,Jean Forbes,U,,RSA,30.5,200162,,,Judith Salome,U,,NED,21.1,6-1 3-6 6-4,3,Q1,,,,,,,,,,,,,,,,,,,,,,,
1970-1006,Durban,Hard,31,W,19700406,208,200868,14,,Brenda Kirk,U,,RSA,19.2,200939,,,Alison Mcmillan,U,,RSA,,9-7 6-1,3,Q1,,,,,,,,,,,,,,,,,,,,,,,
1970-1006,Durban,Hard,31,W,19700406,209,200194,11,,Francoise Durr,R,162,FRA,27.2,200192,,,Helen Kayser,U,,AUS,,6-2 6-4,3,Q1,,,,,,,,,,,,,,,,,,,,,,,
1970-1008,Rome,Clay,32,W,19700421,201,200864,,,Tiiu Kivi,U,,EST,26.3,223821,,,Paola Monami,U,,ITA,,6-1 6-1,3,Q1,,,,,,,,,,,,,,,,,,,,,,,
1970-1008,Rome,Clay,32,W,19700421,202,200789,,,Lea Pericoli,U,,ITA,35.0,200857,,,Wendy Tomlinson,U,,RSA,19.5,6-3 6-1,3,Q1,,,,,,,,,,,,,,,,,,,,,,,
1970-1008,Rome,Clay,32,W,19700421,203,200361,,,Marie Pinterova,R,175,HUN,23.6,200793,,,Mabel Vrancovich,U,,ARG,24.1,6-3 6-4,3,Q1,,,,,,,,,,,,,,,,,,,,,,,
1970-1008,Rome,Clay,32,W,19700421,204,200228,,,Olga Morozova,R,170,URS,21.1,200755,,,Daniela Marzano,U,,ITA,19.8,6-2 4-6 6-3,3,Q1,,,,,,,,,,,,,,,,,,,,,,,
1970-1008,Rome,Clay,32,W,19700421,205,201094,,,Lucia Bassi,U,,ITA,33.3,200873,,,Ana Maria Arias,U,,CHI,23.7,6-4 6-3,3,Q1,,,,,,,,,,,,,,,,,,,,,,,
1970-1008,Rome,Clay,32,W,19700421,206,200185,,,Lesley Hunt,R,168,AUS,19.8,200220,,,Patti Hogan,R,,USA,20.3,W/O,3,Q1,,,,,,,,,,,,,,,,,,,,,,,
1970-1012,Eastbourne,Grass,16,W,19700615,201,200834,,,Suzana Gesteira,U,,BRA,22.6,200883,,,Marianna Brummer,U,,RSA,20.5,6-0 10-8,3,Q1,,,,,,,,,,,,,,,,,,,,,,,
1970-1012,Eastbourne,Grass,16,W,19700615,202,200356,,,Betty Stove,R,185,NED,24.9,201131,,,Patricia Cody,U,,USA,30.4,6-1 6-3,3,Q1,,,,,,,,,,,,,,,,,,,,,,,
1970-1012,Eastbourne,Grass,16,W,19700615,203,201127,,,Gail Hansen,U,,USA,19.1,200882,,,Alena Palmeova West,U,,TCH,25.4,W/O,3,Q1,,,,,,,,,,,,,,,,,,,,,,,
1970-1012,Eastbourne,Grass,16,W,19700615,204,200185,,,Lesley Hunt,R,168,AUS,20.0,200223,,,Sharon Walsh Pete,R,174,USA,18.3,6-1 6-0,3,Q1,,,,,,,,,,,,,,,,,,,,,,,
1970-1012,Eastbourne,Grass,16,W,19700615,205,200283,,,Pam Teeguarden,R,178,USA,19.1,200361,,,Marie Pinterova,R,175,HUN,23.8,6-4 6-2,3,Q1,,,,,,,,,,,,,,,,,,,,,,,
1970-1012,Eastbourne,Grass,16,W,19700615,206,200808,,,Laura Rossouw,U,,RSA,23.9,200787,,,Fiorella Bonicelli,R,170,URU,18.4,6-2 11-9,3,Q1,,,,,,,,,,,,,,,,,,,,,,,
1970-1012,Eastbourne,Grass,16,W,19700615,207,200194,4,,Francoise Durr,R,162,FRA,27.4,201093,,,Alex Cowie,U,,GBR,23.0,6-1 6-2,3,Q1,,,,,,,,,,,,,,,,,,,,,,,
1970-1018,Indianapolis,Clay,32,W,19700727,201,201238,,,Carol Aucamp,U,171,USA,27.3,200139,,,Lita Liem,L,,INA,24.4,5-7 6-3 6-2,3,Q1,,,,,,,,,,,,,,,,,,,,,,,
1970-1018,Indianapolis,Clay,32,W,19700727,202,200298,,,Laura Dupont,R,,USA,21.2,223852,,,Louise Owen,U,,USA,40.8,6-0 6-4,3,Q1,,,,,,,,,,,,,,,,,,,,,,,
1970-1018,Indianapolis,Clay,32,W,19700727,203,201216,,,Marjorie Gengler,U,,USA,19.2,202514,,,Cecilia Rosado,U,,MEX,17.8,6-0 6-4,3,Q1,,,,,,,,,,,,,,,,,,,,,,,
1970-1018,Indianapolis,Clay,32,W,19700727,204,201240,,,Margaret Cooper,U,,USA,20.2,223567,,,Cathie Gagel,U,,USA,27.6,6-3 6-0,3,Q1,,,,,,,,,,,,,,,,,,,,,,,
1970-1018,Indianapolis,Clay,32,W,19700727,205,200152,1F,,Gail Sherriff,R,,FRA,25.3,201219,,,Jade Schiffman,U,,USA,,6-2 6-0,3,Q1,,,,,,,,,,,,,,,,,,,,,,,
1970-1018,Indianapolis,Clay,32,W,19700727,206,200845,2F,,Patricia Walkden,R,,RSA,24.4,201243,,,Shari Barman,U,173,USA,21.2,6-1 6-0,3,Q1,,,,,,,,,,,,,,,,,,,,,,,
1970-1018,Indianapolis,Clay,32,W,19700727,207,200888,,,Joan Wilshere,U,,RSA,22.3,223853,,,Martha Irby,U,,USA,,6-0 6-4,3,Q1,,,,,,,,,,,,,,,,,,,,,,,
1970-1018,Indianapolis,Clay,32,W,19700727,208,223603,,,Sherry Bedingfield,U,,USA,,223778,,,Babs Givens,U,,USA,,6-1 6-1,3,Q1,,,,,,,,,,,,,,,,,,,,,,,
1970-1018,Indianapolis,Clay,32,W,19700727,209,200886,,,Becky Vest,U,,USA,22.3,200165,,,Lany Kaligis,U,,INA,21.2,6-4 6-3,3,Q1,,,,,,,,,,,,,,,,,,,,,,,
1970-1018,Indianapolis,Clay,32,W,19700727,210,201215,,,Connie Capozzi,U,,USA,19.1,203697,,,Lucinda Crosby,U,,USA,18.0,6-1 6-1,3,Q1,,,,,,,,,,,,,,,,,,,,,,,
1970-1029,Fort Lauderdale,Clay,16,W,19700121,201,223603,,,Sherry Bedingfield,U,,USA,,223863,,,Carol Gagliano,U,,USA,,6-0 6-2,3,Q1,,,,,,,,,,,,,,,,,,,,,,,
1970-1029,Fort Lauderdale,Clay,16,W,19700121,202,200921,,,Patricia Reese,R,,USA,,223864,,,Mary Turke,U,,USA,,6-2 6-0,3,Q1,,,,,,,,,,,,,,,,,,,,,,,
1970-1030,Dallas,Carpet,8,W,19700213,201,200220,,,Patti Hogan,R,,USA,20.1,200866,,,Linda Tuero,R,163,USA,19.3,6-0 6-0,3,Q1,,,,,,,,,,,,,,,,,,,,,,,
1970-1031,Agawam,Hard,16,W,19700220,201,223872,,,Una Keyes,U,,USA,,223873,,,Gay Shaw,U,,USA,,4-6 6-0 6-2,3,Q1,,,,,,,,,,,,,,,,,,,,,,,
1970-1031,Agawam,Hard,16,W,19700220,202,200286,6,,Peggy Michel,R,,USA,21.0,223529,,,Andrea Voikos,U,,USA,,7-5 6-1,3,Q1,,,,,,,,,,,,,,,,,,,,,,,
1970-1031,Agawam,Hard,16,W,19700220,203,223874,,,Barbara Foster,U,,USA,,223875,,,Sue Goodwin,U,,USA,,4-6 6-4 6-3,3,Q1,,,,,,,,,,,,,,,,,,,,,,,
1970-1036,Houston,Clay,8,W,19700923,201,200190,3,,Billie Jean King,R,168,USA,26.8,200274,,,Julie Heldman,R,170,USA,24.7,0-0 RET,3,Q1,,,,,,,,,,,,,,,,,,,,,,,
1970-1037,Richmond,Clay,8,W,19701105,201,201236,,,Darlene Hard,R,170,USA,34.8,200876,,,Denise Carter,U,,USA,20.2,7-6 7-5,3,Q1,,,,,,,,,,,,,,,,,,,,,,,
1970-1037,Richmond,Clay,8,W,19701105,202,200862,,,Valerie Ziegenfuss,R,173,USA,21.3,223077,,,Stephanie Johnson,U,,USA,-1.0,6-0 6-4,3,Q1,,,,,,,,,,,,,,,,,,,,,,,
1970-1040,Port Talbot,Carpet,15,W,19701027,201,200901,,,Nell Truman,R,,GBR,24.8,200924,,,Penny Moor,L,,GBR,19.3,6-3 6-0,3,Q1,,,,,,,,,,,,,,,,,,,,,,,
1970-1040,Port Talbot,Carpet,15,W,19701027,202,201101,,,Janice Townsend,U,,GBR,23.3,200281,,,Jackie Fayter,U,,GBR,19.3,6-3 6-1,3,Q1,,,,,,,,,,,,,,,,,,,,,,,
1970-1041,Torquay,Carpet,32,W,19701102,201,200255,,,Lesley Charles,U,,GBR,18.2,223703,,,Sue Imhoff,U,,GBR,,6-1 6-1,3,Q1,,,,,,,,,,,,,,,,,,,,,,,
1970-1041,Torquay,Carpet,32,W,19701102,202,223579,,,Nuala Dwyer,U,,GBR,,223886,,,E Shearing,U,,GBR,,6-0 6-1,3,Q1,,,,,,,,,,,,,,,,,,,,,,,
1970-1041,Torquay,Carpet,32,W,19701102,203,201101,,,Janice Townsend,U,,GBR,23.3,223887,,,J Shearing,U,,GBR,,W/O,3,Q1,,,,,,,,,,,,,,,,,,,,,,,
1970-1041,Torquay,Carpet,32,W,19701102,204,200281,,,Jackie Fayter,U,,GBR,19.3,223799,,,Janet Wheeler,U,,GBR,,6-0 6-0,3,Q1,,,,,,,,,,,,,,,,,,,,,,,
1970-1041,Torquay,Carpet,32,W,19701102,205,200895,,,Marilyn Greenwood,U,,GBR,24.7,223888,,,S Mcpherson,U,,GBR,,6-2 6-4,3,Q1,,,,,,,,,,,,,,,,,,,,,,,
1970-1041,Torquay,Carpet,32,W,19701102,206,200902,,,Corinne Molesworth,U,,GBR,21.3,223889,,,Vivienne Merson,U,,GBR,,6-1 6-0,3,Q1,,,,,,,,,,,,,,,,,,,,,,,
1970-1041,Torquay,Carpet,32,W,19701102,207,200266,,,Sue Barker,R,165,GBR,14.5,201796,,,Jane Plackett,U,,GBR,15.6,6-2 6-1,3,Q1,,,,,,,,,,,,,,,,,,,,,,,
1970-1041,Torquay,Carpet,32,W,19701102,208,200917,,,Veronica Burton,U,,GBR,18.7,223609,,,Jane Mott,U,,GBR,,6-1 6-0,3,Q1,,,,,,,,,,,,,,,,,,,,,,,
1970-1041,Torquay,Carpet,32,W,19701102,209,200265,,,Lindsey Beaven,R,,GBR,20.8,216624,,,Barbara Walsh,U,,AUS,,3-6 6-3 6-4,3,Q1,,,,,,,,,,,,,,,,,,,,,,,
1970-1041,Torquay,Carpet,32,W,19701102,210,223890,,,Sandra Coe,U,,GBR,,223891,,,Anne Lloyd,U,,GBR,,6-1 6-3,3,Q1,,,,,,,,,,,,,,,,,,,,,,,
1970-1041,Torquay,Carpet,32,W,19701102,211,201112,,,Wendy Hall,U,,GBR,25.9,223590,,,Sally Rogers,U,,GBR,,6-3 6-4,3,Q1,,,,,,,,,,,,,,,,,,,,,,,
1970-1043,Perth,Grass,32,W,19701230,201,200811,,,Junko Sawamatsu,U,,JPN,22.7,223714,,,L Jowett,U,,AUS,,6-3 6-2,3,Q1,,,,,,,,,,,,,,,,,,,,,,,
1970-1043,Perth,Grass,32,W,19701230,202,200251,,,Kazuko Sawamatsu,U,174,JPN,19.9,200921,,,Patricia Reese,R,,USA,,6-4 11-9,3,Q1,,,,,,,,,,,,,,,,,,,,,,,
1970-1043,Perth,Grass,32,W,19701230,203,200165,,,Lany Kaligis,U,,INA,21.6,200233,,,Chris Matison,R,,AUS,19.1,6-2 6-2,3,Q1,,,,,,,,,,,,,,,,,,,,,,,
1970-1060,Munich Indoors,Carpet,,W,19700119,201,212324,,,Ellen Grindvold,U,,NOR,23.4,223576,,,Baerbel Wuestl,U,,GER,,6-3 6-4,3,Q1,,,,,,,,,,,,,,,,,,,,,,,
1970-1060,Munich Indoors,Carpet,,W,19700119,202,200901,,,Nell Truman,R,,GBR,24.1,223855,,,Amelie Hacks,U,,GER,,6-2 6-4,3,Q1,,,,,,,,,,,,,,,,,,,,,,,
1970-W-SL-GBR-01A-1970,Wimbledon,Grass,96,G,19700622,201,201130,,,Chikako Murakami,U,,JPN,,227630,,,Linda Mcdonald,U,,GBR,,2-6 6-4 6-2,3,Q1,,,,,,,,,,,,,,,,,,,,,,,
1970-W-SL-GBR-01A-1970,Wimbledon,Grass,96,G,19700622,202,200217,,,Adrienne Avis,U,,AUS,19.6,223705,,,Sarah Huntington,U,,GBR,,4-6 6-1 6-2,3,Q1,,,,,,,,,,,,,,,,,,,,,,,
1970-W-SL-GBR-01A-1970,Wimbledon,Grass,96,G,19700622,203,200895,,,Marilyn Greenwood,U,,GBR,24.3,227648,,,M C Muntola,U,,ESP,,6-0 6-3,3,Q1,,,,,,,,,,,,,,,,,,,,,,,
1970-W-SL-GBR-01A-1970,Wimbledon,Grass,96,G,19700622,204,216633,,,Mary Mcanally,U,,GBR,25.2,224262,,,Ruth Illingworth,U,,GBR,39.3,6-3 7-5,3,Q1,,,,,,,,,,,,,,,,,,,,,,,
1970-W-SL-GBR-01A-1970,Wimbledon,Grass,96,G,19700622,205,200890,,,Sonja Pachta,R,,AUT,29.1,227652,,,B Peerless,U,,GBR,,6-2 6-0,3,Q1,,,,,,,,,,,,,,,,,,,,,,,
1970-W-SL-GBR-01A-1970,Wimbledon,Grass,96,G,19700622,206,200817,,,Judy Congdon,U,,GBR,21.5,223994,,,Jackie Pallister,U,,GBR,,7-5 6-1,3,Q1,,,,,,,,,,,,,,,,,,,,,,,
1970-W-SL-GBR-01A-1970,Wimbledon,Grass,96,G,19700622,207,223659,,,Heather Allen,U,,GBR,6.0,223658,,,Nati Santacana,U,,ESP,26.1,6-1 6-2,3,Q1,,,,,,,,,,,,,,,,,,,,,,,
1970-W-SL-GBR-01A-1970,Wimbledon,Grass,96,G,19700622,208,200215,,,Susan Alexander,R,,AUS,,224240,,,Christine George,U,,GBR,,6-1 6-2,3,Q1,,,,,,,,,,,,,,,,,,,,,,,
1970-W-SL-GBR-01A-1970,Wimbledon,Grass,96,G,19700622,209,200875,,,Pamela Austin,U,,USA,20.2,203696,,,Maria Hollingsworth,U,,AUT,,6-2 6-3,3,Q1,,,,,,,,,,,,,,,,,,,,,,,
1970-W-SL-GBR-01A-1970,Wimbledon,Grass,96,G,19700622,210,200281,,,Jackie Fayter,U,,GBR,19.0,201144,,,Clare Colman,U,,GBR,18.3,6-2 6-4,3,Q1,,,,,,,,,,,,,,,,,,,,,,,
1970-W-SL-GBR-01A-1970,Wimbledon,Grass,96,G,19700622,211,212458,,,Robyn Legge,R,,NZL,19.5,227653,,,Margaret Kennedy,U,,GBR,,6-1 2-6 6-2,3,Q1,,,,,,,,,,,,,,,,,,,,,,,
1970-W-SL-GBR-01A-1970,Wimbledon,Grass,96,G,19700622,212,227650,,,S Eager,U,,GBR,,200924,,,Penny Moor,L,,GBR,18.9,7-9 6-4 6-4,3,Q1,,,,,,,,,,,,,,,,,,,,,,,
1970-W-SL-GBR-01A-1970,Wimbledon,Grass,96,G,19700622,213,200191,,,Frances Luff,U,,AUS,,223881,,,Dianne Bridger,U,,GBR,,6-3 6-4,3,Q1,,,,,,,,,,,,,,,,,,,,,,,
1970-W-SL-GBR-01A-1970,Wimbledon,Grass,96,G,19700622,214,223538,,,Sannie Gouws,U,,RSA,,200780,,,Irena Skulj,U,,YUG,24.4,4-6 6-2 6-0,3,Q1,,,,,,,,,,,,,,,,,,,,,,,
1970-W-SL-GBR-01A-1970,Wimbledon,Grass,96,G,19700622,215,224029,,,Jane Poynder,U,,GBR,,216627,,,Wendy Slaughter,U,,GBR,,5-7 6-4 6-2,3,Q1,,,,,,,,,,,,,,,,,,,,,,,
1970-W-SL-GBR-01A-1970,Wimbledon,Grass,96,G,19700622,216,216625,,,Penelope Hardgrave,U,,GBR,23.2,200255,,,Lesley Charles,U,,GBR,17.9,6-4 6-3,3,Q1,,,,,,,,,,,,,,,,,,,,,,,
1970-W-SL-GBR-01A-1970,Wimbledon,Grass,96,G,19700622,217,200162,,,Judith Salome,U,,NED,21.3,223798,,,Pepy Munslow,U,,GBR,,6-4 6-0,3,Q1,,,,,,,,,,,,,,,,,,,,,,,
1970-W-SL-GBR-01A-1970,Wimbledon,Grass,96,G,19700622,218,201218,,,Tish Adams,U,,USA,,223766,,,Carolyn Camp,U,,GBR,,7-5 9-7,3,Q1,,,,,,,,,,,,,,,,,,,,,,,
1970-W-SL-GBR-01A-1970,Wimbledon,Grass,96,G,19700622,219,201128,,,Jane Ohara,U,,CAN,18.9,223933,,,Anthea Rigby,U,,GBR,,6-4 6-2,3,Q1,,,,,,,,,,,,,,,,,,,,,,,
1970-W-SL-GBR-01A-1970,Wimbledon,Grass,96,G,19700622,220,224261,,,Janet Kemp,U,,GBR,,224001,,,Marilyn Bevan,U,,GBR,,9-7 6-1,3,Q1,,,,,,,,,,,,,,,,,,,,,,,
1970-W-SL-GBR-01A-1970,Wimbledon,Grass,96,G,19700622,221,200204,,,Sandra Walsham,U,,AUS,,200841,,,Maria Jose Aubet,U,,ESP,27.1,8-6 7-5,3,Q1,,,,,,,,,,,,,,,,,,,,,,,
1970-W-SL-GBR-01A-1970,Wimbledon,Grass,96,G,19700622,222,201147,,,Janice Tindle,U,,CAN,19.9,224248,,,Jean Fyfe,U,,GBR,,6-4 6-2,3,Q1,,,,,,,,,,,,,,,,,,,,,,,
1970-W-SL-GBR-01A-1970,Wimbledon,Grass,96,G,19700622,223,200149,,,Helen Sheedy,U,,AUS,,223882,,,Dianne Oakley Grundy,U,,GBR,,6-1 1-6 6-4,3,Q1,,,,,,,,,,,,,,,,,,,,,,,
1970-W-SL-GBR-01A-1970,Wimbledon,Grass,96,G,19700622,224,201141,,,Di Riste,U,,GBR,21.0,224663,,,Nirupama Vasant,U,,IND,23.4,7-5 2-6 6-3,3,Q1,,,,,,,,,,,,,,,,,,,,,,,
1970-W-SL-GBR-01A-1970,Wimbledon,Grass,96,G,19700622,225,201129,,,Marilyn Pryde,R,,NZL,18.1,227654,,,Hilary Merrick,U,,GBR,,6-3 6-2,3,Q1,,,,,,,,,,,,,,,,,,,,,,,
1970-W-SL-GBR-01A-1970,Wimbledon,Grass,96,G,19700622,226,200192,,,Helen Kayser,U,,AUS,,216628,,,Jenny Helliar,U,,GBR,20.0,3-6 7-5 6-4,3,Q1,,,,,,,,,,,,,,,,,,,,,,,
1970-W-SL-GBR-01A-1970,Wimbledon,Grass,96,G,19700622,227,200846,,,Michelle Rodriguez,U,,CHI,,223851,,,Lesley Wellerman,U,,GBR,,6-1 4-6 6-1,3,Q1,,,,,,,,,,,,,,,,,,,,,,,
1970-W-SL-GBR-01A-1970,Wimbledon,Grass,96,G,19700622,228,200250,,,Lindsay Blachford,U,,GBR,17.2,203688,,,Stephanie Bardsley,U,,CAN,,6-0 6-3,3,Q1,,,,,,,,,,,,,,,,,,,,,,,
1970-W-SL-GBR-01A-1970,Wimbledon,Grass,96,G,19700622,229,200796,,,Sally Holdsworth,U,,GBR,26.3,216624,,,Barbara Walsh,U,,AUS,,6-2 6-4,3,Q1,,,,,,,,,,,,,,,,,,,,,,,
1970-W-SL-GBR-01A-1970,Wimbledon,Grass,96,G,19700622,230,200811,,,Junko Sawamatsu,U,,JPN,22.1,224030,,,Belinda Orchard,U,,GBR,,6-1 6-3,3,Q1,,,,,,,,,,,,,,,,,,,,,,,
1970-W-SL-GBR-01A-1970,Wimbledon,Grass,96,G,19700622,231,200252,,,Monique Van Haver,U,,BEL,21.8,223932,,,Lorna Cornell,U,,GBR,37.4,4-6 6-3 6-2,3,Q1,,,,,,,,,,,,,,,,,,,,,,,
1970-W-SL-GBR-01A-1970,Wimbledon,Grass,96,G,19700622,232,223997,,,Sandra Okin,U,,GBR,,203692,,,Madeleine Pegel,U,,SWE,25.9,4-6 6-1 6-0,3,Q1,,,,,,,,,,,,,,,,,,,,,,,
1970-W-SL-GBR-01A-1970,Wimbledon,Grass,96,G,19700622,233,201130,,,Chikako Murakami,U,,JPN,,200217,,,Adrienne Avis,U,,AUS,19.6,6-2 6-3,3,Q2,,,,,,,,,,,,,,,,,,,,,,,
1970-W-SL-GBR-01A-1970,Wimbledon,Grass,96,G,19700622,234,200895,,,Marilyn Greenwood,U,,GBR,24.3,216633,,,Mary Mcanally,U,,GBR,25.2,6-2 6-1,3,Q2,,,,,,,,,,,,,,,,,,,,,,,
1970-W-SL-GBR-01A-1970,Wimbledon,Grass,96,G,19700622,235,200817,,,Judy Congdon,U,,GBR,21.5,200890,,,Sonja Pachta,R,,AUT,29.1,6-4 6-4,3,Q2,,,,,,,,,,,,,,,,,,,,,,,
1970-W-SL-GBR-01A-1970,Wimbledon,Grass,96,G,19700622,236,200215,,,Susan Alexander,R,,AUS,,223659,,,Heather Allen,U,,GBR,6.0,6-3 5-7 6-1,3,Q2,,,,,,,,,,,,,,,,,,,,,,,
1970-W-SL-GBR-01A-1970,Wimbledon,Grass,96,G,19700622,237,200281,,,Jackie Fayter,U,,GBR,19.0,200875,,,Pamela Austin,U,,USA,20.2,6-4 6-4,3,Q2,,,,,,,,,,,,,,,,,,,,,,,
1970-W-SL-GBR-01A-1970,Wimbledon,Grass,96,G,19700622,238,212458,,,Robyn Legge,R,,NZL,19.5,227650,,,S Eager,U,,GBR,,6-1 6-1,3,Q2,,,,,,,,,,,,,,,,,,,,,,,
1970-W-SL-GBR-01A-1970,Wimbledon,Grass,96,G,19700622,239,200191,,,Frances Luff,U,,AUS,,223538,,,Sannie Gouws,U,,RSA,,6-0 6-2,3,Q2,,,,,,,,,,,,,,,,,,,,,,,
1970-W-SL-GBR-01A-1970,Wimbledon,Grass,96,G,19700622,240,216625,,,Penelope Hardgrave,U,,GBR,23.2,224029,,,Jane Poynder,U,,GBR,,6-1 6-0,3,Q2,,,,,,,,,,,,,,,,,,,,,,,
1970-W-SL-GBR-01A-1970,Wimbledon,Grass,96,G,19700622,241,200162,,,Judith Salome,U,,NED,21.3,201218,,,Tish Adams,U,,USA,,6-2 6-3,3,Q2,,,,,,,,,,,,,,,,,,,,,,,
1970-W-SL-GBR-01A-1970,Wimbledon,Grass,96,G,19700622,242,201128,,,Jane Ohara,U,,CAN,18.9,224261,,,Janet Kemp,U,,GBR,,1-6 6-0 6-4,3,Q2,,,,,,,,,,,,,,,,,,,,,,,
1970-W-SL-GBR-01A-1970,Wimbledon,Grass,96,G,19700622,243,200204,,,Sandra Walsham,U,,AUS,,201147,,,Janice Tindle,U,,CAN,19.9,3-6 6-4 6-3,3,Q2,,,,,,,,,,,,,,,,,,,,,,,
1970-W-SL-GBR-01A-1970,Wimbledon,Grass,96,G,19700622,244,200149,,,Helen Sheedy,U,,AUS,,201141,,,Di Riste,U,,GBR,21.0,9-7 10-8,3,Q2,,,,,,,,,,,,,,,,,,,,,,,
1970-W-SL-GBR-01A-1970,Wimbledon,Grass,96,G,19700622,245,201129,,,Marilyn Pryde,R,,NZL,18.1,200192,,,Helen Kayser,U,,AUS,,6-2 6-0,3,Q2,,,,,,,,,,,,,,,,,,,,,,,
1970-W-SL-GBR-01A-1970,Wimbledon,Grass,96,G,19700622,246,200250,,,Lindsay Blachford,U,,GBR,17.2,200846,,,Michelle Rodriguez,U,,CHI,,6-2 6-4,3,Q2,,,,,,,,,,,,,,,,,,,,,,,
1970-W-SL-GBR-01A-1970,Wimbledon,Grass,96,G,19700622,247,200796,,,Sally Holdsworth,U,,GBR,26.3,200811,,,Junko Sawamatsu,U,,JPN,22.1,6-2 6-3,3,Q2,,,,,,,,,,,,,,,,,,,,,,,
1970-W-SL-GBR-01A-1970,Wimbledon,Grass,96,G,19700622,248,200252,,,Monique Van Haver,U,,BEL,21.8,223997,,,Sandra Okin,U,,GBR,,6-2 3-6 7-5,3,Q2,,,,,,,,,,,,,,,,,,,,,,,
1970-W-SL-GBR-01A-1970,Wimbledon,Grass,96,G,19700622,249,201130,,,Chikako Murakami,U,,JPN,,200895,,,Marilyn Greenwood,U,,GBR,24.3,3-6 6-4 7-5,3,Q3,,,,,,,,,,,,,,,,,,,,,,,
1970-W-SL-GBR-01A-1970,Wimbledon,Grass,96,G,19700622,250,200215,,,Susan Alexander,R,,AUS,,200817,,,Judy Congdon,U,,GBR,21.5,3-6 6-3 6-0,3,Q3,,,,,,,,,,,,,,,,,,,,,,,
1970-W-SL-GBR-01A-1970,Wimbledon,Grass,96,G,19700622,251,200281,,,Jackie Fayter,U,,GBR,19.0,212458,,,Robyn Legge,R,,NZL,19.5,6-3 6-2,3,Q3,,,,,,,,,,,,,,,,,,,,,,,
1970-W-SL-GBR-01A-1970,Wimbledon,Grass,96,G,19700622,252,200191,,,Frances Luff,U,,AUS,,216625,,,Penelope Hardgrave,U,,GBR,23.2,6-3 6-2,3,Q3,,,,,,,,,,,,,,,,,,,,,,,
1970-W-SL-GBR-01A-1970,Wimbledon,Grass,96,G,19700622,253,201128,,,Jane Ohara,U,,CAN,18.9,200162,,,Judith Salome,U,,NED,21.3,8-6 6-3,3,Q3,,,,,,,,,,,,,,,,,,,,,,,
1970-W-SL-GBR-01A-1970,Wimbledon,Grass,96,G,19700622,254,200204,,,Sandra Walsham,U,,AUS,,200149,,,Helen Sheedy,U,,AUS,,6-4 6-2,3,Q3,,,,,,,,,,,,,,,,,,,,,,,
1970-W-SL-GBR-01A-1970,Wimbledon,Grass,96,G,19700622,255,201129,,,Marilyn Pryde,R,,NZL,18.1,200250,,,Lindsay Blachford,U,,GBR,17.2,6-3 6-1,3,Q3,,,,,,,,,,,,,,,,,,,,,,,
1970-W-SL-GBR-01A-1970,Wimbledon,Grass,96,G,19700622,256,200796,,,Sally Holdsworth,U,,GBR,26.3,200252,,,Monique Van Haver,U,,BEL,21.8,6-2 9-7,3,Q3,,,,,,,,,,,,,,,,,,,,,,,
1970-1017,Cincinnati,Clay,32,W,19700720,201,200888,,,Joan Wilshere,U,,RSA,22.3,223636,,,Vicky Smouse,U,,USA,,9-7 6-4,3,Q1,,,,,,,,,,,,,,,,,,,,,,,
1970-1017,Cincinnati,Clay,32,W,19700720,202,202514,,,Cecilia Rosado,U,,MEX,17.7,227668,,,Jane Volek,U,,USA,,6-4 7-5,3,Q1,,,,,,,,,,,,,,,,,,,,,,,
1970-1017,Cincinnati,Clay,32,W,19700720,203,201240,,,Margaret Cooper,U,,USA,20.2,223526,,,Susan Eastman,U,,USA,,6-4 6-3,3,Q1,,,,,,,,,,,,,,,,,,,,,,,
1970-1017,Cincinnati,Clay,32,W,19700720,204,200951,,,Mary Struthers,U,,USA,19.9,201243,,,Shari Barman,U,173,USA,21.2,6-1 6-1,3,Q1,,,,,,,,,,,,,,,,,,,,,,,
1970-1017,Cincinnati,Clay,32,W,19700720,205,201226,,,Maricaye Christenson,U,,USA,22.5,201219,,,Jade Schiffman,U,,USA,,7-5 6-4,3,Q1,,,,,,,,,,,,,,,,,,,,,,,
1970-1017,Cincinnati,Clay,32,W,19700720,206,201241,,,Pam Farmer,U,,USA,,223567,,,Cathie Gagel,U,,USA,27.6,6-3 10-8,3,Q1,,,,,,,,,,,,,,,,,,,,,,,
1970-1017,Cincinnati,Clay,32,W,19700720,207,200896,,,Nancy Ornstein,R,,USA,17.9,200328,,,Patricia Bostrom,U,,USA,18.6,6-0 6-3,3,Q1,,,,,,,,,,,,,,,,,,,,,,,
1970-1017,Cincinnati,Clay,32,W,19700720,208,201244,,,Sue Stap,U,,USA,16.1,223603,,,Sherry Bedingfield,U,,USA,,6-3 6-3,3,Q1,,,,,,,,,,,,,,,,,,,,,,,
1970-1024,Los Angeles,Hard,32,W,19700921,201,200900,,,Barbara Downs,R,,USA,16.5,227706,,,Anita May,U,,USA,,6-1 6-2,3,Q1,,,,,,,,,,,,,,,,,,,,,,,
1970-1024,Los Angeles,Hard,32,W,19700921,202,200139,,,Lita Liem,L,,INA,24.5,223567,,,Cathie Gagel,U,,USA,27.8,2-6 6-4 7-6,3,Q1,,,,,,,,,,,,,,,,,,,,,,,
1970-1024,Los Angeles,Hard,32,W,19700921,203,200938,,,Kathy May,R,173,USA,14.2,224881,,,Pat Yeomans,U,,USA,53.3,6-4 6-2,3,Q1,,,,,,,,,,,,,,,,,,,,,,,
1970-1024,Los Angeles,Hard,32,W,19700921,204,227021,,,Nancy Parker,U,,USA,,200492,,,Tina Mochizuki,R,,USA,17.8,6-1 6-3,3,Q1,,,,,,,,,,,,,,,,,,,,,,,
1970-1024,Los Angeles,Hard,32,W,19700921,205,224890,,,Winnie Mccoy,U,,USA,,224005,,,Whitney Grant,U,,USA,,7-5 6-2,3,Q1,,,,,,,,,,,,,,,,,,,,,,,
1970-1024,Los Angeles,Hard,32,W,19700921,206,200400,,,Kate Latham,R,168,USA,17.9,223636,,,Vicky Smouse,U,,USA,,6-2 6-4,3,Q1,,,,,,,,,,,,,,,,,,,,,,,
1970-1024,Los Angeles,Hard,32,W,19700921,207,201140,,,Wendy Appleby,U,,USA,18.3,200280,,,Joy Schwikert,U,,USA,16.3,7-5 6-2,3,Q2,,,,,,,,,,,,,,,,,,,,,,,
1970-1024,Los Angeles,Hard,32,W,19700921,208,201123,,,Stephanie Grant,U,173,USA,20.2,227707,,,Nancy Zimbalist,U,,USA,26.0,6-1 6-1,3,Q2,,,,,,,,,,,,,,,,,,,,,,,
1970-1024,Los Angeles,Hard,32,W,19700921,209,223859,,,Linda Lewis,U,,USA,,201243,,,Shari Barman,U,173,USA,21.4,5-7 6-1 6-0,3,Q2,,,,,,,,,,,,,,,,,,,,,,,
1970-1024,Los Angeles,Hard,32,W,19700921,210,200233,,,Chris Matison,R,,AUS,18.8,227021,,,Nancy Parker,U,,USA,,6-3 6-3,3,Q2,,,,,,,,,,,,,,,,,,,,,,,
1970-1024,Los Angeles,Hard,32,W,19700921,211,201138,,,Tam Oshaughnessy,U,,USA,18.6,203697,,,Lucinda Crosby,U,,USA,18.1,6-4 6-2,3,Q2,,,,,,,,,,,,,,,,,,,,,,,
1970-1024,Los Angeles,Hard,32,W,19700921,212,201234,,,Pat Stewart,R,173,USA,36.0,224890,,,Winnie Mccoy,U,,USA,,6-3 6-2,3,Q2,,,,,,,,,,,,,,,,,,,,,,,
1970-1024,Los Angeles,Hard,32,W,19700921,213,200269,,,Jill Schwikert,U,,USA,16.3,202174,,,Cynthia Ann Thomas,U,,USA,17.8,6-0 6-3,3,Q2,,,,,,,,,,,,,,,,,,,,,,,
1970-1024,Los Angeles,Hard,32,W,19700921,214,223964,,,Barbara Green,U,,USA,44.0,201155,,,Erin Dignam,U,,USA,15.1,6-0 6-0,3,Q2,,,,,,,,,,,,,,,,,,,,,,,
1970-1024,Los Angeles,Hard,32,W,19700921,215,200941,,,Janice Metcalf,U,183,USA,18.1,200400,,,Kate Latham,R,168,USA,17.9,6-4 2-6 6-2,3,Q2,,,,,,,,,,,,,,,,,,,,,,,
1970-1024,Los Angeles,Hard,32,W,19700921,216,200139,,,Lita Liem,L,,INA,24.5,201140,,,Wendy Appleby,U,,USA,18.3,6-2 6-2,3,Q3,,,,,,,,,,,,,,,,,,,,,,,
1970-1024,Los Angeles,Hard,32,W,19700921,217,200900,,,Barbara Downs,R,,USA,16.5,200930,,,Julie Anthony,R,,USA,22.6,7-6 6-7 6-1,3,Q3,,,,,,,,,,,,,,,,,,,,,,,
1970-1024,Los Angeles,Hard,32,W,19700921,218,223860,,,Louise Brough,R,171,USA,47.5,200328,,,Patricia Bostrom,U,,USA,18.8,6-1 6-2,3,Q3,,,,,,,,,,,,,,,,,,,,,,,
1970-1024,Los Angeles,Hard,32,W,19700921,219,223859,,,Linda Lewis,U,,USA,,201123,,,Stephanie Grant,U,173,USA,20.2,6-3 6-1,3,Q3,,,,,,,,,,,,,,,,,,,,,,,
1970-1024,Los Angeles,Hard,32,W,19700921,220,200233,,,Chris Matison,R,,AUS,18.8,227708,,,J Preston,U,,USA,,6-3 3-6 6-2,3,Q3,,,,,,,,,,,,,,,,,,,,,,,
1970-1024,Los Angeles,Hard,32,W,19700921,221,201234,,,Pat Stewart,R,173,USA,36.0,201138,,,Tam Oshaughnessy,U,,USA,18.6,6-2 6-3,3,Q3,,,,,,,,,,,,,,,,,,,,,,,
1970-1024,Los Angeles,Hard,32,W,19700921,222,200269,,,Jill Schwikert,U,,USA,16.3,201241,,,Pam Farmer,U,,USA,,W/O,3,Q3,,,,,,,,,,,,,,,,,,,,,,,
1970-1024,Los Angeles,Hard,32,W,19700921,223,200941,,,Janice Metcalf,U,183,USA,18.1,223964,,,Barbara Green,U,,USA,44.0,7-5 6-3,3,Q3,,,,,,,,,,,,,,,,,,,,,,,
1970-1025,San Francisco,Hard,32,W,19700928,201,201138,,,Tam Oshaughnessy,U,,USA,18.6,224012,,,Rill Culver,U,,USA,,6-3 6-1,3,Q1,,,,,,,,,,,,,,,,,,,,,,,
1970-1025,San Francisco,Hard,32,W,19700928,202,200900,,,Barbara Downs,R,,USA,16.5,203697,,,Lucinda Crosby,U,,USA,18.1,6-0 6-0,3,Q1,,,,,,,,,,,,,,,,,,,,,,,
1970-1025,San Francisco,Hard,32,W,19700928,203,200796,,,Sally Holdsworth,U,,GBR,26.6,224011,,,Mary Hill,U,,USA,,5-7 6-4 7-5,3,Q1,,,,,,,,,,,,,,,,,,,,,,,
1970-1025,San Francisco,Hard,32,W,19700928,204,200275,,,Ann Kiyomura Hayashi,R,,USA,15.1,227710,,,Pat Blaskower,U,,USA,,6-1 6-0,3,Q1,,,,,,,,,,,,,,,,,,,,,,,
1970-1025,San Francisco,Hard,32,W,19700928,205,201214,,,Farel Footman,U,,USA,29.1,226278,,,Patty Polenski,U,,USA,,6-0 6-4,3,Q1,,,,,,,,,,,,,,,,,,,,,,,
1970-1025,San Francisco,Hard,32,W,19700928,206,224528,,,Pat Welles,U,,USA,,223755,,,Susan Tenney,U,,USA,,6-1 6-1,3,Q1,,,,,,,,,,,,,,,,,,,,,,,
1970-1025,San Francisco,Hard,32,W,19700928,207,223567,,,Cathie Gagel,U,,USA,27.8,227711,,,Andrea Barnes,U,,USA,,6-2 7-6,3,Q2,,,,,,,,,,,,,,,,,,,,,,,
1970-1025,San Francisco,Hard,32,W,19700928,208,201138,,,Tam Oshaughnessy,U,,USA,18.6,200947,,,Susie Mehmedbasich,R,,USA,13.0,6-1 6-4,3,Q2,,,,,,,,,,,,,,,,,,,,,,,
1970-1025,San Francisco,Hard,32,W,19700928,209,200900,,,Barbara Downs,R,,USA,16.5,200796,,,Sally Holdsworth,U,,GBR,26.6,6-0 6-3,3,Q2,,,,,,,,,,,,,,,,,,,,,,,
1970-1025,San Francisco,Hard,32,W,19700928,210,202139,,,Clare Schmoyer,U,,USA,,227712,,,Betty Lou Moglen,U,,USA,,W/O,3,Q2,,,,,,,,,,,,,,,,,,,,,,,
1970-1025,San Francisco,Hard,32,W,19700928,211,200400,,,Kate Latham,R,168,USA,17.9,201226,,,Maricaye Christenson,U,,USA,22.7,6-3 6-1,3,Q2,,,,,,,,,,,,,,,,,,,,,,,
1970-1025,San Francisco,Hard,32,W,19700928,212,200233,,,Chris Matison,R,,AUS,18.9,200275,,,Ann Kiyomura Hayashi,R,,USA,15.1,4-6 7-6 6-3,3,Q2,,,,,,,,,,,,,,,,,,,,,,,
1970-1025,San Francisco,Hard,32,W,19700928,213,201214,,,Farel Footman,U,,USA,29.1,224528,,,Pat Welles,U,,USA,,6-3 6-4,3,Q2,,,,,,,,,,,,,,,,,,,,,,,
1970-1025,San Francisco,Hard,32,W,19700928,214,201250,,,Brenda Garcia,U,,USA,16.6,200799,,,Christiane Spinoza,U,,FRA,25.4,6-3 6-4,3,Q2,,,,,,,,,,,,,,,,,,,,,,,
