tourney_id,tourney_name,surface,draw_size,tourney_level,tourney_date,match_num,winner_id,winner_seed,winner_entry,winner_name,winner_hand,winner_ht,winner_ioc,winner_age,loser_id,loser_seed,loser_entry,loser_name,loser_hand,loser_ht,loser_ioc,loser_age,score,best_of,round,minutes,w_ace,w_df,w_svpt,w_1stIn,w_1stWon,w_2ndWon,w_SvGms,w_bpSaved,w_bpFaced,l_ace,l_df,l_svpt,l_1stIn,l_1stWon,l_2ndWon,l_SvGms,l_bpSaved,l_bpFaced,winner_rank,winner_rank_points,loser_rank,loser_rank_points
1974-1045,Worcester Satellite,Carpet,,C,19740204,1,200914,,,Daryl Gralka,U,,USA,19.7,200905,,,Mariana Simionescu,R,,ROU,17.1,6-4 4-6 6-3,3,R64,,,,,,,,,,,,,,,,,,,,,,,
1974-1045,Worcester Satellite,Carpet,,C,19740204,2,200326,,,Naoko Sato,U,163,JPN,19.0,225761,,,Sue Oertel,U,,USA,,6-4 2-6 6-4,3,R64,,,,,,,,,,,,,,,,,,,,,,,
1974-1045,Worcester Satellite,Carpet,,C,19740204,3,223608,,,Hana Hublerova,U,,TCH,,223863,,,Carol Gagliano,U,,USA,,6-1 6-0,3,R64,,,,,,,,,,,,,,,,,,,,,,,
1974-1045,Worcester Satellite,Carpet,,C,19740204,4,200254,,,Michele Gurdal,U,,BEL,21.1,200280,,,Joy Schwikert,U,,USA,19.7,7-6 2-6 7-5,3,R64,,,,,,,,,,,,,,,,,,,,,,,
1974-1045,Worcester Satellite,Carpet,,C,19740204,5,200860,,,Kristy Pigeon,L,,USA,23.4,200910,,,Janet Haas,R,,USA,20.6,7-6 3-6 6-0,3,R64,,,,,,,,,,,,,,,,,,,,,,,
1974-1045,Worcester Satellite,Carpet,,C,19740204,6,223624,,,Liz Worner,U,,AUS,,226177,,,Michele Golding,U,,USA,,6-2 6-2,3,R64,,,,,,,,,,,,,,,,,,,,,,,
1974-1045,Worcester Satellite,Carpet,,C,19740204,7,200285,,,Mimi Wikstedt,U,163,SWE,19.7,201138,,,Tam Oshaughnessy,U,,USA,22.0,6-3 3-6 6-4,3,R64,,,,,,,,,,,,,,,,,,,,,,,
1974-1045,Worcester Satellite,Carpet,,C,19740204,8,200908,,,Miroslava Kozeluhova,U,,CZE,22.1,201140,,,Wendy Appleby,U,,USA,21.7,4-6 6-1 6-2,3,R64,,,,,,,,,,,,,,,,,,,,,,,
1974-1045,Worcester Satellite,Carpet,,C,19740204,9,200924,,,Penny Moor,L,,GBR,22.5,223789,,,Connie Pearson,U,,USA,,7-6 6-2,3,R64,,,,,,,,,,,,,,,,,,,,,,,
1974-1045,Worcester Satellite,Carpet,,C,19740204,10,200463,,,Terry Holladay,L,180,USA,18.1,216630,,,Gwynn Sammel,U,,RSA,18.2,6-1 6-2,3,R32,,,,,,,,,,,,,,,,,,,,,,,
1974-1045,Worcester Satellite,Carpet,,C,19740204,11,224320,,,Barbara Goldman,U,,USA,,200238,,,Nathalie Fuchs,R,,FRA,21.4,W/O,3,R32,,,,,,,,,,,,,,,,,,,,,,,
1974-1045,Worcester Satellite,Carpet,,C,19740204,12,201261,,,Lisa Doherty,U,,USA,14.9,201243,,,Shari Barman,U,173,USA,24.7,7-6 6-4,3,R32,,,,,,,,,,,,,,,,,,,,,,,
1974-1045,Worcester Satellite,Carpet,,C,19740204,13,200300,,,Sally Greer,U,,USA,18.8,223498,,,Betsy Butler,U,,USA,,6-4 6-7 6-3,3,R32,,,,,,,,,,,,,,,,,,,,,,,
1974-1045,Worcester Satellite,Carpet,,C,19740204,14,200914,,,Daryl Gralka,U,,USA,19.7,200326,,,Naoko Sato,U,163,JPN,19.0,6-4 6-4,3,R32,,,,,,,,,,,,,,,,,,,,,,,
1974-1045,Worcester Satellite,Carpet,,C,19740204,15,223608,,,Hana Hublerova,U,,TCH,,226178,,,Randy Johnson,U,,USA,,6-0 6-0,3,R32,,,,,,,,,,,,,,,,,,,,,,,
1974-1045,Worcester Satellite,Carpet,,C,19740204,16,200254,,,Michele Gurdal,U,,BEL,21.1,201151,,,Mary Mclean,U,,USA,28.3,7-6 6-0,3,R32,,,,,,,,,,,,,,,,,,,,,,,
1974-1045,Worcester Satellite,Carpet,,C,19740204,17,200311,,,Cecilia Martinez,U,,USA,26.7,200328,,,Patricia Bostrom,U,,USA,22.1,4-6 6-1 7-6,3,R32,,,,,,,,,,,,,,,,,,,,,,,
1974-1045,Worcester Satellite,Carpet,,C,19740204,18,200860,,,Kristy Pigeon,L,,USA,23.4,223624,,,Liz Worner,U,,AUS,,6-1 6-1,3,R32,,,,,,,,,,,,,,,,,,,,,,,
1974-1045,Worcester Satellite,Carpet,,C,19740204,19,200285,,,Mimi Wikstedt,U,163,SWE,19.7,200908,,,Miroslava Kozeluhova,U,,CZE,22.1,6-4 6-4,3,R32,,,,,,,,,,,,,,,,,,,,,,,
1974-1045,Worcester Satellite,Carpet,,C,19740204,20,200269,,,Jill Schwikert,U,,USA,19.7,200924,,,Penny Moor,L,,GBR,22.5,6-4 6-4,3,R32,,,,,,,,,,,,,,,,,,,,,,,
1974-1045,Worcester Satellite,Carpet,,C,19740204,21,200947,,,Susie Mehmedbasich,R,,USA,16.3,226179,,,Judy Thompson,U,,USA,,6-1 6-2,3,R32,,,,,,,,,,,,,,,,,,,,,,,
1974-1045,Worcester Satellite,Carpet,,C,19740204,22,201936,,,Anne Mette Sorensen,U,,DEN,26.5,200926,,,Donna Ganz,U,157,USA,19.2,6-4 4-6 6-1,3,R32,,,,,,,,,,,,,,,,,,,,,,,
1974-1045,Worcester Satellite,Carpet,,C,19740204,23,226180,,,Laura Gilbert,U,,USA,,200270,,,Nellemieke Brouwer,U,,NED,22.0,W/O,3,R32,,,,,,,,,,,,,,,,,,,,,,,
1974-1045,Worcester Satellite,Carpet,,C,19740204,24,201251,,,Patricia Shoolman,U,,USA,15.7,225791,,,Adrienne Straub,U,,CAN,,6-0 6-0,3,R32,,,,,,,,,,,,,,,,,,,,,,,
1974-1045,Worcester Satellite,Carpet,,C,19740204,25,200951,,,Mary Struthers,U,,USA,23.5,200320,,,Renata Tomanova,R,168,GER,19.1,6-3 6-2,3,R32,,,,,,,,,,,,,,,,,,,,,,,
1974-1045,Worcester Satellite,Carpet,,C,19740204,26,200463,,,Terry Holladay,L,180,USA,18.1,224320,,,Barbara Goldman,U,,USA,,6-1 6-0,3,R16,,,,,,,,,,,,,,,,,,,,,,,
1974-1045,Worcester Satellite,Carpet,,C,19740204,27,200300,,,Sally Greer,U,,USA,18.8,201261,,,Lisa Doherty,U,,USA,14.9,6-2 6-0,3,R16,,,,,,,,,,,,,,,,,,,,,,,
1974-1045,Worcester Satellite,Carpet,,C,19740204,28,223608,,,Hana Hublerova,U,,TCH,,200914,,,Daryl Gralka,U,,USA,19.7,3-6 6-2 6-4,3,R16,,,,,,,,,,,,,,,,,,,,,,,
1974-1045,Worcester Satellite,Carpet,,C,19740204,29,200311,,,Cecilia Martinez,U,,USA,26.7,200254,,,Michele Gurdal,U,,BEL,21.1,3-6 6-1 6-3,3,R16,,,,,,,,,,,,,,,,,,,,,,,
1974-1045,Worcester Satellite,Carpet,,C,19740204,30,200860,,,Kristy Pigeon,L,,USA,23.4,200285,,,Mimi Wikstedt,U,163,SWE,19.7,7-5 6-4,3,R16,,,,,,,,,,,,,,,,,,,,,,,
1974-1045,Worcester Satellite,Carpet,,C,19740204,31,200269,,,Jill Schwikert,U,,USA,19.7,200947,,,Susie Mehmedbasich,R,,USA,16.3,7-6 4-6 6-3,3,R16,,,,,,,,,,,,,,,,,,,,,,,
1974-1045,Worcester Satellite,Carpet,,C,19740204,32,201936,,,Anne Mette Sorensen,U,,DEN,26.5,226180,,,Laura Gilbert,U,,USA,,6-1 6-0,3,R16,,,,,,,,,,,,,,,,,,,,,,,
1974-1045,Worcester Satellite,Carpet,,C,19740204,33,201251,,,Patricia Shoolman,U,,USA,15.7,200951,,,Mary Struthers,U,,USA,23.5,6-7 7-6 6-1,3,R16,,,,,,,,,,,,,,,,,,,,,,,
1974-1045,Worcester Satellite,Carpet,,C,19740204,34,200463,,,Terry Holladay,L,180,USA,18.1,200300,,,Sally Greer,U,,USA,18.8,6-0 6-2,3,QF,,,,,,,,,,,,,,,,,,,,,,,
1974-1045,Worcester Satellite,Carpet,,C,19740204,35,200311,,,Cecilia Martinez,U,,USA,26.7,223608,,,Hana Hublerova,U,,TCH,,6-0 6-2,3,QF,,,,,,,,,,,,,,,,,,,,,,,
1974-1045,Worcester Satellite,Carpet,,C,19740204,36,200860,,,Kristy Pigeon,L,,USA,23.4,200269,,,Jill Schwikert,U,,USA,19.7,6-0 6-1,3,QF,,,,,,,,,,,,,,,,,,,,,,,
1974-1045,Worcester Satellite,Carpet,,C,19740204,37,201251,,,Patricia Shoolman,U,,USA,15.7,201936,,,Anne Mette Sorensen,U,,DEN,26.5,7-6 7-5,3,QF,,,,,,,,,,,,,,,,,,,,,,,
1974-1045,Worcester Satellite,Carpet,,C,19740204,38,200311,,,Cecilia Martinez,U,,USA,26.7,200463,,,Terry Holladay,L,180,USA,18.1,6-0 7-5,3,SF,,,,,,,,,,,,,,,,,,,,,,,
1974-1045,Worcester Satellite,Carpet,,C,19740204,39,200860,,,Kristy Pigeon,L,,USA,23.4,201251,,,Patricia Shoolman,U,,USA,15.7,2-6 6-3 7-6,3,SF,,,,,,,,,,,,,,,,,,,,,,,
1974-1045,Worcester Satellite,Carpet,,C,19740204,40,200311,,,Cecilia Martinez,U,,USA,26.7,200860,,,Kristy Pigeon,L,,USA,23.4,6-2 6-4,3,F,,,,,,,,,,,,,,,,,,,,,,,
1974-1128,Novato Satellite,Hard,,C,19740916,1,200860,,,Kristy Pigeon,L,,USA,24.0,200958,,,Helle Sparre,U,,DEN,18.2,6-2 7-5,3,QF,,,,,,,,,,,,,,,,,,,,,,,
1974-1128,Novato Satellite,Hard,,C,19740916,2,200876,,,Denise Carter,U,,USA,24.1,201151,,,Mary Mclean,U,,USA,28.9,6-4 6-0,3,QF,,,,,,,,,,,,,,,,,,,,,,,
1974-1128,Novato Satellite,Hard,,C,19740916,3,200947,,,Susie Mehmedbasich,R,,USA,16.9,200209,,,Wendy Turnbull,R,164,AUS,21.8,6-1 7-5,3,QF,,,,,,,,,,,,,,,,,,,,,,,
1974-1128,Novato Satellite,Hard,,C,19740916,4,200400,,,Kate Latham,R,168,USA,21.8,200361,,,Marie Pinterova,R,175,HUN,28.0,2-6 7-6 6-1,3,QF,,,,,,,,,,,,,,,,,,,,,,,
1974-1128,Novato Satellite,Hard,,C,19740916,5,200876,,,Denise Carter,U,,USA,24.1,200860,,,Kristy Pigeon,L,,USA,24.0,6-3 6-3,3,SF,,,,,,,,,,,,,,,,,,,,,,,
1974-1128,Novato Satellite,Hard,,C,19740916,6,200947,,,Susie Mehmedbasich,R,,USA,16.9,200400,,,Kate Latham,R,168,USA,21.8,6-2 3-6 6-1,3,SF,,,,,,,,,,,,,,,,,,,,,,,
1974-1128,Novato Satellite,Hard,,C,19740916,7,200876,,,Denise Carter,U,,USA,24.1,200947,,,Susie Mehmedbasich,R,,USA,16.9,6-4 6-2,3,F,,,,,,,,,,,,,,,,,,,,,,,
1974-1133,Stockton Satellite,Hard,,C,19740923,1,200328,,,Patricia Bostrom,U,,USA,22.8,201237,,,Pam Richmond,R,154,USA,23.9,3-6 6-3 6-3,3,R32,,,,,,,,,,,,,,,,,,,,,,,
1974-1133,Stockton Satellite,Hard,,C,19740923,2,223487,,,Heather Dahlgren,U,,AUS,,201152,,,Aleida Spex,U,,USA,19.2,7-6 6-4,3,R32,,,,,,,,,,,,,,,,,,,,,,,
1974-1133,Stockton Satellite,Hard,,C,19740923,3,200803,,,Raquel Giscafre,U,,ARG,25.3,226270,,,Karen Williams,U,,USA,,6-1 6-1,3,R32,,,,,,,,,,,,,,,,,,,,,,,
1974-1133,Stockton Satellite,Hard,,C,19740923,4,200958,,,Helle Sparre,U,,DEN,18.2,200358,,,Marcie Louie,R,,USA,21.0,7-5 6-2,3,R32,,,,,,,,,,,,,,,,,,,,,,,
1974-1133,Stockton Satellite,Hard,,C,19740923,5,200960,,,Robin Harris,U,,USA,18.4,200254,,,Michele Gurdal,U,,BEL,21.8,3-6 6-1 6-0,3,R32,,,,,,,,,,,,,,,,,,,,,,,
1974-1133,Stockton Satellite,Hard,,C,19740923,6,200916,,,Ching Ling Chang,U,,USA,25.9,223495,,,Vera Komar,U,,CAN,,6-3 6-3,3,R32,,,,,,,,,,,,,,,,,,,,,,,
1974-1133,Stockton Satellite,Hard,,C,19740923,7,200756,,,Bunny Bruning,U,,USA,17.0,225761,,,Sue Oertel,U,,USA,,6-2 6-4,3,R32,,,,,,,,,,,,,,,,,,,,,,,
1974-1133,Stockton Satellite,Hard,,C,19740923,8,200848,,,Maria Bueno,R,170,BRA,34.9,200896,,,Nancy Ornstein,R,,USA,22.1,6-2 1-6 6-3,3,R32,,,,,,,,,,,,,,,,,,,,,,,
1974-1133,Stockton Satellite,Hard,,C,19740923,9,201253,,,Sally Moore,R,,USA,34.2,200265,,,Lindsey Beaven,R,,GBR,24.7,6-3 7-6,3,R32,,,,,,,,,,,,,,,,,,,,,,,
1974-1133,Stockton Satellite,Hard,,C,19740923,10,201151,,,Mary Mclean,U,,USA,28.9,201226,,,Maricaye Christenson,U,,USA,26.6,6-4 5-7 7-5,3,R32,,,,,,,,,,,,,,,,,,,,,,,
1974-1133,Stockton Satellite,Hard,,C,19740923,11,200956,,,Carrie Meyer,R,,USA,19.0,223567,,,Cathie Gagel,U,,USA,31.8,6-1 6-0,3,R32,,,,,,,,,,,,,,,,,,,,,,,
1974-1133,Stockton Satellite,Hard,,C,19740923,12,200959,,,Mareen Louie Harper,R,,USA,14.1,226271,,,Carolyn Ishii,U,,USA,,7-6 6-2,3,R32,,,,,,,,,,,,,,,,,,,,,,,
1974-1133,Stockton Satellite,Hard,,C,19740923,13,200264,,,Helena Anliot,R,168,SWE,17.9,200280,,,Joy Schwikert,U,,USA,20.3,6-1 4-6 6-2,3,R32,,,,,,,,,,,,,,,,,,,,,,,
1974-1133,Stockton Satellite,Hard,,C,19740923,14,200951,,,Mary Struthers,U,,USA,24.1,200175,,,Mary Ann Eisel,U,,USA,27.8,6-4 6-0,3,R32,,,,,,,,,,,,,,,,,,,,,,,
1974-1133,Stockton Satellite,Hard,,C,19740923,15,200361,,,Marie Pinterova,R,175,HUN,28.1,223526,,,Susan Eastman,U,,USA,,6-2 6-3,3,R32,,,,,,,,,,,,,,,,,,,,,,,
1974-1133,Stockton Satellite,Hard,,C,19740923,16,200328,,,Patricia Bostrom,U,,USA,22.8,223487,,,Heather Dahlgren,U,,AUS,,6-1 6-2,3,R16,,,,,,,,,,,,,,,,,,,,,,,
1974-1133,Stockton Satellite,Hard,,C,19740923,17,200803,,,Raquel Giscafre,U,,ARG,25.3,200958,,,Helle Sparre,U,,DEN,18.2,6-0 7-5,3,R16,,,,,,,,,,,,,,,,,,,,,,,
1974-1133,Stockton Satellite,Hard,,C,19740923,18,200960,,,Robin Harris,U,,USA,18.4,200916,,,Ching Ling Chang,U,,USA,25.9,6-3 6-3,3,R16,,,,,,,,,,,,,,,,,,,,,,,
1974-1133,Stockton Satellite,Hard,,C,19740923,19,200848,,,Maria Bueno,R,170,BRA,34.9,200756,,,Bunny Bruning,U,,USA,17.0,6-2 6-2,3,R16,,,,,,,,,,,,,,,,,,,,,,,
1974-1133,Stockton Satellite,Hard,,C,19740923,20,201253,,,Sally Moore,R,,USA,34.2,201151,,,Mary Mclean,U,,USA,28.9,6-4 4-6 6-2,3,R16,,,,,,,,,,,,,,,,,,,,,,,
1974-1133,Stockton Satellite,Hard,,C,19740923,21,200956,,,Carrie Meyer,R,,USA,19.0,200959,,,Mareen Louie Harper,R,,USA,14.1,6-3 6-4,3,R16,,,,,,,,,,,,,,,,,,,,,,,
1974-1133,Stockton Satellite,Hard,,C,19740923,22,200264,,,Helena Anliot,R,168,SWE,17.9,200951,,,Mary Struthers,U,,USA,24.1,2-6 6-1 6-2,3,R16,,,,,,,,,,,,,,,,,,,,,,,
1974-1133,Stockton Satellite,Hard,,C,19740923,23,200361,,,Marie Pinterova,R,175,HUN,28.1,203692,,,Madeleine Pegel,U,,SWE,30.1,6-2 6-4,3,R16,,,,,,,,,,,,,,,,,,,,,,,
1974-1133,Stockton Satellite,Hard,,C,19740923,24,200803,,,Raquel Giscafre,U,,ARG,25.3,200328,,,Patricia Bostrom,U,,USA,22.8,3-6 6-1 7-5,3,QF,,,,,,,,,,,,,,,,,,,,,,,
1974-1133,Stockton Satellite,Hard,,C,19740923,25,200960,,,Robin Harris,U,,USA,18.4,200848,,,Maria Bueno,R,170,BRA,34.9,W/O,3,QF,,,,,,,,,,,,,,,,,,,,,,,
1974-1133,Stockton Satellite,Hard,,C,19740923,26,200956,,,Carrie Meyer,R,,USA,19.0,201253,,,Sally Moore,R,,USA,34.2,6-3 6-2,3,QF,,,,,,,,,,,,,,,,,,,,,,,
1974-1133,Stockton Satellite,Hard,,C,19740923,27,200264,,,Helena Anliot,R,168,SWE,17.9,200361,,,Marie Pinterova,R,175,HUN,28.1,6-4 6-2,3,QF,,,,,,,,,,,,,,,,,,,,,,,
1974-1133,Stockton Satellite,Hard,,C,19740923,28,200803,,,Raquel Giscafre,U,,ARG,25.3,200960,,,Robin Harris,U,,USA,18.4,0-6 6-2 6-1,3,SF,,,,,,,,,,,,,,,,,,,,,,,
1974-1133,Stockton Satellite,Hard,,C,19740923,29,200956,,,Carrie Meyer,R,,USA,19.0,200264,,,Helena Anliot,R,168,SWE,17.9,6-3 6-4,3,SF,,,,,,,,,,,,,,,,,,,,,,,
1974-1133,Stockton Satellite,Hard,,C,19740923,30,200956,,,Carrie Meyer,R,,USA,19.0,200803,,,Raquel Giscafre,U,,ARG,25.3,4-6 6-1 6-2,3,F,,,,,,,,,,,,,,,,,,,,,,,
1974-1134,Aptos Satellite,Hard,,C,19740930,1,200328,,,Patricia Bostrom,U,,USA,22.8,201152,,,Aleida Spex,U,,USA,19.2,6-2 7-5,3,R32,,,,,,,,,,,,,,,,,,,,,,,
1974-1134,Aptos Satellite,Hard,,C,19740930,2,200916,,,Ching Ling Chang,U,,USA,25.9,203692,,,Madeleine Pegel,U,,SWE,30.1,6-1 6-3,3,R32,,,,,,,,,,,,,,,,,,,,,,,
1974-1134,Aptos Satellite,Hard,,C,19740930,3,223526,,,Susan Eastman,U,,USA,,226272,,,Susan Brown,U,,USA,,6-4 1-6 6-2,3,R32,,,,,,,,,,,,,,,,,,,,,,,
1974-1134,Aptos Satellite,Hard,,C,19740930,4,201257,,,Carol Baily,U,,USA,23.9,200977,,,Dana Gilbert,U,,USA,14.8,2-6 6-3 7-6,3,R32,,,,,,,,,,,,,,,,,,,,,,,
1974-1134,Aptos Satellite,Hard,,C,19740930,5,201253,,,Sally Moore,R,,USA,34.3,200358,,,Marcie Louie,R,,USA,21.0,6-3 7-6,3,R32,,,,,,,,,,,,,,,,,,,,,,,
1974-1134,Aptos Satellite,Hard,,C,19740930,6,200328,,,Patricia Bostrom,U,,USA,22.8,200916,,,Ching Ling Chang,U,,USA,25.9,6-4 6-4,3,R16,,,,,,,,,,,,,,,,,,,,,,,
1974-1134,Aptos Satellite,Hard,,C,19740930,7,200896,,,Nancy Ornstein,R,,USA,22.1,223526,,,Susan Eastman,U,,USA,,6-1 6-4,3,R16,,,,,,,,,,,,,,,,,,,,,,,
1974-1134,Aptos Satellite,Hard,,C,19740930,8,201226,,,Maricaye Christenson,U,,USA,26.7,200175,,,Mary Ann Eisel,U,,USA,27.8,6-4 6-2,3,R16,,,,,,,,,,,,,,,,,,,,,,,
1974-1134,Aptos Satellite,Hard,,C,19740930,9,200351,,,Lindsay Morse,U,,USA,19.6,200875,,,Pamela Austin,U,,USA,24.5,6-2 6-4,3,R16,,,,,,,,,,,,,,,,,,,,,,,
1974-1134,Aptos Satellite,Hard,,C,19740930,10,223567,,,Cathie Gagel,U,,USA,31.8,201257,,,Carol Baily,U,,USA,23.9,6-0 6-1,3,R16,,,,,,,,,,,,,,,,,,,,,,,
1974-1134,Aptos Satellite,Hard,,C,19740930,11,200756,,,Bunny Bruning,U,,USA,17.0,200285,,,Mimi Wikstedt,U,163,SWE,20.4,2-6 7-5 6-3,3,R16,,,,,,,,,,,,,,,,,,,,,,,
1974-1134,Aptos Satellite,Hard,,C,19740930,12,201253,,,Sally Moore,R,,USA,34.3,226218,,,Nancy Zaro,U,,USA,,7-6 6-0,3,R16,,,,,,,,,,,,,,,,,,,,,,,
1974-1134,Aptos Satellite,Hard,,C,19740930,13,200328,,,Patricia Bostrom,U,,USA,22.8,200896,,,Nancy Ornstein,R,,USA,22.1,6-2 6-3,3,QF,,,,,,,,,,,,,,,,,,,,,,,
1974-1134,Aptos Satellite,Hard,,C,19740930,14,201151,,,Mary Mclean,U,,USA,29.0,201226,,,Maricaye Christenson,U,,USA,26.7,6-1 6-3,3,QF,,,,,,,,,,,,,,,,,,,,,,,
1974-1134,Aptos Satellite,Hard,,C,19740930,15,200351,,,Lindsay Morse,U,,USA,19.6,223567,,,Cathie Gagel,U,,USA,31.8,6-3 6-3,3,QF,,,,,,,,,,,,,,,,,,,,,,,
1974-1134,Aptos Satellite,Hard,,C,19740930,16,200756,,,Bunny Bruning,U,,USA,17.0,201253,,,Sally Moore,R,,USA,34.3,7-5 6-4,3,QF,,,,,,,,,,,,,,,,,,,,,,,
1974-1134,Aptos Satellite,Hard,,C,19740930,17,200328,,,Patricia Bostrom,U,,USA,22.8,201151,,,Mary Mclean,U,,USA,29.0,6-1 5-7 6-1,3,SF,,,,,,,,,,,,,,,,,,,,,,,
1974-1134,Aptos Satellite,Hard,,C,19740930,18,200351,,,Lindsay Morse,U,,USA,19.6,200756,,,Bunny Bruning,U,,USA,17.0,7-5 6-4,3,SF,,,,,,,,,,,,,,,,,,,,,,,
1974-1134,Aptos Satellite,Hard,,C,19740930,19,200351,,,Lindsay Morse,U,,USA,19.6,200328,,,Patricia Bostrom,U,,USA,22.8,6-2 6-2,3,F,,,,,,,,,,,,,,,,,,,,,,,
1974-W-SL-FRA-01A-1974,Roland Garros,Clay,64,G,19740603,1,200908,,,Miroslava Kozeluhova,U,,CZE,22.4,203712,,,Huguette Barat,U,,FRA,,6-2 6-1,3,Q1,,,,,,,,,,,,,,,,,,,,,,,
1974-W-SL-FRA-01A-1974,Roland Garros,Clay,64,G,19740603,2,200262,,,Jenny Walker,U,,AUS,18.1,200890,,,Sonja Pachta,R,,AUT,33.1,W/O,3,Q1,,,,,,,,,,,,,,,,,,,,,,,
1974-W-SL-FRA-01A-1974,Roland Garros,Clay,64,G,19740603,3,203713,,,Silvana Belardinelli,U,,ITA,19.1,203686,,,Michele Mizen,U,,FRA,,3-6 6-3 6-4,3,Q1,,,,,,,,,,,,,,,,,,,,,,,
1974-W-SL-FRA-01A-1974,Roland Garros,Clay,64,G,19740603,4,200333,,,Betsy Nagelsen,R,175,USA,17.6,200907,,,Carmen Perea Alcala,U,,ESP,22.0,6-1 6-3,3,Q1,,,,,,,,,,,,,,,,,,,,,,,
1974-W-SL-FRA-01A-1974,Roland Garros,Clay,64,G,19740603,5,200337,,,Virginia Ruzici,R,173,ROU,19.3,202213,,,Bunny Smith,U,,USA,27.8,6-3 6-4,3,Q1,,,,,,,,,,,,,,,,,,,,,,,
1974-W-SL-FRA-01A-1974,Roland Garros,Clay,64,G,19740603,6,203714,,,Marketa Wallenfels,U,,FRG,30.1,200903,,,Hideko Goto,U,,JPN,25.1,6-3 6-3,3,Q1,,,,,,,,,,,,,,,,,,,,,,,
1974-W-SL-FRA-01A-1974,Roland Garros,Clay,64,G,19740603,7,203693,,,Marie Christine Brochard,U,,FRA,,200934,,,Beatrix Klein,U,,HUN,21.3,W/O,3,Q1,,,,,,,,,,,,,,,,,,,,,,,
1974-W-SL-FRA-01A-1974,Roland Garros,Clay,64,G,19740603,8,200280,,,Joy Schwikert,U,,USA,20.0,203705,,,Susanne Korpas,U,,GER,,W/O,3,Q1,,,,,,,,,,,,,,,,,,,,,,,
1974-W-SL-FRA-01A-1974,Roland Garros,Clay,64,G,19740603,9,200326,,,Naoko Sato,U,163,JPN,19.4,200312,,,Frederique Thibault,U,,FRA,20.0,6-3 6-3,3,Q1,,,,,,,,,,,,,,,,,,,,,,,
1974-W-SL-FRA-01A-1974,Roland Garros,Clay,64,G,19740603,10,203715,,,Karin Boshoff,U,,RSA,21.0,200972,,,Dominique Beillan,U,,FRA,19.0,W/O,3,Q1,,,,,,,,,,,,,,,,,,,,,,,
1974-W-SL-FRA-01A-1974,Roland Garros,Clay,64,G,19740603,11,203716,,,D Jainer,U,,USA,,203717,,,K Bluhm,U,,USA,,W/O,3,Q1,,,,,,,,,,,,,,,,,,,,,,,
1974-W-SL-FRA-01A-1974,Roland Garros,Clay,64,G,19740603,12,200905,,,Mariana Simionescu,R,,ROU,17.5,203718,,,Martine Le Rays,U,,FRA,,7-6 7-6,3,Q1,,,,,,,,,,,,,,,,,,,,,,,
1974-W-SL-FRA-01A-1974,Roland Garros,Clay,64,G,19740603,13,203719,,,B Dalzell,U,,USA,,200210,,,Norma Eastburn,U,,AUS,,W/O,3,Q1,,,,,,,,,,,,,,,,,,,,,,,
1974-W-SL-FRA-01A-1974,Roland Garros,Clay,64,G,19740603,14,200912,,,Christine Gimmig,U,,FRA,17.0,203720,,,Julie James,U,,USA,,W/O,3,Q1,,,,,,,,,,,,,,,,,,,,,,,
1974-W-SL-FRA-01A-1974,Roland Garros,Clay,64,G,19740603,15,200898,,,Erzsebet Szell,U,,HUN,28.4,200846,,,Michelle Rodriguez,U,,CHI,,6-3 6-0,3,Q1,,,,,,,,,,,,,,,,,,,,,,,
1974-W-SL-FRA-01A-1974,Roland Garros,Clay,64,G,19740603,16,200872,,,Nicole Bimes,U,,FRA,25.7,203721,,,R Witeker,U,,USA,,W/O,3,Q1,,,,,,,,,,,,,,,,,,,,,,,
1974-W-SL-FRA-01A-1974,Roland Garros,Clay,64,G,19740603,17,200314,,,Brigitte Simon Glinel,U,,FRA,17.5,200256,,,Chris Oneil,R,175,AUS,18.2,W/O,3,Q1,,,,,,,,,,,,,,,,,,,,,,,
1974-W-SL-FRA-01A-1974,Roland Garros,Clay,64,G,19740603,18,200923,,,Maria Victoria Baldovinos Cibeira,U,,ESP,21.3,200869,,,Maria Eugenia Guzman,U,,ECU,28.7,W/O,3,Q1,,,,,,,,,,,,,,,,,,,,,,,
1974-W-SL-FRA-01A-1974,Roland Garros,Clay,64,G,19740603,19,200915,,,Antonella Rosa,U,,ITA,17.3,203722,,,Lucia Rios De Almeida,U,,BRA,,6-2 6-0,3,Q1,,,,,,,,,,,,,,,,,,,,,,,
1974-W-SL-FRA-01A-1974,Roland Garros,Clay,64,G,19740603,20,200855,,,Erzsebet Polgar,U,,HUN,,200850,,,Monique Salfati,R,,ITA,29.0,W/O,3,Q1,,,,,,,,,,,,,,,,,,,,,,,
1974-W-SL-FRA-01A-1974,Roland Garros,Clay,64,G,19740603,21,200853,,,Anne Marie Larue,U,,FRA,36.3,203723,,,Vera Lucia Giugni,U,,BRA,24.2,6-2 6-3,3,Q1,,,,,,,,,,,,,,,,,,,,,,,
1974-W-SL-FRA-01A-1974,Roland Garros,Clay,64,G,19740603,22,200460,,,Regina Marsikova,U,,CZE,15.4,203696,,,Maria Hollingsworth,U,,AUT,,2-6 6-3 3-0 RET,3,Q1,,,,,,,,,,,,,,,,,,,,,,,
1974-W-SL-FRA-01A-1974,Roland Garros,Clay,64,G,19740603,23,200269,,,Jill Schwikert,U,,USA,20.0,203724,,,Meiko Miyashita,U,,JPN,,6-3 6-3,3,Q1,,,,,,,,,,,,,,,,,,,,,,,
1974-W-SL-FRA-01A-1974,Roland Garros,Clay,64,G,19740603,24,200825,,,Maylis Burel,U,,FRA,30.9,200208,,,Mandy Morgan,U,,AUS,,W/O,3,Q1,,,,,,,,,,,,,,,,,,,,,,,
1974-W-SL-FRA-01A-1974,Roland Garros,Clay,64,G,19740603,25,200914,,,Daryl Gralka,U,,USA,20.0,203725,,,Patricia Rime,U,,FRA,,6-1 6-4,3,Q1,,,,,,,,,,,,,,,,,,,,,,,
1974-W-SL-FRA-01A-1974,Roland Garros,Clay,64,G,19740603,26,200178,,,Sue Hastings,U,,AUS,,203726,,,Laura Falconieri,U,,ITA,7.0,6-0 6-1,3,Q1,,,,,,,,,,,,,,,,,,,,,,,
1974-W-SL-FRA-01A-1974,Roland Garros,Clay,64,G,19740603,27,203727,,,Elisabeth Du Fresne Girard,U,,FRA,,200935,,,Florenta Mihai,R,165,ROU,18.7,W/O,3,Q1,,,,,,,,,,,,,,,,,,,,,,,
1974-W-SL-FRA-01A-1974,Roland Garros,Clay,64,G,19740603,28,200873,,,Ana Maria Arias,U,,CHI,27.8,203728,,,Agnes Graczol,U,,HUN,24.1,W/O,3,Q1,,,,,,,,,,,,,,,,,,,,,,,
1974-W-SL-FRA-01A-1974,Roland Garros,Clay,64,G,19740603,29,200264,,,Helena Anliot,R,168,SWE,17.6,203729,,,Catherine De Lorme,U,,FRA,,6-2 6-1,3,Q1,,,,,,,,,,,,,,,,,,,,,,,
1974-W-SL-FRA-01A-1974,Roland Garros,Clay,64,G,19740603,30,200234,,,Pam Whytcross,U,,AUS,20.5,201249,,,Rosalba Vido,U,,ITA,21.4,W/O,3,Q1,,,,,,,,,,,,,,,,,,,,,,,
1974-W-SL-FRA-01A-1974,Roland Garros,Clay,64,G,19740603,31,200921,,,Patricia Reese,R,,USA,,200794,,,Marianne Kindler,U,,SUI,25.8,6-0 6-3,3,Q1,,,,,,,,,,,,,,,,,,,,,,,
1974-W-SL-FRA-01A-1974,Roland Garros,Clay,64,G,19740603,32,200878,,,Katalin Borka,U,,HUN,22.3,203730,,,Barbara Kral,U,,POL,25.8,W/O,3,Q1,,,,,,,,,,,,,,,,,,,,,,,
1974-W-SL-FRA-01A-1974,Roland Garros,Clay,64,G,19740603,33,200908,,,Miroslava Kozeluhova,U,,CZE,22.4,200262,,,Jenny Walker,U,,AUS,18.1,W/O,3,Q2,,,,,,,,,,,,,,,,,,,,,,,
1974-W-SL-FRA-01A-1974,Roland Garros,Clay,64,G,19740603,34,200333,,,Betsy Nagelsen,R,175,USA,17.6,203713,,,Silvana Belardinelli,U,,ITA,19.1,6-1 6-4,3,Q2,,,,,,,,,,,,,,,,,,,,,,,
1974-W-SL-FRA-01A-1974,Roland Garros,Clay,64,G,19740603,35,200337,,,Virginia Ruzici,R,173,ROU,19.3,203714,,,Marketa Wallenfels,U,,FRG,30.1,6-3 6-1,3,Q2,,,,,,,,,,,,,,,,,,,,,,,
1974-W-SL-FRA-01A-1974,Roland Garros,Clay,64,G,19740603,36,200280,,,Joy Schwikert,U,,USA,20.0,203693,,,Marie Christine Brochard,U,,FRA,,6-7 6-3 6-1,3,Q2,,,,,,,,,,,,,,,,,,,,,,,
1974-W-SL-FRA-01A-1974,Roland Garros,Clay,64,G,19740603,37,200326,,,Naoko Sato,U,163,JPN,19.4,203715,,,Karin Boshoff,U,,RSA,21.0,6-3 1-6 6-3,3,Q2,,,,,,,,,,,,,,,,,,,,,,,
1974-W-SL-FRA-01A-1974,Roland Garros,Clay,64,G,19740603,38,200905,,,Mariana Simionescu,R,,ROU,17.5,203716,,,D Jainer,U,,USA,,W/O,3,Q2,,,,,,,,,,,,,,,,,,,,,,,
1974-W-SL-FRA-01A-1974,Roland Garros,Clay,64,G,19740603,39,200912,,,Christine Gimmig,U,,FRA,17.0,203719,,,B Dalzell,U,,USA,,6-2 6-1,3,Q2,,,,,,,,,,,,,,,,,,,,,,,
1974-W-SL-FRA-01A-1974,Roland Garros,Clay,64,G,19740603,40,200872,,,Nicole Bimes,U,,FRA,25.7,200898,,,Erzsebet Szell,U,,HUN,28.4,6-4 4-6 6-2,3,Q2,,,,,,,,,,,,,,,,,,,,,,,
1974-W-SL-FRA-01A-1974,Roland Garros,Clay,64,G,19740603,41,200923,,,Maria Victoria Baldovinos Cibeira,U,,ESP,21.3,200314,,,Brigitte Simon Glinel,U,,FRA,17.5,W/O,3,Q2,,,,,,,,,,,,,,,,,,,,,,,
1974-W-SL-FRA-01A-1974,Roland Garros,Clay,64,G,19740603,42,200915,,,Antonella Rosa,U,,ITA,17.3,200855,,,Erzsebet Polgar,U,,HUN,,6-2 1-6 6-4,3,Q2,,,,,,,,,,,,,,,,,,,,,,,
1974-W-SL-FRA-01A-1974,Roland Garros,Clay,64,G,19740603,43,200460,,,Regina Marsikova,U,,CZE,15.4,200853,,,Anne Marie Larue,U,,FRA,36.3,6-1 6-1,3,Q2,,,,,,,,,,,,,,,,,,,,,,,
1974-W-SL-FRA-01A-1974,Roland Garros,Clay,64,G,19740603,44,200825,,,Maylis Burel,U,,FRA,30.9,200269,,,Jill Schwikert,U,,USA,20.0,6-4 6-4,3,Q2,,,,,,,,,,,,,,,,,,,,,,,
1974-W-SL-FRA-01A-1974,Roland Garros,Clay,64,G,19740603,45,200914,,,Daryl Gralka,U,,USA,20.0,200178,,,Sue Hastings,U,,AUS,,6-4 6-4,3,Q2,,,,,,,,,,,,,,,,,,,,,,,
1974-W-SL-FRA-01A-1974,Roland Garros,Clay,64,G,19740603,46,200873,,,Ana Maria Arias,U,,CHI,27.8,203727,,,Elisabeth Du Fresne Girard,U,,FRA,,6-2 6-3,3,Q2,,,,,,,,,,,,,,,,,,,,,,,
1974-W-SL-FRA-01A-1974,Roland Garros,Clay,64,G,19740603,47,200264,,,Helena Anliot,R,168,SWE,17.6,200234,,,Pam Whytcross,U,,AUS,20.5,W/O,3,Q2,,,,,,,,,,,,,,,,,,,,,,,
1974-W-SL-FRA-01A-1974,Roland Garros,Clay,64,G,19740603,48,200921,,,Patricia Reese,R,,USA,,200878,,,Katalin Borka,U,,HUN,22.3,W/O,3,Q2,,,,,,,,,,,,,,,,,,,,,,,
1974-W-SL-FRA-01A-1974,Roland Garros,Clay,64,G,19740603,49,200908,,,Miroslava Kozeluhova,U,,CZE,22.4,200333,,,Betsy Nagelsen,R,175,USA,17.6,6-1 6-3,3,Q3,,,,,,,,,,,,,,,,,,,,,,,
1974-W-SL-FRA-01A-1974,Roland Garros,Clay,64,G,19740603,50,200337,,,Virginia Ruzici,R,173,ROU,19.3,200280,,,Joy Schwikert,U,,USA,20.0,6-3 6-1,3,Q3,,,,,,,,,,,,,,,,,,,,,,,
1974-W-SL-FRA-01A-1974,Roland Garros,Clay,64,G,19740603,51,200905,,,Mariana Simionescu,R,,ROU,17.5,200326,,,Naoko Sato,U,163,JPN,19.4,6-3 6-1,3,Q3,,,,,,,,,,,,,,,,,,,,,,,
1974-W-SL-FRA-01A-1974,Roland Garros,Clay,64,G,19740603,52,200912,,,Christine Gimmig,U,,FRA,17.0,200872,,,Nicole Bimes,U,,FRA,25.7,0-6 6-3 6-2,3,Q3,,,,,,,,,,,,,,,,,,,,,,,
1974-W-SL-FRA-01A-1974,Roland Garros,Clay,64,G,19740603,53,200923,,,Maria Victoria Baldovinos Cibeira,U,,ESP,21.3,200915,,,Antonella Rosa,U,,ITA,17.3,6-4 6-4,3,Q3,,,,,,,,,,,,,,,,,,,,,,,
1974-W-SL-FRA-01A-1974,Roland Garros,Clay,64,G,19740603,54,200460,,,Regina Marsikova,U,,CZE,15.4,200825,,,Maylis Burel,U,,FRA,30.9,6-4 6-3,3,Q3,,,,,,,,,,,,,,,,,,,,,,,
1974-W-SL-FRA-01A-1974,Roland Garros,Clay,64,G,19740603,55,200873,,,Ana Maria Arias,U,,CHI,27.8,200914,,,Daryl Gralka,U,,USA,20.0,6-3 6-7 6-4,3,Q3,,,,,,,,,,,,,,,,,,,,,,,
1974-W-SL-FRA-01A-1974,Roland Garros,Clay,64,G,19740603,56,200921,,,Patricia Reese,R,,USA,,200264,,,Helena Anliot,R,168,SWE,17.6,6-3 6-1,3,Q3,,,,,,,,,,,,,,,,,,,,,,,
1974-1003,New South Wales,Grass,32,W,19740101,201,200192,,,Helen Kayser,U,,AUS,,200310,,,Julie Hanrahan,U,,AUS,,6-2 6-2,3,Q1,,,,,,,,,,,,,,,,,,,,,,,
1974-1003,New South Wales,Grass,32,W,19740101,202,200249,,,Joan Walker,U,,ZIM,,200148,,,Marilyn Tesch,U,,AUS,,6-3 6-0,3,Q1,,,,,,,,,,,,,,,,,,,,,,,
1974-1003,New South Wales,Grass,32,W,19740101,203,200285,,,Mimi Wikstedt,U,163,SWE,19.6,200239,,,Kathy Walker,U,,AUS,,3-6 6-1 6-2,3,Q1,,,,,,,,,,,,,,,,,,,,,,,
1974-1003,New South Wales,Grass,32,W,19740101,204,200234,,,Pam Whytcross,U,,AUS,20.1,200270,,,Nellemieke Brouwer,U,,NED,22.0,2-6 7-6 6-4,3,Q1,,,,,,,,,,,,,,,,,,,,,,,
1974-1003,New South Wales,Grass,32,W,19740101,205,223519,,,Sue Hole,U,,AUS,,200271,,,Margareta Strandberg,U,,SWE,22.7,4-6 7-6 6-3,3,Q1,,,,,,,,,,,,,,,,,,,,,,,
1974-1003,New South Wales,Grass,32,W,19740101,206,223486,,,Gai Healey,U,,AUS,,223520,,,Sue Alexander Rodriguez Fuertes,U,,AUS,,1-6 7-6 6-4,3,Q1,,,,,,,,,,,,,,,,,,,,,,,
1974-1003,New South Wales,Grass,32,W,19740101,207,223521,,,Anneloes Schothorst,U,,NED,,200301,,,Lois Raymond,U,,AUS,,6-4 6-3,3,Q1,,,,,,,,,,,,,,,,,,,,,,,
1974-1003,New South Wales,Grass,32,W,19740101,208,200299,,,Kaye Hallam,U,,AUS,16.7,200280,,,Joy Schwikert,U,,USA,19.6,7-6 6-3,3,Q1,,,,,,,,,,,,,,,,,,,,,,,
1974-1003,New South Wales,Grass,32,W,19740101,209,200203,,,Vicki Lancaster Kerr,U,,AUS,22.9,200273,,,Nerida Gregory,U,,AUS,17.6,6-4 4-6 10-8,3,Q1,,,,,,,,,,,,,,,,,,,,,,,
1974-1003,New South Wales,Grass,32,W,19740101,210,200282,,,Jenny Dimond,U,,AUS,18.1,200216,,,Janet Fallis,U,,AUS,,6-3 6-0,3,Q1,,,,,,,,,,,,,,,,,,,,,,,
1974-1003,New South Wales,Grass,32,W,19740101,211,200281,,,Jackie Fayter,U,,GBR,22.5,200134,,,Kerry Ballard,U,,AUS,24.0,6-2 6-2,3,Q1,,,,,,,,,,,,,,,,,,,,,,,
1974-1003,New South Wales,Grass,32,W,19740101,212,200265,,,Lindsey Beaven,R,,GBR,24.0,200269,,,Jill Schwikert,U,,USA,19.6,6-1 4-6 6-0,3,Q1,,,,,,,,,,,,,,,,,,,,,,,
1974-1003,New South Wales,Grass,32,W,19740101,213,200267,,,Isabelle Larsson,U,,SWE,,200256,,,Chris Oneil,R,175,AUS,17.7,4-2 RET,3,Q1,,,,,,,,,,,,,,,,,,,,,,,
1974-1029,Cardiff,Carpet,16,W,19741028,201,201118,,,Tine Zwaan,R,,NED,27.3,200894,,,Isabel Fernandez De Soto,U,,COL,24.1,6-4 6-1,3,Q1,,,,,,,,,,,,,,,,,,,,,,,
1974-1029,Cardiff,Carpet,16,W,19741028,202,200238,,,Nathalie Fuchs,R,,FRA,22.1,200281,,,Jackie Fayter,U,,GBR,23.3,6-3 6-0,3,Q1,,,,,,,,,,,,,,,,,,,,,,,
1974-1029,Cardiff,Carpet,16,W,19741028,203,200302,,,Linda Mottram,R,,GBR,17.4,200255,,,Lesley Charles,U,,GBR,22.2,7-5 6-1,3,Q1,,,,,,,,,,,,,,,,,,,,,,,
1974-1029,Cardiff,Carpet,16,W,19741028,204,200333,,,Betsy Nagelsen,R,175,USA,18.0,201092,,,Joyce Williams,U,,GBR,30.2,6-3 6-7 6-4,3,Q1,,,,,,,,,,,,,,,,,,,,,,,
1974-1030,Edinburgh,Carpet,16,W,19741104,201,200255,,,Lesley Charles,U,,GBR,22.3,200223,,,Sharon Walsh Pete,R,174,USA,22.6,6-3 6-3,3,Q1,,,,,,,,,,,,,,,,,,,,,,,
1974-1030,Edinburgh,Carpet,16,W,19741104,202,200371,,,Mima Jausovec,R,160,SLO,18.2,200265,,,Lindsey Beaven,R,,GBR,24.8,7-6 6-0,3,Q1,,,,,,,,,,,,,,,,,,,,,,,
1974-1030,Edinburgh,Carpet,16,W,19741104,203,200894,,,Isabel Fernandez De Soto,U,,COL,24.1,200302,,,Linda Mottram,R,,GBR,17.4,6-1 7-5,3,Q1,,,,,,,,,,,,,,,,,,,,,,,
1974-1030,Edinburgh,Carpet,16,W,19741104,204,200238,,,Nathalie Fuchs,R,,FRA,22.1,201146,,,Annette Coe,L,,GBR,20.6,6-1 7-5,3,Q1,,,,,,,,,,,,,,,,,,,,,,,
1974-1033,Adelaide,Grass,32,W,19741202,201,200253,,,Kiyoko Nomura,U,,JPN,20.0,223544,,,J Howard,U,,AUS,,6-0 6-0,3,Q1,,,,,,,,,,,,,,,,,,,,,,,
1974-1033,Adelaide,Grass,32,W,19741202,202,200297,,,Natasha Chmyreva,U,,URS,16.5,223545,,,L De Crop,U,,BEL,,6-1 6-0,3,Q1,,,,,,,,,,,,,,,,,,,,,,,
1974-1033,Adelaide,Grass,32,W,19741202,203,200311,,,Cecilia Martinez,U,,USA,27.5,200188,,,Helen Amos,R,,AUS,26.4,7-6 6-2,3,Q1,,,,,,,,,,,,,,,,,,,,,,,
1974-1033,Adelaide,Grass,32,W,19741202,204,200308,,,Kym Ruddell,U,,AUS,19.3,200307,,,Kerry Neill,U,,AUS,,6-3 6-1,3,Q1,,,,,,,,,,,,,,,,,,,,,,,
1974-1033,Adelaide,Grass,32,W,19741202,205,200300,,,Sally Greer,U,,USA,19.6,200302,,,Linda Mottram,R,,GBR,17.5,6-4 6-3,3,Q1,,,,,,,,,,,,,,,,,,,,,,,
1974-1033,Adelaide,Grass,32,W,19741202,206,200266,8,,Sue Barker,R,165,GBR,18.6,223546,,,Daphne Fancutt,U,,AUS,,6-4 6-1,3,Q1,,,,,,,,,,,,,,,,,,,,,,,
1974-1033,Adelaide,Grass,32,W,19741202,207,200264,,,Helena Anliot,R,168,SWE,18.1,223547,,,Alma Cox,U,,AUS,,6-2 6-1,3,Q1,,,,,,,,,,,,,,,,,,,,,,,
1974-1033,Adelaide,Grass,32,W,19741202,208,200262,,,Jenny Walker,U,,AUS,18.6,200306,,,Jan Wilton,U,,AUS,17.5,6-4 6-4,3,Q1,,,,,,,,,,,,,,,,,,,,,,,
1974-1106,Kitzbuhel,Clay,,W,19740715,201,200801,,,Kora Schediwy,U,,FRG,,203732,,,Veronika Buche,U,,AUT,25.2,4-6 6-4 6-4,3,Q1,,,,,,,,,,,,,,,,,,,,,,,
1974-1106,Kitzbuhel,Clay,,W,19740715,202,200934,,,Beatrix Klein,U,,HUN,21.4,201936,,,Anne Mette Sorensen,U,,DEN,27.0,6-4 7-5,3,Q1,,,,,,,,,,,,,,,,,,,,,,,
1974-1106,Kitzbuhel,Clay,,W,19740715,203,203714,,,Marketa Wallenfels,U,,FRG,30.2,200311,,,Cecilia Martinez,U,,USA,27.1,6-7 6-3 5-0 RET,3,Q1,,,,,,,,,,,,,,,,,,,,,,,
1974-W-SL-USA-01A-1974,US Open,Grass,64,G,19740828,201,201126,,,Carole Graebner,R,,USA,31.1,200875,,,Pamela Austin,U,,USA,24.4,6-3 6-2,3,Q1,,,,,,,,,,,,,,,,,,,,,,,
1974-W-SL-USA-01A-1974,US Open,Grass,64,G,19740828,202,200254,,,Michele Gurdal,U,,BEL,21.7,201126,,,Carole Graebner,R,,USA,31.1,7-5 4-6 6-2,3,Q2,,,,,,,,,,,,,,,,,,,,,,,
1974-W-SL-USA-01A-1974,US Open,Grass,64,G,19740828,203,201118,,,Tine Zwaan,R,,NED,27.1,200209,,,Wendy Turnbull,R,164,AUS,21.7,6-3 3-6 6-4,3,Q2,,,,,,,,,,,,,,,,,,,,,,,
1974-1001-1974,San Francisco,Hard,32,W,19740114,201,200337,,,Virginia Ruzici,R,173,ROU,18.9,201144,,,Clare Colman,U,,GBR,21.9,6-1 6-3,3,Q1,,,,,,,,,,,,,,,,,,,,,,,
1974-1001-1974,San Francisco,Hard,32,W,19740114,202,200951,,,Mary Struthers,U,,USA,23.4,223498,,,Betsy Butler,U,,USA,,7-6 5-7 6-3,3,Q1,,,,,,,,,,,,,,,,,,,,,,,
1974-1001-1974,San Francisco,Hard,32,W,19740114,203,201252,,,Marcy Okeefe,U,,USA,18.1,200910,,,Janet Haas,R,,USA,20.5,6-3 6-2,3,Q1,,,,,,,,,,,,,,,,,,,,,,,
1974-1001-1974,San Francisco,Hard,32,W,19740114,204,200905,,,Mariana Simionescu,R,,ROU,17.1,226272,,,Susan Brown,U,,USA,,6-1 6-1,3,Q1,,,,,,,,,,,,,,,,,,,,,,,
1974-1001-1974,San Francisco,Hard,32,W,19740114,205,200371,,,Mima Jausovec,R,160,SLO,17.4,200320,,,Renata Tomanova,R,168,GER,19.0,6-4 6-7 7-5,3,Q1,,,,,,,,,,,,,,,,,,,,,,,
1974-1001-1974,San Francisco,Hard,32,W,19740114,206,200280,,,Joy Schwikert,U,,USA,19.6,200929,,,Elly Appel,R,,NED,21.4,6-3 4-6 6-2,3,Q1,,,,,,,,,,,,,,,,,,,,,,,
1974-1001-1974,San Francisco,Hard,32,W,19740114,207,200916,,,Ching Ling Chang,U,,USA,25.2,201242,,,Susan Vinton,U,,USA,20.1,6-0 6-0,3,Q1,,,,,,,,,,,,,,,,,,,,,,,
1974-1001-1974,San Francisco,Hard,32,W,19740114,208,201118,,,Tine Zwaan,R,,NED,26.5,200400,,,Kate Latham,R,168,USA,21.2,7-5 7-5,3,Q1,,,,,,,,,,,,,,,,,,,,,,,
1974-1001-1974,San Francisco,Hard,32,W,19740114,209,200947,,,Susie Mehmedbasich,R,,USA,16.3,200921,,,Patricia Reese,R,,USA,,6-4 7-6,3,Q1,,,,,,,,,,,,,,,,,,,,,,,
1974-1001-1974,San Francisco,Hard,32,W,19740114,210,200311,,,Cecilia Martinez,U,,USA,26.6,226278,,,Patty Polenski,U,,USA,,6-2 6-0,3,Q1,,,,,,,,,,,,,,,,,,,,,,,
1974-1001-1974,San Francisco,Hard,32,W,19740114,211,200900,,,Barbara Downs,R,,USA,19.8,201148,,,Roberta Stark,U,,USA,17.5,6-1 6-7 6-2,3,Q1,,,,,,,,,,,,,,,,,,,,,,,
1974-1001-1974,San Francisco,Hard,32,W,19740114,212,200243,,,Glynis Coles,R,173,GBR,19.8,201243,,,Shari Barman,U,173,USA,24.7,6-1 6-3,3,Q2,,,,,,,,,,,,,,,,,,,,,,,
1974-1001-1974,San Francisco,Hard,32,W,19740114,213,201138,,,Tam Oshaughnessy,U,,USA,21.9,201250,,,Brenda Garcia,U,,USA,19.9,7-5 6-1,3,Q2,,,,,,,,,,,,,,,,,,,,,,,
1974-1001-1974,San Francisco,Hard,32,W,19740114,214,201158,,,Karen Susman,R,170,USA,31.0,200238,,,Nathalie Fuchs,R,,FRA,21.3,6-2 6-2,3,Q2,,,,,,,,,,,,,,,,,,,,,,,
1974-1001-1974,San Francisco,Hard,32,W,19740114,215,200926,,,Donna Ganz,U,157,USA,19.1,200876,,,Denise Carter,U,,USA,23.4,7-6 6-2,3,Q2,,,,,,,,,,,,,,,,,,,,,,,
1974-1001-1974,San Francisco,Hard,32,W,19740114,216,200184,,,Helen Gourlay,R,166,AUS,27.0,223567,,,Cathie Gagel,U,,USA,31.1,6-2 6-3,3,Q2,,,,,,,,,,,,,,,,,,,,,,,
1974-1001-1974,San Francisco,Hard,32,W,19740114,217,200337,,,Virginia Ruzici,R,173,ROU,18.9,200951,,,Mary Struthers,U,,USA,23.4,6-3 6-2,3,Q2,,,,,,,,,,,,,,,,,,,,,,,
1974-1001-1974,San Francisco,Hard,32,W,19740114,218,201252,,,Marcy Okeefe,U,,USA,18.1,200905,,,Mariana Simionescu,R,,ROU,17.1,7-5 1-6 6-3,3,Q2,,,,,,,,,,,,,,,,,,,,,,,
1974-1001-1974,San Francisco,Hard,32,W,19740114,219,200371,,,Mima Jausovec,R,160,SLO,17.4,200280,,,Joy Schwikert,U,,USA,19.6,6-3 3-6 6-4,3,Q2,,,,,,,,,,,,,,,,,,,,,,,
1974-1001-1974,San Francisco,Hard,32,W,19740114,220,200916,,,Ching Ling Chang,U,,USA,25.2,201118,,,Tine Zwaan,R,,NED,26.5,6-0 6-7 6-4,3,Q2,,,,,,,,,,,,,,,,,,,,,,,
1974-1001-1974,San Francisco,Hard,32,W,19740114,221,200311,,,Cecilia Martinez,U,,USA,26.6,200947,,,Susie Mehmedbasich,R,,USA,16.3,7-5 6-3,3,Q2,,,,,,,,,,,,,,,,,,,,,,,
1974-1001-1974,San Francisco,Hard,32,W,19740114,222,200900,,,Barbara Downs,R,,USA,19.8,200300,,,Sally Greer,U,,USA,18.8,6-4 6-1,3,Q2,,,,,,,,,,,,,,,,,,,,,,,
1974-1001-1974,San Francisco,Hard,32,W,19740114,223,200922,,,Laurie Tenney,U,,USA,18.1,200146,,,Cynthia Doerner,R,168,AUS,22.9,6-1 1-0 RET,3,Q2,,,,,,,,,,,,,,,,,,,,,,,
1974-1001-1974,San Francisco,Hard,32,W,19740114,224,200918,,,Robin Tenney,L,,USA,15.6,200269,,,Jill Schwikert,U,,USA,19.6,6-1 6-1,3,Q2,,,,,,,,,,,,,,,,,,,,,,,
1974-1001-1974,San Francisco,Hard,32,W,19740114,225,200463,,,Terry Holladay,L,180,USA,18.1,200326,,,Naoko Sato,U,163,JPN,19.0,6-2 7-6,3,Q2,,,,,,,,,,,,,,,,,,,,,,,
1974-1001-1974,San Francisco,Hard,32,W,19740114,226,200298,,,Laura Dupont,R,,USA,24.6,201140,,,Wendy Appleby,U,,USA,21.7,6-3 6-7 6-2,3,Q2,,,,,,,,,,,,,,,,,,,,,,,
1974-1001-1974,San Francisco,Hard,32,W,19740114,227,200243,,,Glynis Coles,R,173,GBR,19.8,201138,,,Tam Oshaughnessy,U,,USA,21.9,6-0 6-2,3,Q3,,,,,,,,,,,,,,,,,,,,,,,
1974-1001-1974,San Francisco,Hard,32,W,19740114,228,201158,,,Karen Susman,R,170,USA,31.0,200926,,,Donna Ganz,U,157,USA,19.1,6-4 4-6 6-1,3,Q3,,,,,,,,,,,,,,,,,,,,,,,
1974-1001-1974,San Francisco,Hard,32,W,19740114,229,200184,,,Helen Gourlay,R,166,AUS,27.0,200337,,,Virginia Ruzici,R,173,ROU,18.9,6-2 7-5,3,Q3,,,,,,,,,,,,,,,,,,,,,,,
1974-1001-1974,San Francisco,Hard,32,W,19740114,230,200371,,,Mima Jausovec,R,160,SLO,17.4,201252,,,Marcy Okeefe,U,,USA,18.1,6-0 6-4,3,Q3,,,,,,,,,,,,,,,,,,,,,,,
1974-1001-1974,San Francisco,Hard,32,W,19740114,231,200916,,,Ching Ling Chang,U,,USA,25.2,200311,,,Cecilia Martinez,U,,USA,26.6,4-6 6-0 6-3,3,Q3,,,,,,,,,,,,,,,,,,,,,,,
1974-1001-1974,San Francisco,Hard,32,W,19740114,232,200900,,,Barbara Downs,R,,USA,19.8,200922,,,Laurie Tenney,U,,USA,18.1,6-4 4-6 6-3,3,Q3,,,,,,,,,,,,,,,,,,,,,,,
1974-1001-1974,San Francisco,Hard,32,W,19740114,233,200328,,,Patricia Bostrom,U,,USA,22.1,200918,,,Robin Tenney,L,,USA,15.6,6-4 6-0,3,Q3,,,,,,,,,,,,,,,,,,,,,,,
1974-1001-1974,San Francisco,Hard,32,W,19740114,234,200298,,,Laura Dupont,R,,USA,24.6,200463,,,Terry Holladay,L,180,USA,18.1,6-4 6-2,3,Q3,,,,,,,,,,,,,,,,,,,,,,,
1974-1004,Mission Viejo,Hard,32,W,19740121,201,200938,,,Kathy May,R,173,USA,17.5,200756,,,Bunny Bruning,U,,USA,16.3,6-2 6-0,3,Q1,,,,,,,,,,,,,,,,,,,,,,,
1974-1004,Mission Viejo,Hard,32,W,19740121,202,223498,,,Betsy Butler,U,,USA,,226205,,,Sue Ince,U,,USA,,4-6 7-6 7-6,3,Q1,,,,,,,,,,,,,,,,,,,,,,,
1974-1004,Mission Viejo,Hard,32,W,19740121,203,200968,,,Betty Ann Grubb,R,175,USA,23.9,200921,,,Patricia Reese,R,,USA,,6-2 3-6 6-4,3,Q1,,,,,,,,,,,,,,,,,,,,,,,
1974-1004,Mission Viejo,Hard,32,W,19740121,204,200328,,,Patricia Bostrom,U,,USA,22.1,226222,,,Vicki Jensen,U,,USA,,6-2 6-1,3,Q1,,,,,,,,,,,,,,,,,,,,,,,
1974-1004,Mission Viejo,Hard,32,W,19740121,205,201999,,,Penny Johnson,U,,USA,18.4,226279,,,Michelle Rauland,U,,USA,,6-1 6-2,3,Q1,,,,,,,,,,,,,,,,,,,,,,,
1974-1004,Mission Viejo,Hard,32,W,19740121,206,200910,,,Janet Haas,R,,USA,20.5,201148,,,Roberta Stark,U,,USA,17.5,6-2 6-3,3,Q1,,,,,,,,,,,,,,,,,,,,,,,
1974-1004,Mission Viejo,Hard,32,W,19740121,207,200311,,,Cecilia Martinez,U,,USA,26.6,200905,,,Mariana Simionescu,R,,ROU,17.1,6-7 7-5 7-5,3,Q1,,,,,,,,,,,,,,,,,,,,,,,
1974-1004,Mission Viejo,Hard,32,W,19740121,208,200929,,,Elly Appel,R,,NED,21.4,201131,,,Patricia Cody,U,,USA,34.0,6-2 RET,3,Q1,,,,,,,,,,,,,,,,,,,,,,,
1974-1004,Mission Viejo,Hard,32,W,19740121,209,200947,,,Susie Mehmedbasich,R,,USA,16.3,200280,,,Joy Schwikert,U,,USA,19.6,3-6 6-3 6-1,3,Q1,,,,,,,,,,,,,,,,,,,,,,,
1974-1004,Mission Viejo,Hard,32,W,19740121,210,201157,,,Susan Hagey,R,,USA,22.0,201243,,,Shari Barman,U,173,USA,24.7,6-3 6-2,3,Q1,,,,,,,,,,,,,,,,,,,,,,,
1974-1004,Mission Viejo,Hard,32,W,19740121,211,200300,,,Sally Greer,U,,USA,18.8,226195,,,Gail Elliott,U,,USA,,6-3 7-5,3,Q1,,,,,,,,,,,,,,,,,,,,,,,
1974-1004,Mission Viejo,Hard,32,W,19740121,212,201138,,,Tam Oshaughnessy,U,,USA,21.9,200326,,,Naoko Sato,U,163,JPN,19.0,6-2 6-3,3,Q1,,,,,,,,,,,,,,,,,,,,,,,
1974-1004,Mission Viejo,Hard,32,W,19740121,213,200463,,,Terry Holladay,L,180,USA,18.1,223499,,,Robin Kahn,U,,USA,,6-2 6-3,3,Q1,,,,,,,,,,,,,,,,,,,,,,,
1974-1004,Mission Viejo,Hard,32,W,19740121,214,200951,,,Mary Struthers,U,,USA,23.5,200238,,,Nathalie Fuchs,R,,FRA,21.3,6-2 7-5,3,Q1,,,,,,,,,,,,,,,,,,,,,,,
1974-1004,Mission Viejo,Hard,32,W,19740121,215,200922,2,,Laurie Tenney,U,,USA,18.2,201118,,,Tine Zwaan,R,,NED,26.5,6-3 6-4,3,Q1,,,,,,,,,,,,,,,,,,,,,,,
1974-1004,Mission Viejo,Hard,32,W,19740121,216,200337,,,Virginia Ruzici,R,173,ROU,18.9,201242,,,Susan Vinton,U,,USA,20.1,6-3 6-1,3,Q1,,,,,,,,,,,,,,,,,,,,,,,
1974-1004,Mission Viejo,Hard,32,W,19740121,217,201144,,,Clare Colman,U,,GBR,21.9,201140,,,Wendy Appleby,U,,USA,21.7,6-2 1-6 6-4,3,Q1,,,,,,,,,,,,,,,,,,,,,,,
1974-1004,Mission Viejo,Hard,32,W,19740121,218,200393,,,Lea Antonoplis,R,165,USA,15.0,225773,,,Liz Smith,U,,USA,,6-3 6-0,3,Q1,,,,,,,,,,,,,,,,,,,,,,,
1974-1004,Mission Viejo,Hard,32,W,19740121,219,200926,,,Donna Ganz,U,157,USA,19.2,223758,,,Doreen Irish,U,,USA,,6-0 6-1,3,Q1,,,,,,,,,,,,,,,,,,,,,,,
1974-1004,Mission Viejo,Hard,32,W,19740121,220,200254,,,Michele Gurdal,U,,BEL,21.1,200269,,,Jill Schwikert,U,,USA,19.6,6-0 7-5,3,Q1,,,,,,,,,,,,,,,,,,,,,,,
1974-1004,Mission Viejo,Hard,32,W,19740121,221,200400,,,Kate Latham,R,168,USA,21.2,202097,,,Jean Nachand,R,,USA,18.6,6-2 6-0,3,Q1,,,,,,,,,,,,,,,,,,,,,,,
1974-1004,Mission Viejo,Hard,32,W,19740121,222,226280,,,Raun Kellogg,U,,USA,,201253,,,Sally Moore,R,,USA,33.6,6-4 7-6,3,Q1,,,,,,,,,,,,,,,,,,,,,,,
1974-1004,Mission Viejo,Hard,32,W,19740121,223,200320,,,Renata Tomanova,R,168,GER,19.1,200364,,,Barbara Hallquist,R,173,USA,16.7,6-3 6-1,3,Q1,,,,,,,,,,,,,,,,,,,,,,,
1974-1004,Mission Viejo,Hard,32,W,19740121,224,200938,,,Kathy May,R,173,USA,17.5,226281,,,Alice Middleton,U,,USA,,6-3 6-1,3,Q2,,,,,,,,,,,,,,,,,,,,,,,
1974-1004,Mission Viejo,Hard,32,W,19740121,225,200968,,,Betty Ann Grubb,R,175,USA,23.9,223498,,,Betsy Butler,U,,USA,,6-2 7-6,3,Q2,,,,,,,,,,,,,,,,,,,,,,,
1974-1004,Mission Viejo,Hard,32,W,19740121,226,200371,,,Mima Jausovec,R,160,SLO,17.5,200328,,,Patricia Bostrom,U,,USA,22.1,6-4 6-2,3,Q2,,,,,,,,,,,,,,,,,,,,,,,
1974-1004,Mission Viejo,Hard,32,W,19740121,227,200910,,,Janet Haas,R,,USA,20.5,201999,,,Penny Johnson,U,,USA,18.4,6-2 6-2,3,Q2,,,,,,,,,,,,,,,,,,,,,,,
1974-1004,Mission Viejo,Hard,32,W,19740121,228,200929,,,Elly Appel,R,,NED,21.4,200311,,,Cecilia Martinez,U,,USA,26.6,4-6 6-2 6-3,3,Q2,,,,,,,,,,,,,,,,,,,,,,,
1974-1004,Mission Viejo,Hard,32,W,19740121,229,200947,,,Susie Mehmedbasich,R,,USA,16.3,201157,,,Susan Hagey,R,,USA,22.0,6-2 6-0,3,Q2,,,,,,,,,,,,,,,,,,,,,,,
1974-1004,Mission Viejo,Hard,32,W,19740121,230,200300,,,Sally Greer,U,,USA,18.8,201138,,,Tam Oshaughnessy,U,,USA,21.9,5-7 6-3 6-4,3,Q2,,,,,,,,,,,,,,,,,,,,,,,
1974-1004,Mission Viejo,Hard,32,W,19740121,231,200951,,,Mary Struthers,U,,USA,23.5,200463,,,Terry Holladay,L,180,USA,18.1,4-6 6-2 6-1,3,Q2,,,,,,,,,,,,,,,,,,,,,,,
1974-1004,Mission Viejo,Hard,32,W,19740121,232,200337,,,Virginia Ruzici,R,173,ROU,18.9,200922,2,,Laurie Tenney,U,,USA,18.2,6-4 6-3,3,Q2,,,,,,,,,,,,,,,,,,,,,,,
1974-1004,Mission Viejo,Hard,32,W,19740121,233,200916,,,Ching Ling Chang,U,,USA,25.2,201144,,,Clare Colman,U,,GBR,21.9,6-3 6-2,3,Q2,,,,,,,,,,,,,,,,,,,,,,,
1974-1004,Mission Viejo,Hard,32,W,19740121,234,200393,,,Lea Antonoplis,R,165,USA,15.0,200876,,,Denise Carter,U,,USA,23.4,3-6 6-4 6-0,3,Q2,,,,,,,,,,,,,,,,,,,,,,,
1974-1004,Mission Viejo,Hard,32,W,19740121,235,200184,,,Helen Gourlay,R,166,AUS,27.0,200926,,,Donna Ganz,U,157,USA,19.2,6-3 6-4,3,Q2,,,,,,,,,,,,,,,,,,,,,,,
1974-1004,Mission Viejo,Hard,32,W,19740121,236,200900,,,Barbara Downs,R,,USA,19.8,200926,,,Donna Ganz,U,157,USA,19.2,6-3 6-4,3,Q2,,,,,,,,,,,,,,,,,,,,,,,
1974-1004,Mission Viejo,Hard,32,W,19740121,237,201158,,,Karen Susman,R,170,USA,31.1,200400,,,Kate Latham,R,168,USA,21.2,6-7 6-3 6-3,3,Q2,,,,,,,,,,,,,,,,,,,,,,,
1974-1004,Mission Viejo,Hard,32,W,19740121,238,200918,,,Robin Tenney,L,,USA,15.6,226280,,,Raun Kellogg,U,,USA,,6-2 6-0,3,Q2,,,,,,,,,,,,,,,,,,,,,,,
1974-1004,Mission Viejo,Hard,32,W,19740121,239,200298,1,,Laura Dupont,R,,USA,24.7,200320,,,Renata Tomanova,R,168,GER,19.1,6-2 6-4,3,Q2,,,,,,,,,,,,,,,,,,,,,,,
1974-1004,Mission Viejo,Hard,32,W,19740121,240,200968,,,Betty Ann Grubb,R,175,USA,23.9,200938,,,Kathy May,R,173,USA,17.5,W/O,3,Q3,,,,,,,,,,,,,,,,,,,,,,,
1974-1004,Mission Viejo,Hard,32,W,19740121,241,200371,,,Mima Jausovec,R,160,SLO,17.5,200910,,,Janet Haas,R,,USA,20.5,6-3 6-3,3,Q3,,,,,,,,,,,,,,,,,,,,,,,
1974-1004,Mission Viejo,Hard,32,W,19740121,242,200929,,,Elly Appel,R,,NED,21.4,200947,,,Susie Mehmedbasich,R,,USA,16.3,6-2 6-3,3,Q3,,,,,,,,,,,,,,,,,,,,,,,
1974-1004,Mission Viejo,Hard,32,W,19740121,243,200300,,,Sally Greer,U,,USA,18.8,200951,,,Mary Struthers,U,,USA,23.5,4-6 6-4 6-4,3,Q3,,,,,,,,,,,,,,,,,,,,,,,
1974-1004,Mission Viejo,Hard,32,W,19740121,244,200337,,,Virginia Ruzici,R,173,ROU,18.9,200916,,,Ching Ling Chang,U,,USA,25.2,6-1 6-3,3,Q3,,,,,,,,,,,,,,,,,,,,,,,
1974-1004,Mission Viejo,Hard,32,W,19740121,245,200184,,,Helen Gourlay,R,166,AUS,27.0,200393,,,Lea Antonoplis,R,165,USA,15.0,6-3 6-3,3,Q3,,,,,,,,,,,,,,,,,,,,,,,
1974-1004,Mission Viejo,Hard,32,W,19740121,246,200900,,,Barbara Downs,R,,USA,19.8,201158,,,Karen Susman,R,170,USA,31.1,6-2 6-7 6-3,3,Q3,,,,,,,,,,,,,,,,,,,,,,,
1974-1004,Mission Viejo,Hard,32,W,19740121,247,200298,1,,Laura Dupont,R,,USA,24.7,200918,,,Robin Tenney,L,,USA,15.6,6-2 6-4,3,Q3,,,,,,,,,,,,,,,,,,,,,,,
1974-1005,Washington,Carpet,32,W,19740128,201,200400,,,Kate Latham,R,168,USA,21.2,201144,,,Clare Colman,U,,GBR,21.9,6-1 6-2,3,Q1,,,,,,,,,,,,,,,,,,,,,,,
1974-1005,Washington,Carpet,32,W,19740128,202,200371,,,Mima Jausovec,R,160,SLO,17.5,200910,,,Janet Haas,R,,USA,20.5,6-1 6-4,3,Q1,,,,,,,,,,,,,,,,,,,,,,,
1974-1005,Washington,Carpet,32,W,19740128,203,200184,,,Helen Gourlay,R,166,AUS,27.0,200918,,,Robin Tenney,L,,USA,15.7,6-3 6-4,3,Q1,,,,,,,,,,,,,,,,,,,,,,,
1974-1005,Washington,Carpet,32,W,19740128,204,200463,,,Terry Holladay,L,180,USA,18.1,200905,,,Mariana Simionescu,R,,ROU,17.1,6-3 6-4,3,Q1,,,,,,,,,,,,,,,,,,,,,,,
1974-1005,Washington,Carpet,32,W,19740128,205,226282,,,Allison Macatee,U,,USA,,200914,,,Daryl Gralka,U,,USA,19.7,6-1 6-3,3,Q1,,,,,,,,,,,,,,,,,,,,,,,
1974-1005,Washington,Carpet,32,W,19740128,206,200813,,,Ingrid Bentzer,R,,SWE,30.1,201228,,,Nancy Reed,R,,USA,40.7,6-0 6-0,3,Q2,,,,,,,,,,,,,,,,,,,,,,,
1974-1005,Washington,Carpet,32,W,19740128,207,201138,,,Tam Oshaughnessy,U,,USA,22.0,201148,,,Roberta Stark,U,,USA,17.5,6-2 1-6 6-4,3,Q2,,,,,,,,,,,,,,,,,,,,,,,
1974-1005,Washington,Carpet,32,W,19740128,208,200870,,,Peaches Bartkowicz,U,,USA,24.7,223498,,,Betsy Butler,U,,USA,,6-2 6-1,3,Q2,,,,,,,,,,,,,,,,,,,,,,,
1974-1005,Washington,Carpet,32,W,19740128,209,200328,,,Patricia Bostrom,U,,USA,22.1,200326,,,Naoko Sato,U,163,JPN,19.0,7-6 6-2,3,Q2,,,,,,,,,,,,,,,,,,,,,,,
1974-1005,Washington,Carpet,32,W,19740128,210,200921,,,Patricia Reese,R,,USA,,200300,,,Sally Greer,U,,USA,18.8,6-4 3-6 6-2,3,Q2,,,,,,,,,,,,,,,,,,,,,,,
1974-1005,Washington,Carpet,32,W,19740128,211,200926,,,Donna Ganz,U,157,USA,19.2,201242,,,Susan Vinton,U,,USA,20.2,6-4 6-1,3,Q2,,,,,,,,,,,,,,,,,,,,,,,
1974-1005,Washington,Carpet,32,W,19740128,212,200320,,,Renata Tomanova,R,168,GER,19.1,200254,,,Michele Gurdal,U,,BEL,21.1,7-5 6-2,3,Q2,,,,,,,,,,,,,,,,,,,,,,,
1974-1005,Washington,Carpet,32,W,19740128,213,200400,,,Kate Latham,R,168,USA,21.2,200371,,,Mima Jausovec,R,160,SLO,17.5,7-5 6-1,3,Q2,,,,,,,,,,,,,,,,,,,,,,,
1974-1005,Washington,Carpet,32,W,19740128,214,200184,,,Helen Gourlay,R,166,AUS,27.0,200463,,,Terry Holladay,L,180,USA,18.1,7-6 6-4,3,Q2,,,,,,,,,,,,,,,,,,,,,,,
1974-1005,Washington,Carpet,32,W,19740128,215,201140,,,Wendy Appleby,U,,USA,21.7,226282,,,Allison Macatee,U,,USA,,6-1 6-2,3,Q2,,,,,,,,,,,,,,,,,,,,,,,
1974-1005,Washington,Carpet,32,W,19740128,216,200929,,,Elly Appel,R,,NED,21.5,226283,,,Ann Koger,U,,USA,,6-1 6-2,3,Q2,,,,,,,,,,,,,,,,,,,,,,,
1974-1005,Washington,Carpet,32,W,19740128,217,200269,,,Jill Schwikert,U,,USA,19.6,223506,,,Flo Bryan,U,,USA,,6-1 6-4,3,Q2,,,,,,,,,,,,,,,,,,,,,,,
1974-1005,Washington,Carpet,32,W,19740128,218,201118,,,Tine Zwaan,R,,NED,26.6,200280,,,Joy Schwikert,U,,USA,19.6,7-5 1-6 7-5,3,Q2,,,,,,,,,,,,,,,,,,,,,,,
1974-1005,Washington,Carpet,32,W,19740128,219,200337,,,Virginia Ruzici,R,173,ROU,18.9,223597,,,Margaret Russo,U,,USA,,6-4 6-4,3,Q2,,,,,,,,,,,,,,,,,,,,,,,
1974-1005,Washington,Carpet,32,W,19740128,220,201244,,,Sue Stap,U,,USA,19.6,200916,,,Ching Ling Chang,U,,USA,25.3,7-6 6-3,3,Q2,,,,,,,,,,,,,,,,,,,,,,,
1974-1005,Washington,Carpet,32,W,19740128,221,200813,,,Ingrid Bentzer,R,,SWE,30.1,201138,,,Tam Oshaughnessy,U,,USA,22.0,4-6 6-2 6-2,3,Q3,,,,,,,,,,,,,,,,,,,,,,,
1974-1005,Washington,Carpet,32,W,19740128,222,200870,,,Peaches Bartkowicz,U,,USA,24.7,200328,,,Patricia Bostrom,U,,USA,22.1,7-6 6-4,3,Q3,,,,,,,,,,,,,,,,,,,,,,,
1974-1005,Washington,Carpet,32,W,19740128,223,200921,,,Patricia Reese,R,,USA,,200926,,,Donna Ganz,U,157,USA,19.2,3-6 6-4 6-2,3,Q3,,,,,,,,,,,,,,,,,,,,,,,
1974-1005,Washington,Carpet,32,W,19740128,224,200400,,,Kate Latham,R,168,USA,21.2,200320,,,Renata Tomanova,R,168,GER,19.1,6-4 7-6,3,Q3,,,,,,,,,,,,,,,,,,,,,,,
1974-1005,Washington,Carpet,32,W,19740128,225,200184,,,Helen Gourlay,R,166,AUS,27.0,201140,,,Wendy Appleby,U,,USA,21.7,6-1 6-2,3,Q3,,,,,,,,,,,,,,,,,,,,,,,
1974-1005,Washington,Carpet,32,W,19740128,226,200929,,,Elly Appel,R,,NED,21.5,200269,,,Jill Schwikert,U,,USA,19.6,7-5 6-2,3,Q3,,,,,,,,,,,,,,,,,,,,,,,
1974-1005,Washington,Carpet,32,W,19740128,227,200337,,,Virginia Ruzici,R,173,ROU,18.9,201118,,,Tine Zwaan,R,,NED,26.6,7-5 7-6,3,Q3,,,,,,,,,,,,,,,,,,,,,,,
1974-1005,Washington,Carpet,32,W,19740128,228,201244,,,Sue Stap,U,,USA,19.6,200285,,,Mimi Wikstedt,U,163,SWE,19.7,6-4 5-7 6-3,3,Q3,,,,,,,,,,,,,,,,,,,,,,,
1974-1006,Fort Lauderdale,Clay,32,W,19740204,201,216637,,,Carrie Fleming,U,,USA,16.2,200813,,,Ingrid Bentzer,R,,SWE,30.1,6-2 7-6,3,Q1,,,,,,,,,,,,,,,,,,,,,,,
1974-1006,Fort Lauderdale,Clay,32,W,19740204,202,200932,,,Jeanne Evert,U,155,USA,16.3,200220,,,Patti Hogan,R,,USA,24.1,7-5 6-0,3,Q1,,,,,,,,,,,,,,,,,,,,,,,
1974-1006,Fort Lauderdale,Clay,32,W,19740204,203,200918,,,Robin Tenney,L,,USA,15.7,200400,,,Kate Latham,R,168,USA,21.2,6-4 6-3,3,Q1,,,,,,,,,,,,,,,,,,,,,,,
1974-1006,Fort Lauderdale,Clay,32,W,19740204,204,200916,,,Ching Ling Chang,U,,USA,25.3,200921,,,Patricia Reese,R,,USA,,6-3 6-2,3,Q1,,,,,,,,,,,,,,,,,,,,,,,
1974-1008,Chicago,Carpet,32,W,19740225,201,200759,,,Katja Ebbinghaus,R,173,FRG,25.7,223526,,,Susan Eastman,U,,USA,,6-0 6-2,3,Q1,,,,,,,,,,,,,,,,,,,,,,,
1974-1008,Chicago,Carpet,32,W,19740225,202,201137,,,Sandy Stap,U,,USA,17.8,200371,,,Mima Jausovec,R,160,SLO,17.6,6-2 6-7 6-3,3,Q1,,,,,,,,,,,,,,,,,,,,,,,
1974-1008,Chicago,Carpet,32,W,19740225,203,201251,,,Patricia Shoolman,U,,USA,15.7,200929,,,Elly Appel,R,,NED,21.5,6-2 6-7 6-4,3,Q1,,,,,,,,,,,,,,,,,,,,,,,
1974-1008,Chicago,Carpet,32,W,19740225,204,200860,,,Kristy Pigeon,L,,USA,23.5,200463,,,Terry Holladay,L,180,USA,18.2,6-0 6-4,3,Q1,,,,,,,,,,,,,,,,,,,,,,,
1974-1009,Dallas,Hard,32,W,19740305,201,200929,,,Elly Appel,R,,NED,21.6,223529,,,Andrea Voikos,U,,USA,,6-3 6-3,3,Q1,,,,,,,,,,,,,,,,,,,,,,,
1974-1009,Dallas,Hard,32,W,19740305,202,200759,,,Katja Ebbinghaus,R,173,FRG,25.7,200927,,,Linda Thomas,U,,USA,21.3,W/O,3,Q1,,,,,,,,,,,,,,,,,,,,,,,
1974-1009,Dallas,Hard,32,W,19740305,203,200300,,,Sally Greer,U,,USA,18.9,200328,,,Patricia Bostrom,U,,USA,22.2,2-6 6-4 7-6,3,Q1,,,,,,,,,,,,,,,,,,,,,,,
1974-1009,Dallas,Hard,32,W,19740305,204,200275,,,Ann Kiyomura Hayashi,R,,USA,18.5,200311,,,Cecilia Martinez,U,,USA,26.7,6-2 6-4,3,Q1,,,,,,,,,,,,,,,,,,,,,,,
1974-1010,Akron,Carpet,32,W,19740318,201,200929,,,Elly Appel,R,,NED,21.6,224812,,,Jutta Wolff,U,,GER,,6-2 6-2,3,Q1,,,,,,,,,,,,,,,,,,,,,,,
1974-1010,Akron,Carpet,32,W,19740318,202,201244,,,Sue Stap,U,,USA,19.7,226284,,,Aimee Conlan,U,,USA,,6-0 6-3,3,Q1,,,,,,,,,,,,,,,,,,,,,,,
1974-1010,Akron,Carpet,32,W,19740318,203,200759,,,Katja Ebbinghaus,R,173,FRG,25.7,200311,,,Cecilia Martinez,U,,USA,26.8,2-6 7-6 6-4,3,Q1,,,,,,,,,,,,,,,,,,,,,,,
1974-1010,Akron,Carpet,32,W,19740318,204,200910,,,Janet Haas,R,,USA,20.7,200400,,,Kate Latham,R,168,USA,21.3,W/O,3,Q1,,,,,,,,,,,,,,,,,,,,,,,
1974-1011,New York,Carpet,32,W,19740325,201,200921,,,Patricia Reese,R,,USA,,200955,,,Mary Carillo,L,183,USA,17.0,6-2 6-0,3,Q1,,,,,,,,,,,,,,,,,,,,,,,
1974-1011,New York,Carpet,32,W,19740325,202,200175,,,Mary Ann Eisel,U,,USA,27.3,201251,,,Patricia Shoolman,U,,USA,15.8,6-2 6-0,3,Q1,,,,,,,,,,,,,,,,,,,,,,,
1974-1011,New York,Carpet,32,W,19740325,203,200333,,,Betsy Nagelsen,R,175,USA,17.4,200922,,,Laurie Tenney,U,,USA,18.3,3-6 6-2 6-2,3,Q1,,,,,,,,,,,,,,,,,,,,,,,
1974-1011,New York,Carpet,32,W,19740325,204,200917,,,Veronica Burton,U,,GBR,22.1,201242,,,Susan Vinton,U,,USA,20.3,6-2 6-0,3,Q1,,,,,,,,,,,,,,,,,,,,,,,
1974-1013,St. Petersburg,Clay,32,W,19740415,201,200333,,,Betsy Nagelsen,R,175,USA,17.4,200871,,,Tory Ann Fretz,R,,USA,31.6,5-7 6-2 7-5,3,Q1,,,,,,,,,,,,,,,,,,,,,,,
1974-1013,St. Petersburg,Clay,32,W,19740415,202,200145,,,Kerry Harris,R,173,AUS,24.5,200921,,,Patricia Reese,R,,USA,,6-4 4-6 6-4,3,Q1,,,,,,,,,,,,,,,,,,,,,,,
1974-1013,St. Petersburg,Clay,32,W,19740415,203,200967,,,Zenda Liess,U,,USA,14.3,200220,,,Patti Hogan,R,,USA,24.3,7-6 6-4,3,Q1,,,,,,,,,,,,,,,,,,,,,,,
1974-1013,St. Petersburg,Clay,32,W,19740415,204,200240,,,Eugenia Birioukova,R,,AZE,21.3,200311,,,Cecilia Martinez,U,,USA,26.8,6-1 5-7 6-4,3,Q1,,,,,,,,,,,,,,,,,,,,,,,
1974-1014,Philadelphia,Carpet,32,W,19740422,201,201244,,,Sue Stap,U,,USA,19.8,226261,,,Maree Mccallum,U,,USA,,6-1 6-1,3,Q1,,,,,,,,,,,,,,,,,,,,,,,
1974-1014,Philadelphia,Carpet,32,W,19740422,202,200300,,,Sally Greer,U,,USA,19.0,200344,,,Barbara Jordan,R,165,USA,17.0,6-4 6-3,3,Q1,,,,,,,,,,,,,,,,,,,,,,,
1974-1014,Philadelphia,Carpet,32,W,19740422,203,200328,,,Patricia Bostrom,U,,USA,22.4,200871,,,Tory Ann Fretz,R,,USA,31.7,6-2 7-6,3,Q1,,,,,,,,,,,,,,,,,,,,,,,
1974-1014,Philadelphia,Carpet,32,W,19740422,204,200145,,,Kerry Harris,R,173,AUS,24.5,200400,,,Kate Latham,R,168,USA,21.4,6-2 5-7 6-4,3,Q1,,,,,,,,,,,,,,,,,,,,,,,
1974-1015,Hilton Head,Clay,32,W,19740430,201,200933,,,Laurie Fleming,R,,USA,18.8,200285,,,Mimi Wikstedt,U,163,SWE,20.0,3-6 6-4 6-1,3,Q1,,,,,,,,,,,,,,,,,,,,,,,
1974-1015,Hilton Head,Clay,32,W,19740430,202,200910,,,Janet Haas,R,,USA,20.8,201936,,,Anne Mette Sorensen,U,,DEN,26.8,6-4 6-1,3,Q1,,,,,,,,,,,,,,,,,,,,,,,
1974-1015,Hilton Head,Clay,32,W,19740430,203,200145,,,Kerry Harris,R,173,AUS,24.6,201148,,,Roberta Stark,U,,USA,17.8,6-3 6-0,3,Q1,,,,,,,,,,,,,,,,,,,,,,,
1974-1015,Hilton Head,Clay,32,W,19740430,204,200250,,,Lindsay Blachford,U,,GBR,21.0,201138,,,Tam Oshaughnessy,U,,USA,22.2,6-2 6-2,3,Q1,,,,,,,,,,,,,,,,,,,,,,,
1974-1015,Hilton Head,Clay,32,W,19740430,205,200894,,,Isabel Fernandez De Soto,U,,COL,23.6,200958,,,Helle Sparre,U,,DEN,17.8,7-5 6-2,3,Q1,,,,,,,,,,,,,,,,,,,,,,,
1974-1015,Hilton Head,Clay,32,W,19740430,206,201137,,,Sandy Stap,U,,USA,17.9,200328,,,Patricia Bostrom,U,,USA,22.4,6-3 6-4,3,Q1,,,,,,,,,,,,,,,,,,,,,,,
1974-1015,Hilton Head,Clay,32,W,19740430,207,200311,,,Cecilia Martinez,U,,USA,26.9,200860,,,Kristy Pigeon,L,,USA,23.7,6-0 6-1,3,Q1,,,,,,,,,,,,,,,,,,,,,,,
1974-1015,Hilton Head,Clay,32,W,19740430,208,200914,,,Daryl Gralka,U,,USA,19.9,200916,,,Ching Ling Chang,U,,USA,25.5,2-6 6-4 6-3,3,Q1,,,,,,,,,,,,,,,,,,,,,,,
1974-1015,Hilton Head,Clay,32,W,19740430,209,200221,,,Dianne Fromholtz,L,165,AUS,17.7,200921,,,Patricia Reese,R,,USA,,4-6 6-3 6-4,3,Q1,,,,,,,,,,,,,,,,,,,,,,,
1974-1015,Hilton Head,Clay,32,W,19740430,210,200463,,,Terry Holladay,L,180,USA,18.4,200171,,,Janet Young,U,,AUS,22.5,5-7 6-4 6-3,3,Q1,,,,,,,,,,,,,,,,,,,,,,,
1974-1015,Hilton Head,Clay,32,W,19740430,211,200333,,,Betsy Nagelsen,R,175,USA,17.5,200896,,,Nancy Ornstein,R,,USA,21.7,6-2 6-3,3,Q1,,,,,,,,,,,,,,,,,,,,,,,
1974-1015,Hilton Head,Clay,32,W,19740430,212,201244,,,Sue Stap,U,,USA,19.9,200280,,,Joy Schwikert,U,,USA,19.9,6-2 4-6 6-3,3,Q1,,,,,,,,,,,,,,,,,,,,,,,
1974-1015,Hilton Head,Clay,32,W,19740430,213,200967,,,Zenda Liess,U,,USA,14.3,201151,,,Mary Mclean,U,,USA,28.5,6-4 5-7 6-3,3,Q1,,,,,,,,,,,,,,,,,,,,,,,
1974-1015,Hilton Head,Clay,32,W,19740430,214,200300,,,Sally Greer,U,,USA,19.0,200286,,,Peggy Michel,R,,USA,25.2,7-6 7-5,3,Q1,,,,,,,,,,,,,,,,,,,,,,,
1974-1015,Hilton Head,Clay,32,W,19740430,215,200951,,,Mary Struthers,U,,USA,23.7,200269,,,Jill Schwikert,U,,USA,19.9,6-3 6-1,3,Q1,,,,,,,,,,,,,,,,,,,,,,,
1974-1015,Hilton Head,Clay,32,W,19740430,216,200926,,,Donna Ganz,U,157,USA,19.4,216628,,,Jenny Helliar,U,,GBR,23.8,6-3 6-1,3,Q1,,,,,,,,,,,,,,,,,,,,,,,
1974-1015,Hilton Head,Clay,32,W,19740430,217,200933,,,Laurie Fleming,R,,USA,18.8,200910,,,Janet Haas,R,,USA,20.8,6-2 6-7 6-2,3,Q2,,,,,,,,,,,,,,,,,,,,,,,
1974-1015,Hilton Head,Clay,32,W,19740430,218,200145,,,Kerry Harris,R,173,AUS,24.6,200250,,,Lindsay Blachford,U,,GBR,21.0,7-5 6-4,3,Q2,,,,,,,,,,,,,,,,,,,,,,,
1974-1015,Hilton Head,Clay,32,W,19740430,219,200894,,,Isabel Fernandez De Soto,U,,COL,23.6,201137,,,Sandy Stap,U,,USA,17.9,6-1 6-3,3,Q2,,,,,,,,,,,,,,,,,,,,,,,
1974-1015,Hilton Head,Clay,32,W,19740430,220,200311,,,Cecilia Martinez,U,,USA,26.9,200914,,,Daryl Gralka,U,,USA,19.9,6-1 6-1,3,Q2,,,,,,,,,,,,,,,,,,,,,,,
1974-1015,Hilton Head,Clay,32,W,19740430,221,200221,,,Dianne Fromholtz,L,165,AUS,17.7,200463,,,Terry Holladay,L,180,USA,18.4,6-4 6-2,3,Q2,,,,,,,,,,,,,,,,,,,,,,,
1974-1015,Hilton Head,Clay,32,W,19740430,222,201244,,,Sue Stap,U,,USA,19.9,200333,,,Betsy Nagelsen,R,175,USA,17.5,2-6 6-4 6-4,3,Q2,,,,,,,,,,,,,,,,,,,,,,,
1974-1015,Hilton Head,Clay,32,W,19740430,223,200967,,,Zenda Liess,U,,USA,14.3,200300,,,Sally Greer,U,,USA,19.0,6-2 6-4,3,Q2,,,,,,,,,,,,,,,,,,,,,,,
1974-1015,Hilton Head,Clay,32,W,19740430,224,200926,,,Donna Ganz,U,157,USA,19.4,200951,,,Mary Struthers,U,,USA,23.7,7-5 6-0,3,Q2,,,,,,,,,,,,,,,,,,,,,,,
1974-W-SL-GBR-01A-1974,Wimbledon,Grass,96,G,19740624,201,200300,,,Sally Greer,U,,USA,19.2,201141,,,Di Riste,U,,GBR,25.0,6-4 6-0,3,Q1,,,,,,,,,,,,,,,,,,,,,,,
1974-W-SL-GBR-01A-1974,Wimbledon,Grass,96,G,19740624,202,200921,,,Patricia Reese,R,,USA,,200794,,,Marianne Kindler,U,,SUI,25.9,6-1 6-2,3,Q1,,,,,,,,,,,,,,,,,,,,,,,
1974-W-SL-GBR-01A-1974,Wimbledon,Grass,96,G,19740624,203,200208,,,Mandy Morgan,U,,AUS,,200316,,,Heidi Eisterlehner,R,172,GER,24.6,6-3 6-4,3,Q1,,,,,,,,,,,,,,,,,,,,,,,
1974-W-SL-GBR-01A-1974,Wimbledon,Grass,96,G,19740624,204,201244,,,Sue Stap,U,,USA,20.0,200958,,,Helle Sparre,U,,DEN,17.9,6-3 8-9 8-6,3,Q1,,,,,,,,,,,,,,,,,,,,,,,
1974-W-SL-GBR-01A-1974,Wimbledon,Grass,96,G,19740624,205,200371,,,Mima Jausovec,R,160,SLO,17.9,223698,,,Binnie Blackburn,U,,GBR,,6-0 6-2,3,Q1,,,,,,,,,,,,,,,,,,,,,,,
1974-W-SL-GBR-01A-1974,Wimbledon,Grass,96,G,19740624,206,200326,,,Naoko Sato,U,163,JPN,19.4,200294,,,Gwen Stirton,U,,AUS,,9-7 6-2,3,Q1,,,,,,,,,,,,,,,,,,,,,,,
1974-W-SL-GBR-01A-1974,Wimbledon,Grass,96,G,19740624,207,212381,,,Laila Pirila,U,,FIN,23.0,226233,,,G Potterton,U,,GBR,,6-4 6-3,3,Q1,,,,,,,,,,,,,,,,,,,,,,,
1974-W-SL-GBR-01A-1974,Wimbledon,Grass,96,G,19740624,208,201118,,,Tine Zwaan,R,,NED,27.0,212367,,,Geraldine Barniville,U,,IRL,31.6,6-3 6-4,3,Q1,,,,,,,,,,,,,,,,,,,,,,,
1974-W-SL-GBR-01A-1974,Wimbledon,Grass,96,G,19740624,209,200233,,,Chris Matison,R,,AUS,22.6,200210,,,Norma Eastburn,U,,AUS,,6-1 6-2,3,Q1,,,,,,,,,,,,,,,,,,,,,,,
1974-W-SL-GBR-01A-1974,Wimbledon,Grass,96,G,19740624,210,200920,,,Kayoko Fukuoka,U,,JPN,24.8,200817,,,Judy Congdon,U,,GBR,25.5,6-4 2-6 12-10,3,Q1,,,,,,,,,,,,,,,,,,,,,,,
1974-W-SL-GBR-01A-1974,Wimbledon,Grass,96,G,19740624,211,200335,,,Judy Chaloner,U,,NZL,20.5,200268,,,Frances Candy,U,,AUS,,6-3 6-2,3,Q1,,,,,,,,,,,,,,,,,,,,,,,
1974-W-SL-GBR-01A-1974,Wimbledon,Grass,96,G,19740624,212,200910,,,Janet Haas,R,,USA,20.9,201936,,,Anne Mette Sorensen,U,,DEN,26.9,6-8 6-4 6-0,3,Q1,,,,,,,,,,,,,,,,,,,,,,,
1974-W-SL-GBR-01A-1974,Wimbledon,Grass,96,G,19740624,213,200301,,,Lois Raymond,U,,AUS,,223572,,,Rosemary Pearson,U,,GBR,,6-0 6-2,3,Q1,,,,,,,,,,,,,,,,,,,,,,,
1974-W-SL-GBR-01A-1974,Wimbledon,Grass,96,G,19740624,214,200896,,,Nancy Ornstein,R,,USA,21.8,200262,,,Jenny Walker,U,,AUS,18.2,5-7 6-4 6-3,3,Q1,,,,,,,,,,,,,,,,,,,,,,,
1974-W-SL-GBR-01A-1974,Wimbledon,Grass,96,G,19740624,215,200256,,,Chris Oneil,R,175,AUS,18.2,223624,,,Liz Worner,U,,AUS,,6-2 6-3,3,Q1,,,,,,,,,,,,,,,,,,,,,,,
1974-W-SL-GBR-01A-1974,Wimbledon,Grass,96,G,19740624,216,200234,,,Pam Whytcross,U,,AUS,20.5,201157,,,Susan Hagey,R,,USA,22.4,2-6 7-5 6-3,3,Q1,,,,,,,,,,,,,,,,,,,,,,,
1974-W-SL-GBR-01A-1974,Wimbledon,Grass,96,G,19740624,217,200252,,,Monique Van Haver,U,,BEL,25.8,200139,,,Lita Liem,L,,INA,28.3,4-6 7-5 6-2,3,Q1,,,,,,,,,,,,,,,,,,,,,,,
1974-W-SL-GBR-01A-1974,Wimbledon,Grass,96,G,19740624,218,200269,,,Jill Schwikert,U,,USA,20.0,200909,,,Florence Guedy,U,,FRA,19.5,5-7 6-3 6-3,3,Q1,,,,,,,,,,,,,,,,,,,,,,,
1974-W-SL-GBR-01A-1974,Wimbledon,Grass,96,G,19740624,219,200264,,,Helena Anliot,R,168,SWE,17.7,200914,,,Daryl Gralka,U,,USA,20.1,4-6 7-5 8-6,3,Q1,,,,,,,,,,,,,,,,,,,,,,,
1974-W-SL-GBR-01A-1974,Wimbledon,Grass,96,G,19740624,220,223579,,,Nuala Dwyer,U,,GBR,,200219,,,Patricia Coleman,U,,AUS,21.1,6-4 6-3,3,Q1,,,,,,,,,,,,,,,,,,,,,,,
1974-W-SL-GBR-01A-1974,Wimbledon,Grass,96,G,19740624,221,200311,,,Cecilia Martinez,U,,USA,27.0,201162,,,Linda Geeves,U,,GBR,20.0,6-0 6-0,3,Q1,,,,,,,,,,,,,,,,,,,,,,,
1974-W-SL-GBR-01A-1974,Wimbledon,Grass,96,G,19740624,222,216630,,,Gwynn Sammel,U,,RSA,18.6,212323,,,Bente Kjolstad,U,,NOR,19.2,6-3 6-3,3,Q1,,,,,,,,,,,,,,,,,,,,,,,
1974-W-SL-GBR-01A-1974,Wimbledon,Grass,96,G,19740624,223,200282,,,Jenny Dimond,U,,AUS,18.6,200913,,,Monica Rho,U,,CRC,18.6,6-0 6-1,3,Q1,,,,,,,,,,,,,,,,,,,,,,,
1974-W-SL-GBR-01A-1974,Wimbledon,Grass,96,G,19740624,224,200918,,,Robin Tenney,L,,USA,16.1,200854,,,Maria Teresa Nasuelli,R,,ITA,26.9,6-3 5-7 6-4,3,Q1,,,,,,,,,,,,,,,,,,,,,,,
1974-W-SL-GBR-01A-1974,Wimbledon,Grass,96,G,19740624,225,200328,,,Patricia Bostrom,U,,USA,22.5,226207,,,Sheila Page,U,,RHO,,6-3 6-0,3,Q1,,,,,,,,,,,,,,,,,,,,,,,
1974-W-SL-GBR-01A-1974,Wimbledon,Grass,96,G,19740624,226,216627,,,Wendy Slaughter,U,,GBR,,200284,,,Nora Blom,U,,NED,23.3,7-5 4-6 6-4,3,Q1,,,,,,,,,,,,,,,,,,,,,,,
1974-W-SL-GBR-01A-1974,Wimbledon,Grass,96,G,19740624,227,200463,,,Terry Holladay,L,180,USA,18.5,201132,,,Susan Minford,U,,IRL,19.5,6-3 3-6 6-3,3,Q1,,,,,,,,,,,,,,,,,,,,,,,
1974-W-SL-GBR-01A-1974,Wimbledon,Grass,96,G,19740624,228,200929,,,Elly Appel,R,,NED,21.9,200907,,,Carmen Perea Alcala,U,,ESP,22.1,6-4 6-2,3,Q1,,,,,,,,,,,,,,,,,,,,,,,
1974-W-SL-GBR-01A-1974,Wimbledon,Grass,96,G,19740624,229,200273,,,Nerida Gregory,U,,AUS,18.1,216628,,,Jenny Helliar,U,,GBR,24.0,6-1 1-6 6-0,3,Q1,,,,,,,,,,,,,,,,,,,,,,,
1974-W-SL-GBR-01A-1974,Wimbledon,Grass,96,G,19740624,230,226234,,,Daria Kopsic,U,,ARG,,201138,,,Tam Oshaughnessy,U,,USA,22.4,6-3 9-8,3,Q1,,,,,,,,,,,,,,,,,,,,,,,
1974-W-SL-GBR-01A-1974,Wimbledon,Grass,96,G,19740624,231,203662,,,Diane Eastburn,U,,AUS,,216623,,,Beverley Vercoe,U,,NZL,26.7,5-7 6-4 6-3,3,Q1,,,,,,,,,,,,,,,,,,,,,,,
1974-W-SL-GBR-01A-1974,Wimbledon,Grass,96,G,19740624,232,200280,,,Joy Schwikert,U,,USA,20.0,200296,,,Belinda Thompson,U,,GBR,18.1,6-0 2-6 6-2,3,Q1,,,,,,,,,,,,,,,,,,,,,,,
1974-W-SL-GBR-01A-1974,Wimbledon,Grass,96,G,19740624,233,200300,,,Sally Greer,U,,USA,19.2,200921,,,Patricia Reese,R,,USA,,6-2 3-6 6-4,3,Q2,,,,,,,,,,,,,,,,,,,,,,,
1974-W-SL-GBR-01A-1974,Wimbledon,Grass,96,G,19740624,234,200208,,,Mandy Morgan,U,,AUS,,201244,,,Sue Stap,U,,USA,20.0,9-8 6-2,3,Q2,,,,,,,,,,,,,,,,,,,,,,,
1974-W-SL-GBR-01A-1974,Wimbledon,Grass,96,G,19740624,235,200371,,,Mima Jausovec,R,160,SLO,17.9,200326,,,Naoko Sato,U,163,JPN,19.4,6-4 6-1,3,Q2,,,,,,,,,,,,,,,,,,,,,,,
1974-W-SL-GBR-01A-1974,Wimbledon,Grass,96,G,19740624,236,201118,,,Tine Zwaan,R,,NED,27.0,212381,,,Laila Pirila,U,,FIN,23.0,6-3 6-0,3,Q2,,,,,,,,,,,,,,,,,,,,,,,
1974-W-SL-GBR-01A-1974,Wimbledon,Grass,96,G,19740624,237,200233,,,Chris Matison,R,,AUS,22.6,200920,,,Kayoko Fukuoka,U,,JPN,24.8,6-3 6-1,3,Q2,,,,,,,,,,,,,,,,,,,,,,,
1974-W-SL-GBR-01A-1974,Wimbledon,Grass,96,G,19740624,238,200910,,,Janet Haas,R,,USA,20.9,200335,,,Judy Chaloner,U,,NZL,20.5,7-5 6-4,3,Q2,,,,,,,,,,,,,,,,,,,,,,,
1974-W-SL-GBR-01A-1974,Wimbledon,Grass,96,G,19740624,239,200311,,,Cecilia Martinez,U,,USA,27.0,216630,,,Gwynn Sammel,U,,RSA,18.6,6-2 6-1,3,Q2,,,,,,,,,,,,,,,,,,,,,,,
1974-W-SL-GBR-01A-1974,Wimbledon,Grass,96,G,19740624,240,200918,,,Robin Tenney,L,,USA,16.1,200282,,,Jenny Dimond,U,,AUS,18.6,4-6 6-0 6-0,3,Q2,,,,,,,,,,,,,,,,,,,,,,,
1974-W-SL-GBR-01A-1974,Wimbledon,Grass,96,G,19740624,241,200252,,,Monique Van Haver,U,,BEL,25.8,200280,,,Joy Schwikert,U,,USA,20.0,7-5 1-6 6-2,3,Q2,,,,,,,,,,,,,,,,,,,,,,,
1974-W-SL-GBR-01A-1974,Wimbledon,Grass,96,G,19740624,242,200264,,,Helena Anliot,R,168,SWE,17.7,223579,,,Nuala Dwyer,U,,GBR,,6-1 7-5,3,Q2,,,,,,,,,,,,,,,,,,,,,,,
1974-W-SL-GBR-01A-1974,Wimbledon,Grass,96,G,19740624,243,200256,,,Chris Oneil,R,175,AUS,18.2,200234,,,Pam Whytcross,U,,AUS,20.5,6-3 6-3,3,Q2,,,,,,,,,,,,,,,,,,,,,,,
1974-W-SL-GBR-01A-1974,Wimbledon,Grass,96,G,19740624,244,200896,,,Nancy Ornstein,R,,USA,21.8,200301,,,Lois Raymond,U,,AUS,,6-3 6-4,3,Q2,,,,,,,,,,,,,,,,,,,,,,,
1974-W-SL-GBR-01A-1974,Wimbledon,Grass,96,G,19740624,245,200328,,,Patricia Bostrom,U,,USA,22.5,216627,,,Wendy Slaughter,U,,GBR,,6-1 7-5,3,Q2,,,,,,,,,,,,,,,,,,,,,,,
1974-W-SL-GBR-01A-1974,Wimbledon,Grass,96,G,19740624,246,200929,,,Elly Appel,R,,NED,21.9,200463,,,Terry Holladay,L,180,USA,18.5,6-3 0-6 7-5,3,Q2,,,,,,,,,,,,,,,,,,,,,,,
1974-W-SL-GBR-01A-1974,Wimbledon,Grass,96,G,19740624,247,200273,,,Nerida Gregory,U,,AUS,18.1,226234,,,Daria Kopsic,U,,ARG,,6-2 6-2,3,Q2,,,,,,,,,,,,,,,,,,,,,,,
1974-W-SL-GBR-01A-1974,Wimbledon,Grass,96,G,19740624,248,203662,,,Diane Eastburn,U,,AUS,,200269,,,Jill Schwikert,U,,USA,20.0,6-1 6-2,3,Q2,,,,,,,,,,,,,,,,,,,,,,,
1974-W-SL-GBR-01A-1974,Wimbledon,Grass,96,G,19740624,249,200300,,,Sally Greer,U,,USA,19.2,200208,,,Mandy Morgan,U,,AUS,,6-4 6-4,3,Q3,,,,,,,,,,,,,,,,,,,,,,,
1974-W-SL-GBR-01A-1974,Wimbledon,Grass,96,G,19740624,250,200371,,,Mima Jausovec,R,160,SLO,17.9,201118,,,Tine Zwaan,R,,NED,27.0,6-2 6-1,3,Q3,,,,,,,,,,,,,,,,,,,,,,,
1974-W-SL-GBR-01A-1974,Wimbledon,Grass,96,G,19740624,251,200233,,,Chris Matison,R,,AUS,22.6,200910,,,Janet Haas,R,,USA,20.9,6-4 6-4,3,Q3,,,,,,,,,,,,,,,,,,,,,,,
1974-W-SL-GBR-01A-1974,Wimbledon,Grass,96,G,19740624,252,200918,,,Robin Tenney,L,,USA,16.1,200311,,,Cecilia Martinez,U,,USA,27.0,1-6 6-3 11-9,3,Q3,,,,,,,,,,,,,,,,,,,,,,,
1974-W-SL-GBR-01A-1974,Wimbledon,Grass,96,G,19740624,253,200264,,,Helena Anliot,R,168,SWE,17.7,200252,,,Monique Van Haver,U,,BEL,25.8,6-3 6-2,3,Q3,,,,,,,,,,,,,,,,,,,,,,,
1974-W-SL-GBR-01A-1974,Wimbledon,Grass,96,G,19740624,254,200256,,,Chris Oneil,R,175,AUS,18.2,200896,,,Nancy Ornstein,R,,USA,21.8,6-3 6-3,3,Q3,,,,,,,,,,,,,,,,,,,,,,,
1974-W-SL-GBR-01A-1974,Wimbledon,Grass,96,G,19740624,255,200328,,,Patricia Bostrom,U,,USA,22.5,200929,,,Elly Appel,R,,NED,21.9,4-6 6-1 6-3,3,Q3,,,,,,,,,,,,,,,,,,,,,,,
1974-W-SL-GBR-01A-1974,Wimbledon,Grass,96,G,19740624,256,200273,,,Nerida Gregory,U,,AUS,18.1,203662,,,Diane Eastburn,U,,AUS,,6-4 6-1,3,Q3,,,,,,,,,,,,,,,,,,,,,,,
