tourney_id,tourney_name,surface,draw_size,tourney_level,tourney_date,match_num,winner_id,winner_seed,winner_entry,winner_name,winner_hand,winner_ht,winner_ioc,winner_age,loser_id,loser_seed,loser_entry,loser_name,loser_hand,loser_ht,loser_ioc,loser_age,score,best_of,round,minutes,w_ace,w_df,w_svpt,w_1stIn,w_1stWon,w_2ndWon,w_SvGms,w_bpSaved,w_bpFaced,l_ace,l_df,l_svpt,l_1stIn,l_1stWon,l_2ndWon,l_SvGms,l_bpSaved,l_bpFaced,winner_rank,winner_rank_points,loser_rank,loser_rank_points
1978-W-SL-FRA-01A-1978,Roland Garros,Clay,64,G,19780529,1,200254,,,Michele Gurdal,U,,BEL,25.4,201974,,,Mary Ann Colville,U,,USA,22.0,6-0 6-1,3,Q1,,,,,,,,,,,,,,,,,,,,,,,
1978-W-SL-FRA-01A-1978,Roland Garros,Clay,64,G,19780529,2,200402,,Q,Wendy White,R,,USA,17.6,201935,,,Monica Simmen,U,,SUI,19.8,6-3 6-3,3,Q1,,,,,,,,,,,,,,,,,,,,,,,
1978-W-SL-FRA-01A-1978,Roland Garros,Clay,64,G,19780529,3,200348,,Q,Hana Mandlikova,R,173,AUS,16.2,203771,,,Anne Marie Casado,U,,FRA,,6-0 6-2,3,Q1,,,,,,,,,,,,,,,,,,,,,,,
1978-W-SL-FRA-01A-1978,Roland Garros,Clay,64,G,19780529,4,200965,,,Emilse Raponi Longo,R,,USA,20.4,201255,,,Margaret Riley,U,,USA,25.3,2-6 6-1 6-2,3,Q1,,,,,,,,,,,,,,,,,,,,,,,
1978-W-SL-FRA-01A-1978,Roland Garros,Clay,64,G,19780529,5,200380,,,Nancy Yeargin,R,,USA,23.0,200846,,,Michelle Rodriguez,U,,CHI,,6-3 6-0,3,Q1,,,,,,,,,,,,,,,,,,,,,,,
1978-W-SL-FRA-01A-1978,Roland Garros,Clay,64,G,19780529,6,200357,,Q,Rosalyn Fairbank,R,173,USA,17.5,200923,,,Maria Victoria Baldovinos Cibeira,U,,ESP,25.3,6-3 6-2,3,Q1,,,,,,,,,,,,,,,,,,,,,,,
1978-W-SL-FRA-01A-1978,Roland Garros,Clay,64,G,19780529,7,200908,,Q,Miroslava Kozeluhova,U,,CZE,26.4,203772,,,Nancy Weigel,U,,USA,24.7,6-2 6-2,3,Q1,,,,,,,,,,,,,,,,,,,,,,,
1978-W-SL-FRA-01A-1978,Roland Garros,Clay,64,G,19780529,8,201160,,,Wendy Barlow,U,157,CAN,18.0,200909,,,Florence Guedy,U,,FRA,23.4,6-3 6-3,3,Q1,,,,,,,,,,,,,,,,,,,,,,,
1978-W-SL-FRA-01A-1978,Roland Garros,Clay,64,G,19780529,9,200330,,,Sue Saliba,U,,AUS,20.6,202057,,LL,Andrea Pesak,U,,AUT,16.5,6-2 6-3,3,Q1,,,,,,,,,,,,,,,,,,,,,,,
1978-W-SL-FRA-01A-1978,Roland Garros,Clay,64,G,19780529,10,200961,,,Ivanna Madruga,R,,ARG,17.3,200342,,,Chris Newton,U,181,NZL,22.2,6-3 6-4,3,Q1,,,,,,,,,,,,,,,,,,,,,,,
1978-W-SL-FRA-01A-1978,Roland Garros,Clay,64,G,19780529,11,203773,,Q,Helena Wimmer,U,,AUT,19.7,200949,,,Silvana Urroz,U,,CHI,23.2,6-4 3-6 6-1,3,Q1,,,,,,,,,,,,,,,,,,,,,,,
1978-W-SL-FRA-01A-1978,Roland Garros,Clay,64,G,19780529,12,200755,,,Daniela Marzano,U,,ITA,27.9,202244,,LL,Uschi Ulrich,U,,AUT,18.7,4-6 6-1 7-5,3,Q1,,,,,,,,,,,,,,,,,,,,,,,
1978-W-SL-FRA-01A-1978,Roland Garros,Clay,64,G,19780529,13,201259,,,Sonoe Yonezawa,U,155,JPN,28.7,201006,,Q,Lea Plchova,U,,TCH,21.7,6-2 6-3,3,Q1,,,,,,,,,,,,,,,,,,,,,,,
1978-W-SL-FRA-01A-1978,Roland Garros,Clay,64,G,19780529,14,200317,,,Helga Masthoff,R,,FRG,36.5,203774,,,Susan Zaro,U,,USA,21.3,6-0 6-3,3,Q1,,,,,,,,,,,,,,,,,,,,,,,
1978-W-SL-FRA-01A-1978,Roland Garros,Clay,64,G,19780529,15,202174,,,Cynthia Ann Thomas,U,,USA,25.5,200872,,,Nicole Bimes,U,,FRA,29.6,6-7 7-5 6-2,3,Q1,,,,,,,,,,,,,,,,,,,,,,,
1978-W-SL-FRA-01A-1978,Roland Garros,Clay,64,G,19780529,16,202132,,Q,Manuela Zoni,R,,ITA,17.6,200308,,,Kym Ruddell,U,,AUS,22.8,7-5 4-6 6-2,3,Q1,,,,,,,,,,,,,,,,,,,,,,,
1978-W-SL-FRA-01A-1978,Roland Garros,Clay,64,G,19780529,17,200915,,,Antonella Rosa,U,,ITA,21.3,200907,,,Carmen Perea Alcala,U,,ESP,26.0,3-6 6-4 6-3,3,Q1,,,,,,,,,,,,,,,,,,,,,,,
1978-W-SL-FRA-01A-1978,Roland Garros,Clay,64,G,19780529,18,203733,,,Martine Bureau,U,,FRA,17.9,203775,,,Gretchen Galt,U,,USA,22.3,6-4 6-4,3,Q1,,,,,,,,,,,,,,,,,,,,,,,
1978-W-SL-FRA-01A-1978,Roland Garros,Clay,64,G,19780529,19,200332,,,Amanda Tobin,R,168,AUS,17.9,200854,,,Maria Teresa Nasuelli,R,,ITA,30.8,6-2 6-3,3,Q1,,,,,,,,,,,,,,,,,,,,,,,
1978-W-SL-FRA-01A-1978,Roland Garros,Clay,64,G,19780529,20,200329,,,Mary Sawyer,U,169,AUS,20.9,200919,,,Elvira Weisenberger,R,,ARG,28.4,7-6 4-6 6-1,3,Q1,,,,,,,,,,,,,,,,,,,,,,,
1978-W-SL-FRA-01A-1978,Roland Garros,Clay,64,G,19780529,21,200326,,,Naoko Sato,U,163,JPN,23.4,200409,,,Petra Delhees Jauch,L,,SUI,19.1,6-3 6-2,3,Q1,,,,,,,,,,,,,,,,,,,,,,,
1978-W-SL-FRA-01A-1978,Roland Garros,Clay,64,G,19780529,22,200388,,,Leslie Allen,R,,USA,21.2,200964,,,Anne Chevalier,U,,FRA,13.0,6-1 4-6 6-3,3,Q1,,,,,,,,,,,,,,,,,,,,,,,
1978-W-SL-FRA-01A-1978,Roland Garros,Clay,64,G,19780529,23,200399,,LL,Jennifer Mundel,L,178,RSA,16.3,201155,,,Erin Dignam,U,,USA,22.8,6-2 6-4,3,Q1,,,,,,,,,,,,,,,,,,,,,,,
1978-W-SL-FRA-01A-1978,Roland Garros,Clay,64,G,19780529,24,200273,,,Nerida Gregory,U,,AUS,22.0,203747,,,Natalie Scaramanga,U,,FRA,,7-6 3-6 6-1,3,Q1,,,,,,,,,,,,,,,,,,,,,,,
1978-W-SL-FRA-01A-1978,Roland Garros,Clay,64,G,19780529,25,200813,,,Ingrid Bentzer,R,,SWE,34.4,203734,,,Yolanda Sumarno,U,,INA,31.8,6-2 6-2,3,Q1,,,,,,,,,,,,,,,,,,,,,,,
1978-W-SL-FRA-01A-1978,Roland Garros,Clay,64,G,19780529,26,200325,,,Leanne Harrison Austin,L,168,AUS,20.1,200937,,,Susana Maria Villaverde,U,,ARG,23.2,0-6 6-1 6-2,3,Q1,,,,,,,,,,,,,,,,,,,,,,,
1978-W-SL-FRA-01A-1978,Roland Garros,Clay,64,G,19780529,27,203776,,,Anne Fritz,U,,USA,,203741,,,Perrine Du Puy,U,,FRA,20.1,6-3 6-0,3,Q1,,,,,,,,,,,,,,,,,,,,,,,
1978-W-SL-FRA-01A-1978,Roland Garros,Clay,64,G,19780529,28,200398,,Q,Iva Budarova,U,,TCH,17.8,202097,,,Jean Nachand,R,,USA,22.9,6-3 6-2,3,Q1,,,,,,,,,,,,,,,,,,,,,,,
1978-W-SL-FRA-01A-1978,Roland Garros,Clay,64,G,19780529,29,200300,,,Sally Greer,U,,USA,23.1,200972,,,Dominique Beillan,U,,FRA,23.0,3-6 6-3 6-4,3,Q1,,,,,,,,,,,,,,,,,,,,,,,
1978-W-SL-FRA-01A-1978,Roland Garros,Clay,64,G,19780529,30,200954,,,Claudia Casabianca,U,,ARG,18.1,200383,,LL,Anne Hobbs,R,167,GBR,18.7,6-3 6-2,3,Q1,,,,,,,,,,,,,,,,,,,,,,,
1978-W-SL-FRA-01A-1978,Roland Garros,Clay,64,G,19780529,31,200129,,,Lesley Turner,R,,AUS,35.7,200763,,,Cathy Drury,R,,GBR,18.1,7-6 6-1,3,Q1,,,,,,,,,,,,,,,,,,,,,,,
1978-W-SL-FRA-01A-1978,Roland Garros,Clay,64,G,19780529,32,201888,,,Marlie Buehler,U,,USA,27.5,201934,,,Anne Marie Ruegg,U,,SUI,20.1,1-6 6-1 6-1,3,Q1,,,,,,,,,,,,,,,,,,,,,,,
1978-W-SL-FRA-01A-1978,Roland Garros,Clay,64,G,19780529,33,200254,,,Michele Gurdal,U,,BEL,25.4,200402,,Q,Wendy White,R,,USA,17.6,6-3 6-2,3,Q2,,,,,,,,,,,,,,,,,,,,,,,
1978-W-SL-FRA-01A-1978,Roland Garros,Clay,64,G,19780529,34,200348,,Q,Hana Mandlikova,R,173,AUS,16.2,200965,,,Emilse Raponi Longo,R,,USA,20.4,6-1 7-6,3,Q2,,,,,,,,,,,,,,,,,,,,,,,
1978-W-SL-FRA-01A-1978,Roland Garros,Clay,64,G,19780529,35,200357,,Q,Rosalyn Fairbank,R,173,USA,17.5,200380,,,Nancy Yeargin,R,,USA,23.0,6-3 6-3,3,Q2,,,,,,,,,,,,,,,,,,,,,,,
1978-W-SL-FRA-01A-1978,Roland Garros,Clay,64,G,19780529,36,200908,,Q,Miroslava Kozeluhova,U,,CZE,26.4,201160,,,Wendy Barlow,U,157,CAN,18.0,6-2 3-6 6-4,3,Q2,,,,,,,,,,,,,,,,,,,,,,,
1978-W-SL-FRA-01A-1978,Roland Garros,Clay,64,G,19780529,37,200961,,,Ivanna Madruga,R,,ARG,17.3,200330,,,Sue Saliba,U,,AUS,20.6,7-5 6-1,3,Q2,,,,,,,,,,,,,,,,,,,,,,,
1978-W-SL-FRA-01A-1978,Roland Garros,Clay,64,G,19780529,38,200755,,,Daniela Marzano,U,,ITA,27.9,203773,,Q,Helena Wimmer,U,,AUT,19.7,6-2 7-5,3,Q2,,,,,,,,,,,,,,,,,,,,,,,
1978-W-SL-FRA-01A-1978,Roland Garros,Clay,64,G,19780529,39,200317,,,Helga Masthoff,R,,FRG,36.5,201259,,,Sonoe Yonezawa,U,155,JPN,28.7,3-6 7-6 6-4,3,Q2,,,,,,,,,,,,,,,,,,,,,,,
1978-W-SL-FRA-01A-1978,Roland Garros,Clay,64,G,19780529,40,202174,,,Cynthia Ann Thomas,U,,USA,25.5,202132,,Q,Manuela Zoni,R,,ITA,17.6,6-7 6-0 6-1,3,Q2,,,,,,,,,,,,,,,,,,,,,,,
1978-W-SL-FRA-01A-1978,Roland Garros,Clay,64,G,19780529,41,200915,,,Antonella Rosa,U,,ITA,21.3,203733,,,Martine Bureau,U,,FRA,17.9,7-5 6-0,3,Q2,,,,,,,,,,,,,,,,,,,,,,,
1978-W-SL-FRA-01A-1978,Roland Garros,Clay,64,G,19780529,42,200332,,,Amanda Tobin,R,168,AUS,17.9,200329,,,Mary Sawyer,U,169,AUS,20.9,6-4 6-2,3,Q2,,,,,,,,,,,,,,,,,,,,,,,
1978-W-SL-FRA-01A-1978,Roland Garros,Clay,64,G,19780529,43,200388,,,Leslie Allen,R,,USA,21.2,200326,,,Naoko Sato,U,163,JPN,23.4,6-1 6-2,3,Q2,,,,,,,,,,,,,,,,,,,,,,,
1978-W-SL-FRA-01A-1978,Roland Garros,Clay,64,G,19780529,44,200273,,,Nerida Gregory,U,,AUS,22.0,200399,,LL,Jennifer Mundel,L,178,RSA,16.3,6-0 6-4,3,Q2,,,,,,,,,,,,,,,,,,,,,,,
1978-W-SL-FRA-01A-1978,Roland Garros,Clay,64,G,19780529,45,200325,,,Leanne Harrison Austin,L,168,AUS,20.1,200813,,,Ingrid Bentzer,R,,SWE,34.4,6-1 4-6 6-2,3,Q2,,,,,,,,,,,,,,,,,,,,,,,
1978-W-SL-FRA-01A-1978,Roland Garros,Clay,64,G,19780529,46,200398,,Q,Iva Budarova,U,,TCH,17.8,203776,,,Anne Fritz,U,,USA,,6-3 6-2,3,Q2,,,,,,,,,,,,,,,,,,,,,,,
1978-W-SL-FRA-01A-1978,Roland Garros,Clay,64,G,19780529,47,200954,,,Claudia Casabianca,U,,ARG,18.1,200300,,,Sally Greer,U,,USA,23.1,6-4 6-3,3,Q2,,,,,,,,,,,,,,,,,,,,,,,
1978-W-SL-FRA-01A-1978,Roland Garros,Clay,64,G,19780529,48,200129,,,Lesley Turner,R,,AUS,35.7,201888,,,Marlie Buehler,U,,USA,27.5,2-6 7-5 6-0,3,Q2,,,,,,,,,,,,,,,,,,,,,,,
1978-W-SL-FRA-01A-1978,Roland Garros,Clay,64,G,19780529,49,200348,,Q,Hana Mandlikova,R,173,AUS,16.2,200254,,,Michele Gurdal,U,,BEL,25.4,6-1 6-7 6-1,3,Q3,,,,,,,,,,,,,,,,,,,,,,,
1978-W-SL-FRA-01A-1978,Roland Garros,Clay,64,G,19780529,50,200908,,Q,Miroslava Kozeluhova,U,,CZE,26.4,200357,,Q,Rosalyn Fairbank,R,173,USA,17.5,6-3 6-3,3,Q3,,,,,,,,,,,,,,,,,,,,,,,
1978-W-SL-FRA-01A-1978,Roland Garros,Clay,64,G,19780529,51,200961,,,Ivanna Madruga,R,,ARG,17.3,200755,,,Daniela Marzano,U,,ITA,27.9,6-2 6-2,3,Q3,,,,,,,,,,,,,,,,,,,,,,,
1978-W-SL-FRA-01A-1978,Roland Garros,Clay,64,G,19780529,52,200317,,,Helga Masthoff,R,,FRG,36.5,202174,,,Cynthia Ann Thomas,U,,USA,25.5,6-1 6-1,3,Q3,,,,,,,,,,,,,,,,,,,,,,,
1978-W-SL-FRA-01A-1978,Roland Garros,Clay,64,G,19780529,53,200332,,,Amanda Tobin,R,168,AUS,17.9,200915,,,Antonella Rosa,U,,ITA,21.3,4-6 6-1 6-0,3,Q3,,,,,,,,,,,,,,,,,,,,,,,
1978-W-SL-FRA-01A-1978,Roland Garros,Clay,64,G,19780529,54,200273,,,Nerida Gregory,U,,AUS,22.0,200388,,,Leslie Allen,R,,USA,21.2,3-6 6-4 6-4,3,Q3,,,,,,,,,,,,,,,,,,,,,,,
1978-W-SL-FRA-01A-1978,Roland Garros,Clay,64,G,19780529,55,200398,,Q,Iva Budarova,U,,TCH,17.8,200325,,,Leanne Harrison Austin,L,168,AUS,20.1,6-1 6-3,3,Q3,,,,,,,,,,,,,,,,,,,,,,,
1978-W-SL-FRA-01A-1978,Roland Garros,Clay,64,G,19780529,56,200129,,,Lesley Turner,R,,AUS,35.7,200954,,,Claudia Casabianca,U,,ARG,18.1,6-2 5-7 6-2,3,Q3,,,,,,,,,,,,,,,,,,,,,,,
1978-W-SL-USA-01A-1978,US Open,Hard,96,G,19780828,1,200979,,,Joyce Portman,U,,USA,20.3,200388,,,Leslie Allen,R,,USA,21.4,6-3 6-1,3,Q1,,,,,,,,,,,,,,,,,,,,,,,
1978-W-SL-USA-01A-1978,US Open,Hard,96,G,19780828,2,200350,,,Felicia Hutnick,U,,USA,21.1,200928,,,Paulina Peisachov,U,,ISR,28.3,6-2 6-1,3,Q1,,,,,,,,,,,,,,,,,,,,,,,
1978-W-SL-USA-01A-1978,US Open,Hard,96,G,19780828,3,203869,,,Karen Dawson,U,,USA,,200273,,,Nerida Gregory,U,,AUS,22.2,3-6 6-2 6-3,3,Q1,,,,,,,,,,,,,,,,,,,,,,,
1978-W-SL-USA-01A-1978,US Open,Hard,96,G,19780828,4,200326,,,Naoko Sato,U,163,JPN,23.6,201883,,,Cynthia Ashling,U,,USA,20.2,6-3 3-6 6-4,3,Q1,,,,,,,,,,,,,,,,,,,,,,,
1978-W-SL-USA-01A-1978,US Open,Hard,96,G,19780828,5,200372,,,Bettina Bunge,R,173,GER,15.2,201888,,,Marlie Buehler,U,,USA,27.7,6-2 6-0,3,Q1,,,,,,,,,,,,,,,,,,,,,,,
1978-W-SL-USA-01A-1978,US Open,Hard,96,G,19780828,6,200985,,,Trey Lewis,U,,USA,18.7,200265,,,Lindsey Beaven,R,,GBR,28.6,6-0 6-1,3,Q1,,,,,,,,,,,,,,,,,,,,,,,
1978-W-SL-USA-01A-1978,US Open,Hard,96,G,19780828,7,202238,,,Rita Agassi,U,,USA,17.8,201261,,,Lisa Doherty,U,,USA,19.4,6-1 3-6 6-0,3,Q1,,,,,,,,,,,,,,,,,,,,,,,
1978-W-SL-USA-01A-1978,US Open,Hard,96,G,19780828,8,200960,,,Robin Harris,U,,USA,22.3,200342,,,Chris Newton,U,181,NZL,22.5,6-2 6-4,3,Q1,,,,,,,,,,,,,,,,,,,,,,,
1978-W-SL-USA-01A-1978,US Open,Hard,96,G,19780828,9,200331,,,Kim Sands,U,,USA,21.8,202007,,,Lili Bell,U,,AUS,,6-1 6-0,3,Q1,,,,,,,,,,,,,,,,,,,,,,,
1978-W-SL-USA-01A-1978,US Open,Hard,96,G,19780828,10,200402,,,Wendy White,R,,USA,17.9,200325,,,Leanne Harrison Austin,L,168,AUS,20.3,6-4 6-2,3,Q1,,,,,,,,,,,,,,,,,,,,,,,
1978-W-SL-USA-01A-1978,US Open,Hard,96,G,19780828,11,201157,,,Susan Hagey,R,,USA,26.6,200299,,,Kaye Hallam,U,,AUS,21.4,3-6 6-2 6-3,3,Q1,,,,,,,,,,,,,,,,,,,,,,,
1978-W-SL-USA-01A-1978,US Open,Hard,96,G,19780828,12,200300,,,Sally Greer,U,,USA,23.4,200934,,,Beatrix Klein,U,,HUN,25.6,6-3 6-0,3,Q1,,,,,,,,,,,,,,,,,,,,,,,
1978-W-SL-USA-01A-1978,US Open,Hard,96,G,19780828,13,200961,,,Ivanna Madruga,R,,ARG,17.5,203776,,,Anne Fritz,U,,USA,,6-1 6-0,3,Q1,,,,,,,,,,,,,,,,,,,,,,,
1978-W-SL-USA-01A-1978,US Open,Hard,96,G,19780828,14,202097,,,Jean Nachand,R,,USA,23.2,200411,,,Jane Preyer,U,,USA,24.7,7-5 6-2,3,Q1,,,,,,,,,,,,,,,,,,,,,,,
1978-W-SL-USA-01A-1978,US Open,Hard,96,G,19780828,15,201871,,,Kate Glancy,L,,CAN,18.4,203870,,,Jenny Gardiner,U,,USA,,6-3 6-3,3,Q1,,,,,,,,,,,,,,,,,,,,,,,
1978-W-SL-USA-01A-1978,US Open,Hard,96,G,19780828,16,200288,,,Sue Mappin,R,,GBR,31.1,203772,,,Nancy Weigel,U,,USA,24.9,6-2 6-0,3,Q1,,,,,,,,,,,,,,,,,,,,,,,
1978-W-SL-USA-01A-1978,US Open,Hard,96,G,19780828,17,201259,,,Sonoe Yonezawa,U,155,JPN,28.9,201255,,,Margaret Riley,U,,USA,25.6,3-6 6-2 6-4,3,Q1,,,,,,,,,,,,,,,,,,,,,,,
1978-W-SL-USA-01A-1978,US Open,Hard,96,G,19780828,18,200964,,,Anne Chevalier,U,,FRA,13.2,200896,,,Nancy Ornstein,R,,USA,26.0,1-6 6-4 6-3,3,Q1,,,,,,,,,,,,,,,,,,,,,,,
1978-W-SL-USA-01A-1978,US Open,Hard,96,G,19780828,19,200949,,,Silvana Urroz,U,,CHI,23.5,201765,,,Brenda Perry,U,,NZL,20.8,6-3 6-1,3,Q1,,,,,,,,,,,,,,,,,,,,,,,
1978-W-SL-USA-01A-1978,US Open,Hard,96,G,19780828,20,200391,,,Sherry Acker,R,173,USA,19.2,200813,,,Ingrid Bentzer,R,,SWE,34.7,6-2 6-1,3,Q1,,,,,,,,,,,,,,,,,,,,,,,
1978-W-SL-USA-01A-1978,US Open,Hard,96,G,19780828,21,200758,,,Rayni Fox,R,163,USA,22.2,203775,,,Gretchen Galt,U,,USA,22.5,6-3 6-3,3,Q1,,,,,,,,,,,,,,,,,,,,,,,
1978-W-SL-USA-01A-1978,US Open,Hard,96,G,19780828,22,203867,,,Maria Fernandez,U,,USA,,200981,,,Andrea Whitmore,U,,USA,23.3,6-4 6-3,3,Q1,,,,,,,,,,,,,,,,,,,,,,,
1978-W-SL-USA-01A-1978,US Open,Hard,96,G,19780828,23,200380,,,Nancy Yeargin,R,,USA,23.2,200358,,,Marcie Louie,R,,USA,24.9,6-1 6-4,3,Q1,,,,,,,,,,,,,,,,,,,,,,,
1978-W-SL-USA-01A-1978,US Open,Hard,96,G,19780828,24,213033,,,Kay Mcdaniel,U,,USA,20.9,200970,,,Linda Siegel,U,,USA,17.2,6-7(4) 6-3 6-2,3,Q1,,,,,,,,,,,,,,,,,,,,,,,
1978-W-SL-USA-01A-1978,US Open,Hard,96,G,19780828,25,200929,,,Elly Appel,R,,NED,26.0,201244,,,Sue Stap,U,,USA,24.2,6-0 6-1,3,Q1,,,,,,,,,,,,,,,,,,,,,,,
1978-W-SL-USA-01A-1978,US Open,Hard,96,G,19780828,26,200308,,,Kym Ruddell,U,,AUS,23.1,203871,,,Lisa Kearney,U,,USA,,3-6 6-3 6-4,3,Q1,,,,,,,,,,,,,,,,,,,,,,,
1978-W-SL-USA-01A-1978,US Open,Hard,96,G,19780828,27,202079,,,Kathy Obrien,U,,USA,18.6,203826,,,Lynn Jacobs,U,,RSA,18.1,6-2 6-2,3,Q1,,,,,,,,,,,,,,,,,,,,,,,
1978-W-SL-USA-01A-1978,US Open,Hard,96,G,19780828,28,201158,,,Karen Susman,R,170,USA,35.7,200972,,,Dominique Beillan,U,,FRA,23.2,6-3 6-2,3,Q1,,,,,,,,,,,,,,,,,,,,,,,
1978-W-SL-USA-01A-1978,US Open,Hard,96,G,19780828,29,200323,,,Rene Blount,U,,USA,21.2,200413,,,Heather Ludloff,R,165,USA,17.2,6-3 6-1,3,Q1,,,,,,,,,,,,,,,,,,,,,,,
1978-W-SL-USA-01A-1978,US Open,Hard,96,G,19780828,30,200349,,,Diane Morrison,U,,USA,20.0,200943,,,Jane Stratton,U,,USA,25.0,7-5 6-3,3,Q1,,,,,,,,,,,,,,,,,,,,,,,
1978-W-SL-USA-01A-1978,US Open,Hard,96,G,19780828,31,200334,,,Sabina Simmonds,R,170,ITA,18.3,201137,,,Sandy Stap,U,,USA,22.3,6-4 6-4,3,Q1,,,,,,,,,,,,,,,,,,,,,,,
1978-W-SL-USA-01A-1978,US Open,Hard,96,G,19780828,32,200389,,,Kathy Jordan,R,173,USA,18.7,200946,,,Sylvie Rual,U,,FRA,25.6,6-0 6-4,3,Q1,,,,,,,,,,,,,,,,,,,,,,,
1978-W-SL-USA-01A-1978,US Open,Hard,96,G,19780828,33,200350,,,Felicia Hutnick,U,,USA,21.1,200979,,,Joyce Portman,U,,USA,20.3,6-2 6-3,3,Q2,,,,,,,,,,,,,,,,,,,,,,,
1978-W-SL-USA-01A-1978,US Open,Hard,96,G,19780828,34,200326,,,Naoko Sato,U,163,JPN,23.6,203869,,,Karen Dawson,U,,USA,,6-4 6-1,3,Q2,,,,,,,,,,,,,,,,,,,,,,,
1978-W-SL-USA-01A-1978,US Open,Hard,96,G,19780828,35,200372,,,Bettina Bunge,R,173,GER,15.2,200985,,,Trey Lewis,U,,USA,18.7,6-4 6-2,3,Q2,,,,,,,,,,,,,,,,,,,,,,,
1978-W-SL-USA-01A-1978,US Open,Hard,96,G,19780828,36,200960,,,Robin Harris,U,,USA,22.3,202238,,,Rita Agassi,U,,USA,17.8,6-3 1-6 7-6(5),3,Q2,,,,,,,,,,,,,,,,,,,,,,,
1978-W-SL-USA-01A-1978,US Open,Hard,96,G,19780828,37,200402,,,Wendy White,R,,USA,17.9,200331,,,Kim Sands,U,,USA,21.8,4-6 6-3 6-1,3,Q2,,,,,,,,,,,,,,,,,,,,,,,
1978-W-SL-USA-01A-1978,US Open,Hard,96,G,19780828,38,200300,,,Sally Greer,U,,USA,23.4,201157,,,Susan Hagey,R,,USA,26.6,6-1 6-3,3,Q2,,,,,,,,,,,,,,,,,,,,,,,
1978-W-SL-USA-01A-1978,US Open,Hard,96,G,19780828,39,200961,,,Ivanna Madruga,R,,ARG,17.5,202097,,,Jean Nachand,R,,USA,23.2,7-6(5) 6-2,3,Q2,,,,,,,,,,,,,,,,,,,,,,,
1978-W-SL-USA-01A-1978,US Open,Hard,96,G,19780828,40,200288,,,Sue Mappin,R,,GBR,31.1,201871,,,Kate Glancy,L,,CAN,18.4,6-4 6-1,3,Q2,,,,,,,,,,,,,,,,,,,,,,,
1978-W-SL-USA-01A-1978,US Open,Hard,96,G,19780828,41,201259,,,Sonoe Yonezawa,U,155,JPN,28.9,200964,,,Anne Chevalier,U,,FRA,13.2,6-2 6-1,3,Q2,,,,,,,,,,,,,,,,,,,,,,,
1978-W-SL-USA-01A-1978,US Open,Hard,96,G,19780828,42,200949,,,Silvana Urroz,U,,CHI,23.5,200391,,,Sherry Acker,R,173,USA,19.2,6-1 7-5,3,Q2,,,,,,,,,,,,,,,,,,,,,,,
1978-W-SL-USA-01A-1978,US Open,Hard,96,G,19780828,43,203867,,,Maria Fernandez,U,,USA,,200758,,,Rayni Fox,R,163,USA,22.2,6-1 6-1,3,Q2,,,,,,,,,,,,,,,,,,,,,,,
1978-W-SL-USA-01A-1978,US Open,Hard,96,G,19780828,44,213033,,,Kay Mcdaniel,U,,USA,20.9,200380,,,Nancy Yeargin,R,,USA,23.2,6-4 6-3,3,Q2,,,,,,,,,,,,,,,,,,,,,,,
1978-W-SL-USA-01A-1978,US Open,Hard,96,G,19780828,45,200929,,,Elly Appel,R,,NED,26.0,200308,,,Kym Ruddell,U,,AUS,23.1,6-1 6-0,3,Q2,,,,,,,,,,,,,,,,,,,,,,,
1978-W-SL-USA-01A-1978,US Open,Hard,96,G,19780828,46,201158,,,Karen Susman,R,170,USA,35.7,202079,,,Kathy Obrien,U,,USA,18.6,7-6(5) 6-1,3,Q2,,,,,,,,,,,,,,,,,,,,,,,
1978-W-SL-USA-01A-1978,US Open,Hard,96,G,19780828,47,200349,,,Diane Morrison,U,,USA,20.0,200323,,,Rene Blount,U,,USA,21.2,6-4 6-2,3,Q2,,,,,,,,,,,,,,,,,,,,,,,
1978-W-SL-USA-01A-1978,US Open,Hard,96,G,19780828,48,200389,,,Kathy Jordan,R,173,USA,18.7,200334,,,Sabina Simmonds,R,170,ITA,18.3,6-1 6-1,3,Q2,,,,,,,,,,,,,,,,,,,,,,,
1978-W-SL-USA-01A-1978,US Open,Hard,96,G,19780828,49,200350,,,Felicia Hutnick,U,,USA,21.1,200326,,,Naoko Sato,U,163,JPN,23.6,6-1 6-0,3,Q3,,,,,,,,,,,,,,,,,,,,,,,
1978-W-SL-USA-01A-1978,US Open,Hard,96,G,19780828,50,200372,,,Bettina Bunge,R,173,GER,15.2,200960,,,Robin Harris,U,,USA,22.3,6-2 6-0,3,Q3,,,,,,,,,,,,,,,,,,,,,,,
1978-W-SL-USA-01A-1978,US Open,Hard,96,G,19780828,51,200402,,,Wendy White,R,,USA,17.9,200300,,,Sally Greer,U,,USA,23.4,6-3 7-5,3,Q3,,,,,,,,,,,,,,,,,,,,,,,
1978-W-SL-USA-01A-1978,US Open,Hard,96,G,19780828,52,200961,,,Ivanna Madruga,R,,ARG,17.5,200288,,,Sue Mappin,R,,GBR,31.1,6-4 6-2,3,Q3,,,,,,,,,,,,,,,,,,,,,,,
1978-W-SL-USA-01A-1978,US Open,Hard,96,G,19780828,53,201259,,,Sonoe Yonezawa,U,155,JPN,28.9,200949,,,Silvana Urroz,U,,CHI,23.5,6-4 0-6 6-2,3,Q3,,,,,,,,,,,,,,,,,,,,,,,
1978-W-SL-USA-01A-1978,US Open,Hard,96,G,19780828,54,203867,,,Maria Fernandez,U,,USA,,213033,,,Kay Mcdaniel,U,,USA,20.9,6-3 6-1,3,Q3,,,,,,,,,,,,,,,,,,,,,,,
1978-W-SL-USA-01A-1978,US Open,Hard,96,G,19780828,55,200929,,,Elly Appel,R,,NED,26.0,201158,,,Karen Susman,R,170,USA,35.7,6-4 7-5,3,Q3,,,,,,,,,,,,,,,,,,,,,,,
1978-W-SL-USA-01A-1978,US Open,Hard,96,G,19780828,56,200389,,,Kathy Jordan,R,173,USA,18.7,200349,,,Diane Morrison,U,,USA,20.0,6-1 6-0,3,Q3,,,,,,,,,,,,,,,,,,,,,,,
1978-W-WT-FRG-01A-1978,Hamburg,Clay,32,W,19780515,1,200958,,,Helle Sparre,U,,DEN,21.8,200936,,,Iris Riedel Kuhn,R,,FRG,24.1,4-6 6-4 7-5,3,Q1,,,,,,,,,,,,,,,,,,,,,,,
1978-W-WT-FRG-01A-1978,Hamburg,Clay,32,W,19780515,2,200328,,,Patricia Bostrom,U,,USA,26.4,200308,,,Kym Ruddell,U,,AUS,22.8,6-3 7-5,3,Q1,,,,,,,,,,,,,,,,,,,,,,,
1978-W-WT-FRG-01A-1978,Hamburg,Clay,32,W,19780515,3,200185,,,Lesley Hunt,R,168,AUS,27.9,200318,,,Michelle Tyler,U,,GBR,19.8,6-3 2-6 6-2,3,Q1,,,,,,,,,,,,,,,,,,,,,,,
1978-W-WT-FRG-01A-1978,Hamburg,Clay,32,W,19780515,4,200333,,,Betsy Nagelsen,R,175,USA,21.5,200374,,,Helga Lutten,R,,GER,16.7,6-4 7-5,3,Q1,,,,,,,,,,,,,,,,,,,,,,,
1978-W-SL-GBR-01A-1978,Wimbledon,Grass,96,G,19780626,201,200152,,,Gail Sherriff,R,,FRA,33.2,200919,,,Elvira Weisenberger,R,,ARG,28.5,6-4 6-2,3,Q1,,,,,,,,,,,,,,,,,,,,,,,
1978-W-SL-GBR-01A-1978,Wimbledon,Grass,96,G,19780626,202,200335,,,Judy Chaloner,U,,NZL,24.6,224421,,,Julie Harrison,U,,GBR,,1-6 6-3 6-3,3,Q1,,,,,,,,,,,,,,,,,,,,,,,
1978-W-SL-GBR-01A-1978,Wimbledon,Grass,96,G,19780626,203,200330,,,Sue Saliba,U,,AUS,20.6,200380,,,Nancy Yeargin,R,,USA,23.0,2-6 8-6 6-3,3,Q1,,,,,,,,,,,,,,,,,,,,,,,
1978-W-SL-GBR-01A-1978,Wimbledon,Grass,96,G,19780626,204,200755,,,Daniela Marzano,U,,ITA,28.0,216630,,,Gwynn Sammel,U,,RSA,22.6,6-2 6-4,3,Q1,,,,,,,,,,,,,,,,,,,,,,,
1978-W-SL-GBR-01A-1978,Wimbledon,Grass,96,G,19780626,205,200361,,,Marie Pinterova,R,175,HUN,31.8,200964,,,Anne Chevalier,U,,FRA,13.0,6-4 6-1,3,Q1,,,,,,,,,,,,,,,,,,,,,,,
1978-W-SL-GBR-01A-1978,Wimbledon,Grass,96,G,19780626,206,200296,,,Belinda Thompson,U,,GBR,22.1,200141,,,Wendy Gilchrist,L,,AUS,28.1,7-5 3-6 6-4,3,Q1,,,,,,,,,,,,,,,,,,,,,,,
1978-W-SL-GBR-01A-1978,Wimbledon,Grass,96,G,19780626,207,200413,,,Heather Ludloff,R,165,USA,17.0,200949,,,Silvana Urroz,U,,CHI,23.3,6-1 7-5,3,Q1,,,,,,,,,,,,,,,,,,,,,,,
1978-W-SL-GBR-01A-1978,Wimbledon,Grass,96,G,19780626,208,200326,,,Naoko Sato,U,163,JPN,23.4,202097,,,Jean Nachand,R,,USA,23.0,6-0 6-4,3,Q1,,,,,,,,,,,,,,,,,,,,,,,
1978-W-SL-GBR-01A-1978,Wimbledon,Grass,96,G,19780626,209,200254,,,Michele Gurdal,U,,BEL,25.5,200342,,,Chris Newton,U,181,NZL,22.3,6-2 6-1,3,Q1,,,,,,,,,,,,,,,,,,,,,,,
1978-W-SL-GBR-01A-1978,Wimbledon,Grass,96,G,19780626,210,200961,,,Ivanna Madruga,R,,ARG,17.4,201155,,,Erin Dignam,U,,USA,22.9,6-3 6-2,3,Q1,,,,,,,,,,,,,,,,,,,,,,,
1978-W-SL-GBR-01A-1978,Wimbledon,Grass,96,G,19780626,211,200388,,,Leslie Allen,R,,USA,21.2,201255,,,Margaret Riley,U,,USA,25.4,6-3 6-3,3,Q1,,,,,,,,,,,,,,,,,,,,,,,
1978-W-SL-GBR-01A-1978,Wimbledon,Grass,96,G,19780626,212,200323,,,Rene Blount,U,,USA,21.1,200896,,,Nancy Ornstein,R,,USA,25.9,6-4 1-6 6-2,3,Q1,,,,,,,,,,,,,,,,,,,,,,,
1978-W-SL-GBR-01A-1978,Wimbledon,Grass,96,G,19780626,213,200348,,,Hana Mandlikova,R,173,AUS,16.3,201259,,,Sonoe Yonezawa,U,155,JPN,28.8,6-1 6-4,3,Q1,,,,,,,,,,,,,,,,,,,,,,,
1978-W-SL-GBR-01A-1978,Wimbledon,Grass,96,G,19780626,214,200411,,,Jane Preyer,U,,USA,24.5,201162,,,Linda Geeves,U,,GBR,24.0,6-2 6-4,3,Q1,,,,,,,,,,,,,,,,,,,,,,,
1978-W-SL-GBR-01A-1978,Wimbledon,Grass,96,G,19780626,215,201160,,,Wendy Barlow,U,157,CAN,18.1,200934,,,Beatrix Klein,U,,HUN,25.4,6-2 6-1,3,Q1,,,,,,,,,,,,,,,,,,,,,,,
1978-W-SL-GBR-01A-1978,Wimbledon,Grass,96,G,19780626,216,200902,,,Corinne Molesworth,U,,GBR,29.0,200763,,,Cathy Drury,R,,GBR,18.2,6-1 6-3,3,Q1,,,,,,,,,,,,,,,,,,,,,,,
1978-W-SL-GBR-01A-1978,Wimbledon,Grass,96,G,19780626,217,200928,,,Paulina Peisachov,U,,ISR,28.1,200946,,,Sylvie Rual,U,,FRA,25.4,6-2 6-2,3,Q1,,,,,,,,,,,,,,,,,,,,,,,
1978-W-SL-GBR-01A-1978,Wimbledon,Grass,96,G,19780626,218,201146,,,Annette Coe,L,,GBR,24.3,203775,,,Gretchen Galt,U,,USA,22.3,6-4 4-6 6-3,3,Q1,,,,,,,,,,,,,,,,,,,,,,,
1978-W-SL-GBR-01A-1978,Wimbledon,Grass,96,G,19780626,219,202174,,,Cynthia Ann Thomas,U,,USA,25.6,203774,,,Susan Zaro,U,,USA,21.4,6-2 4-6 6-2,3,Q1,,,,,,,,,,,,,,,,,,,,,,,
1978-W-SL-GBR-01A-1978,Wimbledon,Grass,96,G,19780626,220,200300,,,Sally Greer,U,,USA,23.2,203871,,,Lisa Kearney,U,,USA,,4-6 6-3 6-2,3,Q1,,,,,,,,,,,,,,,,,,,,,,,
1978-W-SL-GBR-01A-1978,Wimbledon,Grass,96,G,19780626,221,200332,,,Amanda Tobin,R,168,AUS,18.0,200273,,,Nerida Gregory,U,,AUS,22.1,9-7 6-3,3,Q1,,,,,,,,,,,,,,,,,,,,,,,
1978-W-SL-GBR-01A-1978,Wimbledon,Grass,96,G,19780626,222,200954,,,Claudia Casabianca,U,,ARG,18.2,200871,,,Tory Ann Fretz,R,,USA,35.8,9-8 6-1,3,Q1,,,,,,,,,,,,,,,,,,,,,,,
1978-W-SL-GBR-01A-1978,Wimbledon,Grass,96,G,19780626,223,201157,,,Susan Hagey,R,,USA,26.4,200997,,,Kate Brasher,U,,GBR,15.8,6-1 6-2,3,Q1,,,,,,,,,,,,,,,,,,,,,,,
1978-W-SL-GBR-01A-1978,Wimbledon,Grass,96,G,19780626,224,200394,,,Marjorie Blackwood,R,,CAN,21.1,203863,,,Beverly Buckley,U,,USA,25.4,6-2 6-1,3,Q1,,,,,,,,,,,,,,,,,,,,,,,
1978-W-SL-GBR-01A-1978,Wimbledon,Grass,96,G,19780626,225,200940,,,Ilana Kloss,L,164,RSA,22.2,200972,,,Dominique Beillan,U,,FRA,23.0,6-3 6-3,3,Q1,,,,,,,,,,,,,,,,,,,,,,,
1978-W-SL-GBR-01A-1978,Wimbledon,Grass,96,G,19780626,226,200315,,,Nina Bohm,R,,SWE,20.1,200308,,,Kym Ruddell,U,,AUS,22.9,6-2 6-4,3,Q1,,,,,,,,,,,,,,,,,,,,,,,
1978-W-SL-GBR-01A-1978,Wimbledon,Grass,96,G,19780626,227,201996,,,Clare Harrison,U,,GBR,19.0,200408,,,Alycia Moulton,R,,USA,17.3,6-2 6-4,3,Q1,,,,,,,,,,,,,,,,,,,,,,,
1978-W-SL-GBR-01A-1978,Wimbledon,Grass,96,G,19780626,228,200813,,,Ingrid Bentzer,R,,SWE,34.5,201153,,,Anthea Stewart,U,,GBR,19.3,6-4 6-3,3,Q1,,,,,,,,,,,,,,,,,,,,,,,
1978-W-SL-GBR-01A-1978,Wimbledon,Grass,96,G,19780626,229,200379,,,Paula Smith,R,170,USA,21.4,203772,,,Nancy Weigel,U,,USA,24.8,6-3 6-4,3,Q1,,,,,,,,,,,,,,,,,,,,,,,
1978-W-SL-GBR-01A-1978,Wimbledon,Grass,96,G,19780626,230,200329,,,Mary Sawyer,U,169,AUS,21.0,200265,,,Lindsey Beaven,R,,GBR,28.4,6-1 6-3,3,Q1,,,,,,,,,,,,,,,,,,,,,,,
1978-W-SL-GBR-01A-1978,Wimbledon,Grass,96,G,19780626,231,200316,,,Heidi Eisterlehner,R,172,GER,28.6,200984,,,Deborah Jevans,U,,GBR,18.0,3-6 6-3 8-6,3,Q1,,,,,,,,,,,,,,,,,,,,,,,
1978-W-SL-GBR-01A-1978,Wimbledon,Grass,96,G,19780626,232,201871,,,Kate Glancy,L,,CAN,18.2,200924,,,Penny Moor,L,,GBR,26.9,6-3 6-2,3,Q1,,,,,,,,,,,,,,,,,,,,,,,
1978-W-SL-GBR-01A-1978,Wimbledon,Grass,96,G,19780626,233,200335,,,Judy Chaloner,U,,NZL,24.6,200152,,,Gail Sherriff,R,,FRA,33.2,6-3 6-2,3,Q2,,,,,,,,,,,,,,,,,,,,,,,
1978-W-SL-GBR-01A-1978,Wimbledon,Grass,96,G,19780626,234,200755,,,Daniela Marzano,U,,ITA,28.0,200330,,,Sue Saliba,U,,AUS,20.6,6-3 6-2,3,Q2,,,,,,,,,,,,,,,,,,,,,,,
1978-W-SL-GBR-01A-1978,Wimbledon,Grass,96,G,19780626,235,200361,,,Marie Pinterova,R,175,HUN,31.8,200296,,,Belinda Thompson,U,,GBR,22.1,6-2 6-3,3,Q2,,,,,,,,,,,,,,,,,,,,,,,
1978-W-SL-GBR-01A-1978,Wimbledon,Grass,96,G,19780626,236,200413,,,Heather Ludloff,R,165,USA,17.0,200326,,,Naoko Sato,U,163,JPN,23.4,6-3 8-9 6-3,3,Q2,,,,,,,,,,,,,,,,,,,,,,,
1978-W-SL-GBR-01A-1978,Wimbledon,Grass,96,G,19780626,237,200254,,,Michele Gurdal,U,,BEL,25.5,200961,,,Ivanna Madruga,R,,ARG,17.4,7-5 3-6 6-1,3,Q2,,,,,,,,,,,,,,,,,,,,,,,
1978-W-SL-GBR-01A-1978,Wimbledon,Grass,96,G,19780626,238,200323,,,Rene Blount,U,,USA,21.1,200388,,,Leslie Allen,R,,USA,21.2,6-3 4-6 6-3,3,Q2,,,,,,,,,,,,,,,,,,,,,,,
1978-W-SL-GBR-01A-1978,Wimbledon,Grass,96,G,19780626,239,200348,,,Hana Mandlikova,R,173,AUS,16.3,200411,,,Jane Preyer,U,,USA,24.5,6-4 6-0,3,Q2,,,,,,,,,,,,,,,,,,,,,,,
1978-W-SL-GBR-01A-1978,Wimbledon,Grass,96,G,19780626,240,201160,,,Wendy Barlow,U,157,CAN,18.1,200902,,,Corinne Molesworth,U,,GBR,29.0,6-2 5-7 6-3,3,Q2,,,,,,,,,,,,,,,,,,,,,,,
1978-W-SL-GBR-01A-1978,Wimbledon,Grass,96,G,19780626,241,200928,,,Paulina Peisachov,U,,ISR,28.1,201146,,,Annette Coe,L,,GBR,24.3,9-7 8-6,3,Q2,,,,,,,,,,,,,,,,,,,,,,,
1978-W-SL-GBR-01A-1978,Wimbledon,Grass,96,G,19780626,242,200300,,,Sally Greer,U,,USA,23.2,202174,,,Cynthia Ann Thomas,U,,USA,25.6,6-2 2-6 15-13,3,Q2,,,,,,,,,,,,,,,,,,,,,,,
1978-W-SL-GBR-01A-1978,Wimbledon,Grass,96,G,19780626,243,200332,,,Amanda Tobin,R,168,AUS,18.0,200954,,,Claudia Casabianca,U,,ARG,18.2,6-4 6-4,3,Q2,,,,,,,,,,,,,,,,,,,,,,,
1978-W-SL-GBR-01A-1978,Wimbledon,Grass,96,G,19780626,244,200394,,,Marjorie Blackwood,R,,CAN,21.1,201157,,,Susan Hagey,R,,USA,26.4,6-2 4-6 6-3,3,Q2,,,,,,,,,,,,,,,,,,,,,,,
1978-W-SL-GBR-01A-1978,Wimbledon,Grass,96,G,19780626,245,200940,,,Ilana Kloss,L,164,RSA,22.2,200315,,,Nina Bohm,R,,SWE,20.1,6-2 6-1,3,Q2,,,,,,,,,,,,,,,,,,,,,,,
1978-W-SL-GBR-01A-1978,Wimbledon,Grass,96,G,19780626,246,201996,,,Clare Harrison,U,,GBR,19.0,200813,,,Ingrid Bentzer,R,,SWE,34.5,3-6 6-1 6-1,3,Q2,,,,,,,,,,,,,,,,,,,,,,,
1978-W-SL-GBR-01A-1978,Wimbledon,Grass,96,G,19780626,247,200379,,,Paula Smith,R,170,USA,21.4,200329,,,Mary Sawyer,U,169,AUS,21.0,6-4 6-2,3,Q2,,,,,,,,,,,,,,,,,,,,,,,
1978-W-SL-GBR-01A-1978,Wimbledon,Grass,96,G,19780626,248,201871,,,Kate Glancy,L,,CAN,18.2,200316,,,Heidi Eisterlehner,R,172,GER,28.6,6-3 9-8,3,Q2,,,,,,,,,,,,,,,,,,,,,,,
1978-W-SL-GBR-01A-1978,Wimbledon,Grass,96,G,19780626,249,200335,,,Judy Chaloner,U,,NZL,24.6,200755,,,Daniela Marzano,U,,ITA,28.0,6-2 6-4,3,Q3,,,,,,,,,,,,,,,,,,,,,,,
1978-W-SL-GBR-01A-1978,Wimbledon,Grass,96,G,19780626,250,200361,,,Marie Pinterova,R,175,HUN,31.8,200413,,,Heather Ludloff,R,165,USA,17.0,6-4 6-2,3,Q3,,,,,,,,,,,,,,,,,,,,,,,
1978-W-SL-GBR-01A-1978,Wimbledon,Grass,96,G,19780626,251,200254,,,Michele Gurdal,U,,BEL,25.5,200323,,,Rene Blount,U,,USA,21.1,8-6 1-6 8-6,3,Q3,,,,,,,,,,,,,,,,,,,,,,,
1978-W-SL-GBR-01A-1978,Wimbledon,Grass,96,G,19780626,252,201160,,,Wendy Barlow,U,157,CAN,18.1,200348,,,Hana Mandlikova,R,173,AUS,16.3,3-6 6-4 6-3,3,Q3,,,,,,,,,,,,,,,,,,,,,,,
1978-W-SL-GBR-01A-1978,Wimbledon,Grass,96,G,19780626,253,200928,,,Paulina Peisachov,U,,ISR,28.1,200300,,,Sally Greer,U,,USA,23.2,6-4 5-7 6-4,3,Q3,,,,,,,,,,,,,,,,,,,,,,,
1978-W-SL-GBR-01A-1978,Wimbledon,Grass,96,G,19780626,254,200394,,,Marjorie Blackwood,R,,CAN,21.1,200332,,,Amanda Tobin,R,168,AUS,18.0,8-6 7-5,3,Q3,,,,,,,,,,,,,,,,,,,,,,,
1978-W-SL-GBR-01A-1978,Wimbledon,Grass,96,G,19780626,255,200940,,,Ilana Kloss,L,164,RSA,22.2,201996,,,Clare Harrison,U,,GBR,19.0,7-5 6-1,3,Q3,,,,,,,,,,,,,,,,,,,,,,,
1978-W-SL-GBR-01A-1978,Wimbledon,Grass,96,G,19780626,256,200379,,,Paula Smith,R,170,USA,21.4,201871,,,Kate Glancy,L,,CAN,18.2,6-4 6-2,3,Q3,,,,,,,,,,,,,,,,,,,,,,,
1978-W-WT-USA-14A-1978,Hilton Head,Clay,32,W,19780410,201,200411,,,Jane Preyer,U,,USA,24.3,200328,,,Patricia Bostrom,U,,USA,26.3,7-6 7-6,3,Q1,,,,,,,,,,,,,,,,,,,,,,,
1978-W-WT-USA-14A-1978,Hilton Head,Clay,32,W,19780410,202,200934,,,Beatrix Klein,U,,HUN,25.2,200308,,,Kym Ruddell,U,,AUS,22.7,6-4 6-4,3,Q1,,,,,,,,,,,,,,,,,,,,,,,
1978-W-WT-USA-14A-1978,Hilton Head,Clay,32,W,19780410,203,200955,,,Mary Carillo,L,183,USA,21.0,201933,,,Alejandra Vallejo,U,,MEX,19.4,6-3 6-3,3,Q1,,,,,,,,,,,,,,,,,,,,,,,
1978-W-WT-USA-14A-1978,Hilton Head,Clay,32,W,19780410,204,200234,,,Pam Whytcross,U,,AUS,24.3,200894,,,Isabel Fernandez De Soto,U,,COL,27.5,6-1 6-4,3,Q1,,,,,,,,,,,,,,,,,,,,,,,
1978-W-WT-USA-14A-1978,Hilton Head,Clay,32,W,19780410,205,200333,,,Betsy Nagelsen,R,175,USA,21.4,200960,,,Robin Harris,U,,USA,21.9,6-2 6-3,3,Q1,,,,,,,,,,,,,,,,,,,,,,,
1978-W-WT-USA-14A-1978,Hilton Head,Clay,32,W,19780410,206,200448,,,Sandy Collins,U,178,USA,19.4,202097,,,Jean Nachand,R,,USA,22.8,6-2 6-2,3,Q1,,,,,,,,,,,,,,,,,,,,,,,
1978-W-WT-USA-14A-1978,Hilton Head,Clay,32,W,19780410,207,200956,,,Carrie Meyer,R,,USA,22.6,201152,,,Aleida Spex,U,,USA,22.8,6-1 6-1,3,Q1,,,,,,,,,,,,,,,,,,,,,,,
1978-W-WT-USA-14A-1978,Hilton Head,Clay,32,W,19780410,208,200265,,,Lindsey Beaven,R,,GBR,28.2,200943,,,Jane Stratton,U,,USA,24.6,W/O,3,Q1,,,,,,,,,,,,,,,,,,,,,,,
1978-W-WT-USA-14A-1978,Hilton Head,Clay,32,W,19780410,209,200184,,,Helen Gourlay,R,166,AUS,31.2,200408,,,Alycia Moulton,R,,USA,17.1,7-6 7-5,3,Q1,,,,,,,,,,,,,,,,,,,,,,,
1978-W-WT-USA-14A-1978,Hilton Head,Clay,32,W,19780410,210,200932,,,Jeanne Evert,U,155,USA,20.5,200380,,,Nancy Yeargin,R,,USA,22.8,7-6 7-5,3,Q1,,,,,,,,,,,,,,,,,,,,,,,
1978-W-WT-USA-14A-1978,Hilton Head,Clay,32,W,19780410,211,200969,,,Jeanne Duvall,U,,USA,18.3,202174,,,Cynthia Ann Thomas,U,,USA,25.4,6-0 6-0,3,Q1,,,,,,,,,,,,,,,,,,,,,,,
1978-W-WT-USA-14A-1978,Hilton Head,Clay,32,W,19780410,212,200951,,,Mary Struthers,U,,USA,27.7,200413,,,Heather Ludloff,R,165,USA,16.8,6-1 6-1,3,Q1,,,,,,,,,,,,,,,,,,,,,,,
1978-W-WT-USA-14A-1978,Hilton Head,Clay,32,W,19780410,213,201956,,,Nicole Lorenzetti,U,,USA,16.5,201227,,,Roylee Bailey,U,,USA,28.8,1-6 6-3 6-2,3,Q1,,,,,,,,,,,,,,,,,,,,,,,
1978-W-WT-USA-14A-1978,Hilton Head,Clay,32,W,19780410,214,200243,,,Glynis Coles,R,173,GBR,24.1,200335,,,Judy Chaloner,U,,NZL,24.3,6-1 7-5,3,Q1,,,,,,,,,,,,,,,,,,,,,,,
1978-W-WT-USA-14A-1978,Hilton Head,Clay,32,W,19780410,215,200369,,,Candy Reynolds,R,173,USA,23.0,200803,,,Raquel Giscafre,U,,ARG,28.9,6-1 6-0,3,Q1,,,,,,,,,,,,,,,,,,,,,,,
1978-W-WT-USA-14A-1978,Hilton Head,Clay,32,W,19780410,216,200862,,,Valerie Ziegenfuss,R,173,USA,28.7,200388,,,Leslie Allen,R,,USA,21.0,6-4 6-1,3,Q1,,,,,,,,,,,,,,,,,,,,,,,
1978-W-WT-USA-14A-1978,Hilton Head,Clay,32,W,19780410,217,200934,,,Beatrix Klein,U,,HUN,25.2,200411,,,Jane Preyer,U,,USA,24.3,1-6 6-4 6-2,3,Q2,,,,,,,,,,,,,,,,,,,,,,,
1978-W-WT-USA-14A-1978,Hilton Head,Clay,32,W,19780410,218,200955,,,Mary Carillo,L,183,USA,21.0,200234,,,Pam Whytcross,U,,AUS,24.3,6-3 6-4,3,Q2,,,,,,,,,,,,,,,,,,,,,,,
1978-W-WT-USA-14A-1978,Hilton Head,Clay,32,W,19780410,219,200448,,,Sandy Collins,U,178,USA,19.4,200333,,,Betsy Nagelsen,R,175,USA,21.4,6-1 6-4,3,Q2,,,,,,,,,,,,,,,,,,,,,,,
1978-W-WT-USA-14A-1978,Hilton Head,Clay,32,W,19780410,220,200956,,,Carrie Meyer,R,,USA,22.6,200265,,,Lindsey Beaven,R,,GBR,28.2,6-3 7-5,3,Q2,,,,,,,,,,,,,,,,,,,,,,,
1978-W-WT-USA-14A-1978,Hilton Head,Clay,32,W,19780410,221,200932,,,Jeanne Evert,U,155,USA,20.5,200184,,,Helen Gourlay,R,166,AUS,31.2,6-1 5-7 7-6,3,Q2,,,,,,,,,,,,,,,,,,,,,,,
1978-W-WT-USA-14A-1978,Hilton Head,Clay,32,W,19780410,222,200969,,,Jeanne Duvall,U,,USA,18.3,200951,,,Mary Struthers,U,,USA,27.7,6-3 6-4,3,Q2,,,,,,,,,,,,,,,,,,,,,,,
1978-W-WT-USA-14A-1978,Hilton Head,Clay,32,W,19780410,223,200243,,,Glynis Coles,R,173,GBR,24.1,201956,,,Nicole Lorenzetti,U,,USA,16.5,6-1 6-0,3,Q2,,,,,,,,,,,,,,,,,,,,,,,
1978-W-WT-USA-14A-1978,Hilton Head,Clay,32,W,19780410,224,200862,,,Valerie Ziegenfuss,R,173,USA,28.7,200369,,,Candy Reynolds,R,173,USA,23.0,6-3 6-1,3,Q2,,,,,,,,,,,,,,,,,,,,,,,
1978-W-WT-USA-14A-1978,Hilton Head,Clay,32,W,19780410,225,200955,,,Mary Carillo,L,183,USA,21.0,200934,,,Beatrix Klein,U,,HUN,25.2,6-3 3-6 7-6,3,Q3,,,,,,,,,,,,,,,,,,,,,,,
1978-W-WT-USA-14A-1978,Hilton Head,Clay,32,W,19780410,226,200956,,,Carrie Meyer,R,,USA,22.6,200448,,,Sandy Collins,U,178,USA,19.4,6-3 6-2,3,Q3,,,,,,,,,,,,,,,,,,,,,,,
1978-W-WT-USA-14A-1978,Hilton Head,Clay,32,W,19780410,227,200969,,,Jeanne Duvall,U,,USA,18.3,200932,,,Jeanne Evert,U,155,USA,20.5,6-2 6-2,3,Q3,,,,,,,,,,,,,,,,,,,,,,,
1978-W-WT-USA-14A-1978,Hilton Head,Clay,32,W,19780410,228,200862,,,Valerie Ziegenfuss,R,173,USA,28.7,200243,,,Glynis Coles,R,173,GBR,24.1,6-0 6-1,3,Q3,,,,,,,,,,,,,,,,,,,,,,,
1978-W-WT-ITA-01A-1978,Rome,Clay,32,W,19780522,201,200348,,,Hana Mandlikova,R,173,AUS,16.2,200394,,,Marjorie Blackwood,R,,CAN,21.0,6-0 6-1,3,Q1,,,,,,,,,,,,,,,,,,,,,,,
1978-W-WT-ITA-01A-1978,Rome,Clay,32,W,19780522,202,200964,,,Anne Chevalier,U,,FRA,12.9,200854,,,Maria Teresa Nasuelli,R,,ITA,30.8,7-5 6-1,3,Q1,,,,,,,,,,,,,,,,,,,,,,,
1978-W-WT-ITA-01A-1978,Rome,Clay,32,W,19780522,203,200312,,,Frederique Thibault,U,,FRA,23.9,200234,,,Pam Whytcross,U,,AUS,24.4,6-4 6-4,3,Q1,,,,,,,,,,,,,,,,,,,,,,,
1978-W-WT-ITA-01A-1978,Rome,Clay,32,W,19780522,204,200896,,,Nancy Ornstein,R,,USA,25.8,200291,,,Dianne Evers,R,,AUS,21.5,UNK,3,Q1,,,,,,,,,,,,,,,,,,,,,,,
1978-W-WT-ITA-01A-1978,Rome,Clay,32,W,19780522,205,200348,,,Hana Mandlikova,R,173,AUS,16.2,200953,,,Viviana Gonzalez,R,,ARG,20.0,7-6 1-6 6-1,3,Q2,,,,,,,,,,,,,,,,,,,,,,,
1978-W-WT-ITA-01A-1978,Rome,Clay,32,W,19780522,206,200316,,,Heidi Eisterlehner,R,172,GER,28.5,200971,,,Lucia Romanov,U,,ROU,19.0,2-6 6-4 6-3,3,Q2,,,,,,,,,,,,,,,,,,,,,,,
1978-W-WT-ITA-01A-1978,Rome,Clay,32,W,19780522,207,200896,,,Nancy Ornstein,R,,USA,25.8,200380,,,Nancy Yeargin,R,,USA,23.0,UNK,3,Q2,,,,,,,,,,,,,,,,,,,,,,,
1978-W-WT-ITA-01A-1978,Rome,Clay,32,W,19780522,208,200954,,,Claudia Casabianca,U,,ARG,18.1,200312,,,Frederique Thibault,U,,FRA,23.9,4-6 6-1 6-1,3,Q2,,,,,,,,,,,,,,,,,,,,,,,
1978-W-WT-ITA-01A-1978,Rome,Clay,32,W,19780522,209,201259,,,Sonoe Yonezawa,U,155,JPN,28.7,200129,,,Lesley Turner,R,,AUS,35.7,6-3 1-6 7-6,3,Q2,,,,,,,,,,,,,,,,,,,,,,,
1978-W-WT-ITA-01A-1978,Rome,Clay,32,W,19780522,210,200803,,,Raquel Giscafre,U,,ARG,29.0,200964,,,Anne Chevalier,U,,FRA,12.9,6-1 6-7 6-1,3,Q2,,,,,,,,,,,,,,,,,,,,,,,
1978-W-WT-ITA-01A-1978,Rome,Clay,32,W,19780522,211,200361,,,Marie Pinterova,R,175,HUN,31.7,200379,,,Paula Smith,R,170,USA,21.3,6-1 6-4,3,Q2,,,,,,,,,,,,,,,,,,,,,,,
1978-W-WT-ITA-01A-1978,Rome,Clay,32,W,19780522,212,200316,,,Heidi Eisterlehner,R,172,GER,28.5,200348,,,Hana Mandlikova,R,173,AUS,16.2,6-4 3-6 7-5,3,Q3,,,,,,,,,,,,,,,,,,,,,,,
1978-W-WT-ITA-01A-1978,Rome,Clay,32,W,19780522,213,200954,,,Claudia Casabianca,U,,ARG,18.1,200896,,,Nancy Ornstein,R,,USA,25.8,6-1 6-2,3,Q3,,,,,,,,,,,,,,,,,,,,,,,
1978-W-WT-ITA-01A-1978,Rome,Clay,32,W,19780522,214,201259,,,Sonoe Yonezawa,U,155,JPN,28.7,200960,,,Robin Harris,U,,USA,22.1,6-1 6-1,3,Q3,,,,,,,,,,,,,,,,,,,,,,,
1978-W-WT-ITA-01A-1978,Rome,Clay,32,W,19780522,215,200361,,,Marie Pinterova,R,175,HUN,31.7,200803,,,Raquel Giscafre,U,,ARG,29.0,6-2 5-7 6-2,3,Q3,,,,,,,,,,,,,,,,,,,,,,,
1978-W-WT-GBR-03A-1978,Brighton,Carpet,32,W,19781016,201,200917,,,Veronica Burton,U,,GBR,26.7,201911,,,Nina Bland,R,,CAN,19.4,6-7 6-0 6-4,3,Q1,,,,,,,,,,,,,,,,,,,,,,,
1978-W-WT-GBR-03A-1978,Brighton,Carpet,32,W,19781016,202,201118,,,Tine Zwaan,R,,NED,31.3,201146,,,Annette Coe,L,,GBR,24.6,6-2 6-2,3,Q1,,,,,,,,,,,,,,,,,,,,,,,
1978-W-WT-GBR-03A-1978,Brighton,Carpet,32,W,19781016,203,200288,,,Sue Mappin,R,,GBR,31.2,201244,,,Sue Stap,U,,USA,24.3,W/O,3,Q1,,,,,,,,,,,,,,,,,,,,,,,
1978-W-WT-GBR-03A-1978,Brighton,Carpet,32,W,19781016,204,200323,,,Rene Blount,U,,USA,21.4,201153,,,Anthea Stewart,U,,GBR,19.6,6-4 6-0,3,Q1,,,,,,,,,,,,,,,,,,,,,,,
1978-W-WT-GBR-03A-1978,Brighton,Carpet,32,W,19781016,205,201162,,,Linda Geeves,U,,GBR,24.3,201137,,,Sandy Stap,U,,USA,22.4,W/O,3,Q1,,,,,,,,,,,,,,,,,,,,,,,
1978-W-WT-GBR-03A-1978,Brighton,Carpet,32,W,19781016,206,201997,,,Debbie Stewart,U,,GBR,18.5,201787,,,Annina Von Planta,U,,SUI,22.1,7-6 6-2,3,Q1,,,,,,,,,,,,,,,,,,,,,,,
1978-W-WT-GBR-03A-1978,Brighton,Carpet,32,W,19781016,207,201871,,,Kate Glancy,L,,CAN,18.5,200997,,,Kate Brasher,U,,GBR,16.2,6-4 6-3,3,Q1,,,,,,,,,,,,,,,,,,,,,,,
1978-W-WT-GBR-03A-1978,Brighton,Carpet,32,W,19781016,208,200392,,,Jo Durie,R,163,GBR,18.2,202191,,,Petra Van Oyen,U,,FRG,17.4,6-2 7-6,3,Q1,,,,,,,,,,,,,,,,,,,,,,,
1978-W-WT-GBR-03A-1978,Brighton,Carpet,32,W,19781016,209,201888,,,Marlie Buehler,U,,USA,27.9,224336,,,Debbie Parker,U,,GBR,,7-6 6-0,3,Q1,,,,,,,,,,,,,,,,,,,,,,,
1978-W-WT-GBR-03A-1978,Brighton,Carpet,32,W,19781016,210,201907,,,Lisette Senn,U,,CAN,20.5,200984,,,Deborah Jevans,U,,GBR,18.4,3-6 6-2 6-3,3,Q1,,,,,,,,,,,,,,,,,,,,,,,
1978-W-WT-GBR-03A-1978,Brighton,Carpet,32,W,19781016,211,200315,,,Nina Bohm,R,,SWE,20.4,201996,,,Clare Harrison,U,,GBR,19.3,6-0 6-0,3,Q1,,,,,,,,,,,,,,,,,,,,,,,
1978-W-WT-GBR-03A-1978,Brighton,Carpet,32,W,19781016,212,200316,,,Heidi Eisterlehner,R,172,GER,28.9,200309,,,Merrilyn Robinson,U,,AUS,,W/O,3,Q1,,,,,,,,,,,,,,,,,,,,,,,
1978-W-WT-GBR-03A-1978,Brighton,Carpet,32,W,19781016,213,201883,,,Cynthia Ashling,U,,USA,20.3,224352,,,Debbie Morgan,U,,GBR,,6-2 6-2,3,Q1,,,,,,,,,,,,,,,,,,,,,,,
1978-W-WT-GBR-03A-1978,Brighton,Carpet,32,W,19781016,214,200763,,,Cathy Drury,R,,GBR,18.5,216641,,,Fiona Moffitt,U,,GBR,18.6,1-6 6-2 6-4,3,Q1,,,,,,,,,,,,,,,,,,,,,,,
1978-W-WT-GBR-03A-1978,Brighton,Carpet,32,W,19781016,215,224353,,,Sonia Davies,U,,GBR,,200281,,,Jackie Fayter,U,,GBR,27.3,W/O,3,Q1,,,,,,,,,,,,,,,,,,,,,,,
1978-W-WT-GBR-03A-1978,Brighton,Carpet,32,W,19781016,216,200917,,,Veronica Burton,U,,GBR,26.7,200935,,,Florenta Mihai,R,165,ROU,23.1,6-2 0-2 RET,3,Q2,,,,,,,,,,,,,,,,,,,,,,,
1978-W-WT-GBR-03A-1978,Brighton,Carpet,32,W,19781016,217,201118,,,Tine Zwaan,R,,NED,31.3,200288,,,Sue Mappin,R,,GBR,31.2,4-6 7-5 6-1,3,Q2,,,,,,,,,,,,,,,,,,,,,,,
1978-W-WT-GBR-03A-1978,Brighton,Carpet,32,W,19781016,218,200323,,,Rene Blount,U,,USA,21.4,201162,,,Linda Geeves,U,,GBR,24.3,6-3 6-2,3,Q2,,,,,,,,,,,,,,,,,,,,,,,
1978-W-WT-GBR-03A-1978,Brighton,Carpet,32,W,19781016,219,201871,,,Kate Glancy,L,,CAN,18.5,201997,,,Debbie Stewart,U,,GBR,18.5,6-3 6-1,3,Q2,,,,,,,,,,,,,,,,,,,,,,,
1978-W-WT-GBR-03A-1978,Brighton,Carpet,32,W,19781016,220,200392,,,Jo Durie,R,163,GBR,18.2,201888,,,Marlie Buehler,U,,USA,27.9,6-3 7-5,3,Q2,,,,,,,,,,,,,,,,,,,,,,,
1978-W-WT-GBR-03A-1978,Brighton,Carpet,32,W,19781016,221,200315,,,Nina Bohm,R,,SWE,20.4,201907,,,Lisette Senn,U,,CAN,20.5,6-3 6-1,3,Q2,,,,,,,,,,,,,,,,,,,,,,,
1978-W-WT-GBR-03A-1978,Brighton,Carpet,32,W,19781016,222,200316,,,Heidi Eisterlehner,R,172,GER,28.9,201883,,,Cynthia Ashling,U,,USA,20.3,3-6 6-3 6-1,3,Q2,,,,,,,,,,,,,,,,,,,,,,,
1978-W-WT-GBR-03A-1978,Brighton,Carpet,32,W,19781016,223,200763,,,Cathy Drury,R,,GBR,18.5,224353,,,Sonia Davies,U,,GBR,,6-2 3-6 6-2,3,Q2,,,,,,,,,,,,,,,,,,,,,,,
1978-W-WT-GBR-03A-1978,Brighton,Carpet,32,W,19781016,224,201118,,,Tine Zwaan,R,,NED,31.3,200917,,,Veronica Burton,U,,GBR,26.7,6-2 6-2,3,Q3,,,,,,,,,,,,,,,,,,,,,,,
1978-W-WT-GBR-03A-1978,Brighton,Carpet,32,W,19781016,225,200323,,,Rene Blount,U,,USA,21.4,201871,,,Kate Glancy,L,,CAN,18.5,6-2 6-2,3,Q3,,,,,,,,,,,,,,,,,,,,,,,
1978-W-WT-GBR-03A-1978,Brighton,Carpet,32,W,19781016,226,200315,,,Nina Bohm,R,,SWE,20.4,200392,,,Jo Durie,R,163,GBR,18.2,6-4 6-1,3,Q3,,,,,,,,,,,,,,,,,,,,,,,
1978-W-WT-GBR-03A-1978,Brighton,Carpet,32,W,19781016,227,200316,,,Heidi Eisterlehner,R,172,GER,28.9,200763,,,Cathy Drury,R,,GBR,18.5,7-5 6-0,3,Q3,,,,,,,,,,,,,,,,,,,,,,,
1978-1003-1978,Adelaide,Grass,64,W,19781211,201,200761,,,Michelle Pekovitch,U,,AUS,,200382,,,Isabelle Villiger,R,,SUI,16.0,6-1 6-3,3,Q1,,,,,,,,,,,,,,,,,,,,,,,
1978-1003-1978,Adelaide,Grass,64,W,19781211,202,228337,,,J Barrett,U,,AUS,,228506,,,L Hawkins,U,,AUS,,6-4 7-5,3,Q1,,,,,,,,,,,,,,,,,,,,,,,
1978-1003-1978,Adelaide,Grass,64,W,19781211,203,200359,,,Christiane Jolissaint,R,173,SUI,17.2,216640,,,Claire Chapman,U,,AUS,,6-4 6-4,3,Q1,,,,,,,,,,,,,,,,,,,,,,,
1978-1003-1978,Adelaide,Grass,64,W,19781211,204,200233,,,Chris Matison,R,,AUS,27.1,228531,,, Haegel,U,,AUS,,6-0 7-5,3,Q1,,,,,,,,,,,,,,,,,,,,,,,
1978-1003-1978,Adelaide,Grass,64,W,19781211,205,203662,,,Diane Eastburn,U,,AUS,,228532,,,D Rice,U,,AUS,,6-4 6-0,3,Q1,,,,,,,,,,,,,,,,,,,,,,,
1978-1003-1978,Adelaide,Grass,64,W,19781211,206,203870,,,Jenny Gardiner,U,,USA,,203666,,,Dianne Berkinshaw,U,,AUS,32.7,6-1 3-6 6-3,3,Q1,,,,,,,,,,,,,,,,,,,,,,,
1978-1003-1978,Adelaide,Grass,64,W,19781211,207,200252,,,Monique Van Haver,U,,BEL,30.2,200262,,,Jenny Walker,U,,AUS,22.6,6-3 6-4,3,Q1,,,,,,,,,,,,,,,,,,,,,,,
1978-1003-1978,Adelaide,Grass,64,W,19781211,208,202244,,,Uschi Ulrich,U,,AUT,19.3,203701,,,Lucia Bruce,U,,URU,27.2,6-0 6-0,3,Q1,,,,,,,,,,,,,,,,,,,,,,,
1978-1003-1978,Adelaide,Grass,64,W,19781211,209,228533,,,P Ferguson,U,,AUS,,228534,,,S Alpens,U,,AUS,,6-1 6-1,3,Q1,,,,,,,,,,,,,,,,,,,,,,,
1978-1003-1978,Adelaide,Grass,64,W,19781211,210,200761,,,Michelle Pekovitch,U,,AUS,,224797,,,J Campbell,U,,GBR,,6-1 2-6 6-3,3,Q2,,,,,,,,,,,,,,,,,,,,,,,
1978-1003-1978,Adelaide,Grass,64,W,19781211,211,201787,,,Annina Von Planta,U,,SUI,22.3,224375,,,S Morton,U,,GBR,,6-2 6-4,3,Q2,,,,,,,,,,,,,,,,,,,,,,,
1978-1003-1978,Adelaide,Grass,64,W,19781211,212,200327,,,Birgitte Hermansen,U,,DEN,22.7,228337,,,J Barrett,U,,AUS,,6-0 6-4,3,Q2,,,,,,,,,,,,,,,,,,,,,,,
1978-1003-1978,Adelaide,Grass,64,W,19781211,213,201118,,,Tine Zwaan,R,,NED,31.4,228535,,,Michelle Lonergan,U,,AUS,,6-0 6-1,3,Q2,,,,,,,,,,,,,,,,,,,,,,,
1978-1003-1978,Adelaide,Grass,64,W,19781211,214,200359,,,Christiane Jolissaint,R,173,SUI,17.2,228536,,,S Lee,U,,AUS,,5-7 6-3 6-1,3,Q2,,,,,,,,,,,,,,,,,,,,,,,
1978-1003-1978,Adelaide,Grass,64,W,19781211,215,200233,,,Chris Matison,R,,AUS,27.1,228535,,,Michelle Lonergan,U,,AUS,,6-0 6-1,3,Q2,,,,,,,,,,,,,,,,,,,,,,,
1978-1003-1978,Adelaide,Grass,64,W,19781211,216,201765,,,Brenda Perry,U,,NZL,21.1,228537,,,B Wimmer,U,,AUS,,6-2 6-2,3,Q2,,,,,,,,,,,,,,,,,,,,,,,
1978-1003-1978,Adelaide,Grass,64,W,19781211,217,201907,,,Lisette Senn,U,,CAN,20.7,203662,,,Diane Eastburn,U,,AUS,,6-3 7-6,3,Q2,,,,,,,,,,,,,,,,,,,,,,,
1978-1003-1978,Adelaide,Grass,64,W,19781211,218,203870,,,Jenny Gardiner,U,,USA,,228538,,,R Gene,U,,AUS,,6-1 6-1,3,Q2,,,,,,,,,,,,,,,,,,,,,,,
1978-1003-1978,Adelaide,Grass,64,W,19781211,219,200252,,,Monique Van Haver,U,,BEL,30.2,225382,,,M Stewart,U,,AUS,,6-2 6-1,3,Q2,,,,,,,,,,,,,,,,,,,,,,,
1978-1003-1978,Adelaide,Grass,64,W,19781211,220,200160,,,Judy Tegart,R,,AUS,40.9,201153,,,Anthea Stewart,U,,GBR,19.8,6-2 6-3,3,Q2,,,,,,,,,,,,,,,,,,,,,,,
1978-1003-1978,Adelaide,Grass,64,W,19781211,221,201888,,,Marlie Buehler,U,,USA,28.0,202244,,,Uschi Ulrich,U,,AUT,19.3,2-6 6-4 6-3,3,Q2,,,,,,,,,,,,,,,,,,,,,,,
1978-1003-1978,Adelaide,Grass,64,W,19781211,222,200309,,,Merrilyn Robinson,U,,AUS,,200339,,,Linda Cassell,R,,AUS,16.6,7-6 6-1,3,Q2,,,,,,,,,,,,,,,,,,,,,,,
1978-1003-1978,Adelaide,Grass,64,W,19781211,223,200247,,,Dorte Ekner,U,,DEN,27.6,212323,,,Bente Kjolstad,U,,NOR,23.6,6-2 6-2,3,Q2,,,,,,,,,,,,,,,,,,,,,,,
1978-1003-1978,Adelaide,Grass,64,W,19781211,224,228539,,,Sally Pinchbeck,U,,AUS,,216653,,,Rayleen Henningson,U,,SWE,,6-3 6-3,3,Q2,,,,,,,,,,,,,,,,,,,,,,,
1978-1003-1978,Adelaide,Grass,64,W,19781211,225,200342,,,Chris Newton,U,181,NZL,22.8,228533,,,P Ferguson,U,,AUS,,6-7 6-3 6-4,3,Q2,,,,,,,,,,,,,,,,,,,,,,,
1978-1003-1978,Adelaide,Grass,64,W,19781211,226,201787,,,Annina Von Planta,U,,SUI,22.3,200761,,,Michelle Pekovitch,U,,AUS,,6-2 7-6,3,Q3,,,,,,,,,,,,,,,,,,,,,,,
1978-1003-1978,Adelaide,Grass,64,W,19781211,227,200327,,,Birgitte Hermansen,U,,DEN,22.7,201118,,,Tine Zwaan,R,,NED,31.4,6-4 4-6 10-8,3,Q3,,,,,,,,,,,,,,,,,,,,,,,
1978-1003-1978,Adelaide,Grass,64,W,19781211,228,200359,,,Christiane Jolissaint,R,173,SUI,17.2,200233,,,Chris Matison,R,,AUS,27.1,6-4 1-6 6-2,3,Q3,,,,,,,,,,,,,,,,,,,,,,,
1978-1003-1978,Adelaide,Grass,64,W,19781211,229,201765,,,Brenda Perry,U,,NZL,21.1,201907,,,Lisette Senn,U,,CAN,20.7,UNK,3,Q3,,,,,,,,,,,,,,,,,,,,,,,
1978-1003-1978,Adelaide,Grass,64,W,19781211,230,203870,,,Jenny Gardiner,U,,USA,,200252,,,Monique Van Haver,U,,BEL,30.2,UNK,3,Q3,,,,,,,,,,,,,,,,,,,,,,,
1978-1003-1978,Adelaide,Grass,64,W,19781211,231,201888,,,Marlie Buehler,U,,USA,28.0,200160,,,Judy Tegart,R,,AUS,40.9,UNK,3,Q3,,,,,,,,,,,,,,,,,,,,,,,
1978-1003-1978,Adelaide,Grass,64,W,19781211,232,224791,,,M Robinson,U,,GBR,,200247,,,Dorte Ekner,U,,DEN,27.6,UNK,3,Q3,,,,,,,,,,,,,,,,,,,,,,,
1978-1003-1978,Adelaide,Grass,64,W,19781211,233,200342,,,Chris Newton,U,181,NZL,22.8,228539,,,Sally Pinchbeck,U,,AUS,,UNK,3,Q3,,,,,,,,,,,,,,,,,,,,,,,
