tourney_id,tourney_name,surface,draw_size,tourney_level,tourney_date,match_num,winner_id,winner_seed,winner_entry,winner_name,winner_hand,winner_ht,winner_ioc,winner_age,loser_id,loser_seed,loser_entry,loser_name,loser_hand,loser_ht,loser_ioc,loser_age,score,best_of,round,minutes,w_ace,w_df,w_svpt,w_1stIn,w_1stWon,w_2ndWon,w_SvGms,w_bpSaved,w_bpFaced,l_ace,l_df,l_svpt,l_1stIn,l_1stWon,l_2ndWon,l_SvGms,l_bpSaved,l_bpFaced,winner_rank,winner_rank_points,loser_rank,loser_rank_points
1975-1044,San Carlos Satellite,Hard,,C,19750127,1,200918,,,Robin Tenney,L,,USA,16.7,200951,,,Mary Struthers,U,,USA,24.5,6-3 7-6,3,R32,,,,,,,,,,,,,,,,,,,,,,,
1975-1044,San Carlos Satellite,Hard,,C,19750127,2,200938,,,Kathy May,R,173,USA,18.6,200958,,,Helle Sparre,U,,DEN,18.5,6-1 6-0,3,R32,,,,,,,,,,,,,,,,,,,,,,,
1975-1044,San Carlos Satellite,Hard,,C,19750127,3,200860,,,Kristy Pigeon,L,,USA,24.4,201148,,,Roberta Stark,U,,USA,18.5,6-2 2-6 6-3,3,R32,,,,,,,,,,,,,,,,,,,,,,,
1975-1044,San Carlos Satellite,Hard,,C,19750127,4,200930,,,Julie Anthony,R,,USA,27.0,200280,,,Joy Schwikert,U,,USA,20.6,4-6 6-2 6-4,3,R32,,,,,,,,,,,,,,,,,,,,,,,
1975-1044,San Carlos Satellite,Hard,,C,19750127,5,200285,,,Mimi Wikstedt,U,163,SWE,20.7,200916,,,Ching Ling Chang,U,,USA,26.3,6-1 6-1,3,R32,,,,,,,,,,,,,,,,,,,,,,,
1975-1044,San Carlos Satellite,Hard,,C,19750127,6,200875,,,Pamela Austin,U,,USA,24.8,201151,,,Mary Mclean,U,,USA,29.3,3-6 7-6 6-3,3,R32,,,,,,,,,,,,,,,,,,,,,,,
1975-1044,San Carlos Satellite,Hard,,C,19750127,7,200463,,,Terry Holladay,L,180,USA,19.1,200922,,,Laurie Tenney,U,,USA,19.2,5-7 6-1 6-1,3,R32,,,,,,,,,,,,,,,,,,,,,,,
1975-1044,San Carlos Satellite,Hard,,C,19750127,8,200908,,,Miroslava Kozeluhova,U,,CZE,23.1,200919,,,Elvira Weisenberger,R,,ARG,25.0,6-2 7-5,3,R32,,,,,,,,,,,,,,,,,,,,,,,
1975-1044,San Carlos Satellite,Hard,,C,19750127,9,200935,,,Florenta Mihai,R,165,ROU,19.4,200756,,,Bunny Bruning,U,,USA,17.3,7-6 6-4,3,R32,,,,,,,,,,,,,,,,,,,,,,,
1975-1044,San Carlos Satellite,Hard,,C,19750127,10,200948,,,Brigette Cuypers,R,169,RSA,19.1,200320,,,Renata Tomanova,R,168,GER,20.1,6-4 7-6,3,R32,,,,,,,,,,,,,,,,,,,,,,,
1975-1044,San Carlos Satellite,Hard,,C,19750127,11,200265,,,Lindsey Beaven,R,,GBR,25.0,200945,,,Marita Redondo,R,165,USA,18.9,4-6 7-5 6-2,3,R32,,,,,,,,,,,,,,,,,,,,,,,
1975-1044,San Carlos Satellite,Hard,,C,19750127,12,200254,,,Michele Gurdal,U,,BEL,22.1,200876,,,Denise Carter,U,,USA,24.4,2-6 7-6 6-1,3,R32,,,,,,,,,,,,,,,,,,,,,,,
1975-1044,San Carlos Satellite,Hard,,C,19750127,13,200141,,,Wendy Gilchrist,L,,AUS,24.6,200269,,,Jill Schwikert,U,,USA,20.6,6-1 6-1,3,R32,,,,,,,,,,,,,,,,,,,,,,,
1975-1044,San Carlos Satellite,Hard,,C,19750127,14,200927,,,Linda Thomas,U,,USA,22.2,200921,,,Patricia Reese,R,,USA,,6-3 6-3,3,R32,,,,,,,,,,,,,,,,,,,,,,,
1975-1044,San Carlos Satellite,Hard,,C,19750127,15,200947,,,Susie Mehmedbasich,R,,USA,17.3,200326,,,Naoko Sato,U,163,JPN,20.0,6-3 6-2,3,R32,,,,,,,,,,,,,,,,,,,,,,,
1975-1044,San Carlos Satellite,Hard,,C,19750127,16,201253,,,Sally Moore,R,,USA,34.6,200337,,,Virginia Ruzici,R,173,ROU,19.9,5-3 RET,3,R32,,,,,,,,,,,,,,,,,,,,,,,
1975-1044,San Carlos Satellite,Hard,,C,19750127,17,200938,,,Kathy May,R,173,USA,18.6,200918,,,Robin Tenney,L,,USA,16.7,6-1 6-1,3,R16,,,,,,,,,,,,,,,,,,,,,,,
1975-1044,San Carlos Satellite,Hard,,C,19750127,18,200930,,,Julie Anthony,R,,USA,27.0,200860,,,Kristy Pigeon,L,,USA,24.4,6-4 7-6,3,R16,,,,,,,,,,,,,,,,,,,,,,,
1975-1044,San Carlos Satellite,Hard,,C,19750127,19,200875,,,Pamela Austin,U,,USA,24.8,200285,,,Mimi Wikstedt,U,163,SWE,20.7,2-6 6-4 6-4,3,R16,,,,,,,,,,,,,,,,,,,,,,,
1975-1044,San Carlos Satellite,Hard,,C,19750127,20,200463,,,Terry Holladay,L,180,USA,19.1,200908,,,Miroslava Kozeluhova,U,,CZE,23.1,6-0-6-3,3,R16,,,,,,,,,,,,,,,,,,,,,,,
1975-1044,San Carlos Satellite,Hard,,C,19750127,21,200948,,,Brigette Cuypers,R,169,RSA,19.1,200935,,,Florenta Mihai,R,165,ROU,19.4,6-3 4-6-6-1,3,R16,,,,,,,,,,,,,,,,,,,,,,,
1975-1044,San Carlos Satellite,Hard,,C,19750127,22,200254,,,Michele Gurdal,U,,BEL,22.1,200265,,,Lindsey Beaven,R,,GBR,25.0,3-6 6-2 6-4,3,R16,,,,,,,,,,,,,,,,,,,,,,,
1975-1044,San Carlos Satellite,Hard,,C,19750127,23,200141,,,Wendy Gilchrist,L,,AUS,24.6,200927,,,Linda Thomas,U,,USA,22.2,6-4 6-7 6-1,3,R16,,,,,,,,,,,,,,,,,,,,,,,
1975-1044,San Carlos Satellite,Hard,,C,19750127,24,200947,,,Susie Mehmedbasich,R,,USA,17.3,201253,,,Sally Moore,R,,USA,34.6,4-6 7-6 6-2,3,R16,,,,,,,,,,,,,,,,,,,,,,,
1975-1044,San Carlos Satellite,Hard,,C,19750127,25,200938,,,Kathy May,R,173,USA,18.6,200930,,,Julie Anthony,R,,USA,27.0,6-3 6-4,3,QF,,,,,,,,,,,,,,,,,,,,,,,
1975-1044,San Carlos Satellite,Hard,,C,19750127,26,200463,,,Terry Holladay,L,180,USA,19.1,200875,,,Pamela Austin,U,,USA,24.8,6-2 7-6,3,QF,,,,,,,,,,,,,,,,,,,,,,,
1975-1044,San Carlos Satellite,Hard,,C,19750127,27,200948,,,Brigette Cuypers,R,169,RSA,19.1,200254,,,Michele Gurdal,U,,BEL,22.1,6-2 6-2,3,QF,,,,,,,,,,,,,,,,,,,,,,,
1975-1044,San Carlos Satellite,Hard,,C,19750127,28,200947,,,Susie Mehmedbasich,R,,USA,17.3,200141,,,Wendy Gilchrist,L,,AUS,24.6,6-3 6-4,3,QF,,,,,,,,,,,,,,,,,,,,,,,
1975-1044,San Carlos Satellite,Hard,,C,19750127,29,200463,,,Terry Holladay,L,180,USA,19.1,200938,,,Kathy May,R,173,USA,18.6,6-3 6-3,3,SF,,,,,,,,,,,,,,,,,,,,,,,
1975-1044,San Carlos Satellite,Hard,,C,19750127,30,200948,,,Brigette Cuypers,R,169,RSA,19.1,200947,,,Susie Mehmedbasich,R,,USA,17.3,7-6 7-6,3,SF,,,,,,,,,,,,,,,,,,,,,,,
1975-1044,San Carlos Satellite,Hard,,C,19750127,31,200948,,,Brigette Cuypers,R,169,RSA,19.1,200463,,,Terry Holladay,L,180,USA,19.1,5-7 6-3 6-4,3,F,,,,,,,,,,,,,,,,,,,,,,,
1975-1045,Lubbock Satellite,,,C,19750127,1,223526,,,Susan Eastman,U,,USA,,225769,,,Pam Gollish,U,,CAN,,6-3 6-1,3,R16,,,,,,,,,,,,,,,,,,,,,,,
1975-1045,Lubbock Satellite,,,C,19750127,2,225770,,,Ruth Allan,U,,USA,,201155,,,Erin Dignam,U,,USA,19.5,6-2 6-3,3,R16,,,,,,,,,,,,,,,,,,,,,,,
1975-1045,Lubbock Satellite,,,C,19750127,3,224429,,,V Brown,U,,GBR,,225771,,,Rosemary Spillane,U,,USA,,6-4 6-1,3,R16,,,,,,,,,,,,,,,,,,,,,,,
1975-1045,Lubbock Satellite,,,C,19750127,4,223500,,,Hillary Laduke,U,,USA,,225772,,,Cindy Fee,U,,USA,,6-0 6-0,3,R16,,,,,,,,,,,,,,,,,,,,,,,
1975-1045,Lubbock Satellite,,,C,19750127,5,201239,,,Emilie Burrer,U,,USA,,225761,,,Sue Oertel,U,,USA,,6-2 4-6 6-3,3,R16,,,,,,,,,,,,,,,,,,,,,,,
1975-1045,Lubbock Satellite,,,C,19750127,6,225773,,,Liz Smith,U,,USA,,225765,,,Margot Tiff,U,157,USA,,6-3 6-1,3,R16,,,,,,,,,,,,,,,,,,,,,,,
1975-1045,Lubbock Satellite,,,C,19750127,7,225209,,,Sharon Pritula,U,,USA,28.6,225343,,,Alice Trombley,U,,USA,,6-2 6-1,3,R16,,,,,,,,,,,,,,,,,,,,,,,
1975-1045,Lubbock Satellite,,,C,19750127,8,200924,,,Penny Moor,L,,GBR,23.5,225774,,,Barbara Lockridge,U,,USA,,6-1 6-0,3,R16,,,,,,,,,,,,,,,,,,,,,,,
1975-1045,Lubbock Satellite,,,C,19750127,9,223526,,,Susan Eastman,U,,USA,,225770,,,Ruth Allan,U,,USA,,7-5 6-3,3,QF,,,,,,,,,,,,,,,,,,,,,,,
1975-1045,Lubbock Satellite,,,C,19750127,10,223500,,,Hillary Laduke,U,,USA,,224429,,,V Brown,U,,GBR,,6-1 6-0,3,QF,,,,,,,,,,,,,,,,,,,,,,,
1975-1045,Lubbock Satellite,,,C,19750127,11,201239,,,Emilie Burrer,U,,USA,,225773,,,Liz Smith,U,,USA,,7-5 7-6,3,QF,,,,,,,,,,,,,,,,,,,,,,,
1975-1045,Lubbock Satellite,,,C,19750127,12,200924,,,Penny Moor,L,,GBR,23.5,225209,,,Sharon Pritula,U,,USA,28.6,6-2 6-0,3,QF,,,,,,,,,,,,,,,,,,,,,,,
1975-1045,Lubbock Satellite,,,C,19750127,13,223526,,,Susan Eastman,U,,USA,,223500,,,Hillary Laduke,U,,USA,,6-2 6-3,3,SF,,,,,,,,,,,,,,,,,,,,,,,
1975-1045,Lubbock Satellite,,,C,19750127,14,201239,,,Emilie Burrer,U,,USA,,200924,,,Penny Moor,L,,GBR,23.5,7-5 7-5,3,SF,,,,,,,,,,,,,,,,,,,,,,,
1975-1045,Lubbock Satellite,,,C,19750127,15,201239,,,Emilie Burrer,U,,USA,,223526,,,Susan Eastman,U,,USA,,7-5 6-2,3,F,,,,,,,,,,,,,,,,,,,,,,,
1975-1046,Mission Viejo Satellite,Hard,,C,19750203,1,200945,,,Marita Redondo,R,165,USA,18.9,201148,,,Roberta Stark,U,,USA,18.5,7-5 7-5,3,R32,,,,,,,,,,,,,,,,,,,,,,,
1975-1046,Mission Viejo Satellite,Hard,,C,19750203,2,200141,,,Wendy Gilchrist,L,,AUS,24.7,200905,,,Mariana Simionescu,R,,ROU,18.1,6-3 6-2,3,R32,,,,,,,,,,,,,,,,,,,,,,,
1975-1046,Mission Viejo Satellite,Hard,,C,19750203,3,201253,,,Sally Moore,R,,USA,34.6,201151,,,Mary Mclean,U,,USA,29.3,6-3 6-0,3,R32,,,,,,,,,,,,,,,,,,,,,,,
1975-1046,Mission Viejo Satellite,Hard,,C,19750203,4,200921,,,Patricia Reese,R,,USA,,200958,,,Helle Sparre,U,,DEN,18.5,6-3 6-3,3,R32,,,,,,,,,,,,,,,,,,,,,,,
1975-1046,Mission Viejo Satellite,Hard,,C,19750203,5,200947,,,Susie Mehmedbasich,R,,USA,17.3,200930,,,Julie Anthony,R,,USA,27.0,7-6 4-6 6-3,3,R32,,,,,,,,,,,,,,,,,,,,,,,
1975-1046,Mission Viejo Satellite,Hard,,C,19750203,6,200894,,,Isabel Fernandez De Soto,U,,COL,24.3,200922,,,Laurie Tenney,U,,USA,19.2,7-6 5-7 6-1,3,R32,,,,,,,,,,,,,,,,,,,,,,,
1975-1046,Mission Viejo Satellite,Hard,,C,19750203,7,200280,,,Joy Schwikert,U,,USA,20.7,200916,,,Ching Ling Chang,U,,USA,26.3,6-4 6-4,3,R32,,,,,,,,,,,,,,,,,,,,,,,
1975-1046,Mission Viejo Satellite,Hard,,C,19750203,8,200968,,,Betty Ann Grubb,R,175,USA,24.9,200254,,,Michele Gurdal,U,,BEL,22.1,6-3 6-4,3,R32,,,,,,,,,,,,,,,,,,,,,,,
1975-1046,Mission Viejo Satellite,Hard,,C,19750203,9,200928,,,Paulina Peisachov,U,,ISR,24.7,200908,,,Miroslava Kozeluhova,U,,CZE,23.1,3-6 6-1 6-3,3,R32,,,,,,,,,,,,,,,,,,,,,,,
1975-1046,Mission Viejo Satellite,Hard,,C,19750203,10,200918,,,Robin Tenney,L,,USA,16.7,200756,,,Bunny Bruning,U,,USA,17.4,6-1 6-4,3,R32,,,,,,,,,,,,,,,,,,,,,,,
1975-1046,Mission Viejo Satellite,Hard,,C,19750203,11,200393,,,Lea Antonoplis,R,165,USA,16.0,200875,,,Pamela Austin,U,,USA,24.8,7-5 7-5,3,R32,,,,,,,,,,,,,,,,,,,,,,,
1975-1046,Mission Viejo Satellite,Hard,,C,19750203,12,200143,,,Kathleen Harter,R,,USA,28.2,200951,,,Mary Struthers,U,,USA,24.5,6-7 6-1 6-4,3,R32,,,,,,,,,,,,,,,,,,,,,,,
1975-1046,Mission Viejo Satellite,Hard,,C,19750203,13,200320,,,Renata Tomanova,R,168,GER,20.1,200328,,,Patricia Bostrom,U,,USA,23.1,2-6 6-2 7-5,3,R32,,,,,,,,,,,,,,,,,,,,,,,
1975-1046,Mission Viejo Satellite,Hard,,C,19750203,14,200300,,,Sally Greer,U,,USA,19.8,200919,,,Elvira Weisenberger,R,,ARG,25.1,7-5 6-4,3,R32,,,,,,,,,,,,,,,,,,,,,,,
1975-1046,Mission Viejo Satellite,Hard,,C,19750203,15,200938,,,Kathy May,R,173,USA,18.6,200265,,,Lindsey Beaven,R,,GBR,25.0,6-2 7-6,3,R32,,,,,,,,,,,,,,,,,,,,,,,
1975-1046,Mission Viejo Satellite,Hard,,C,19750203,16,200904,,,Kristien Shaw,L,168,USA,22.5,200927,,,Linda Thomas,U,,USA,22.2,6-4 6-3,3,R32,,,,,,,,,,,,,,,,,,,,,,,
1975-1046,Mission Viejo Satellite,Hard,,C,19750203,17,200945,,,Marita Redondo,R,165,USA,18.9,200141,,,Wendy Gilchrist,L,,AUS,24.7,6-2 7-5,3,R16,,,,,,,,,,,,,,,,,,,,,,,
1975-1046,Mission Viejo Satellite,Hard,,C,19750203,18,201253,,,Sally Moore,R,,USA,34.6,200921,,,Patricia Reese,R,,USA,,6-3 6-3,3,R16,,,,,,,,,,,,,,,,,,,,,,,
1975-1046,Mission Viejo Satellite,Hard,,C,19750203,19,200947,,,Susie Mehmedbasich,R,,USA,17.3,200894,,,Isabel Fernandez De Soto,U,,COL,24.3,7-6 3-6 6-4,3,R16,,,,,,,,,,,,,,,,,,,,,,,
1975-1046,Mission Viejo Satellite,Hard,,C,19750203,20,200968,,,Betty Ann Grubb,R,175,USA,24.9,200280,,,Joy Schwikert,U,,USA,20.7,6-2 6-3,3,R16,,,,,,,,,,,,,,,,,,,,,,,
1975-1046,Mission Viejo Satellite,Hard,,C,19750203,21,200928,,,Paulina Peisachov,U,,ISR,24.7,200918,,,Robin Tenney,L,,USA,16.7,3-6 6-1 7-5,3,R16,,,,,,,,,,,,,,,,,,,,,,,
1975-1046,Mission Viejo Satellite,Hard,,C,19750203,22,200393,,,Lea Antonoplis,R,165,USA,16.0,200143,,,Kathleen Harter,R,,USA,28.2,6-2 4-6 6-4,3,R16,,,,,,,,,,,,,,,,,,,,,,,
1975-1046,Mission Viejo Satellite,Hard,,C,19750203,23,200320,,,Renata Tomanova,R,168,GER,20.1,200300,,,Sally Greer,U,,USA,19.8,6-1 6-2,3,R16,,,,,,,,,,,,,,,,,,,,,,,
1975-1046,Mission Viejo Satellite,Hard,,C,19750203,24,200904,,,Kristien Shaw,L,168,USA,22.5,200938,,,Kathy May,R,173,USA,18.6,1-6 6-2 6-4,3,R16,,,,,,,,,,,,,,,,,,,,,,,
1975-1046,Mission Viejo Satellite,Hard,,C,19750203,25,200945,,,Marita Redondo,R,165,USA,18.9,201253,,,Sally Moore,R,,USA,34.6,6-1 6-3,3,QF,,,,,,,,,,,,,,,,,,,,,,,
1975-1046,Mission Viejo Satellite,Hard,,C,19750203,26,200947,,,Susie Mehmedbasich,R,,USA,17.3,200968,,,Betty Ann Grubb,R,175,USA,24.9,7-5 5-7 6-2,3,QF,,,,,,,,,,,,,,,,,,,,,,,
1975-1046,Mission Viejo Satellite,Hard,,C,19750203,27,200928,,,Paulina Peisachov,U,,ISR,24.7,200393,,,Lea Antonoplis,R,165,USA,16.0,6-4 7-6,3,QF,,,,,,,,,,,,,,,,,,,,,,,
1975-1046,Mission Viejo Satellite,Hard,,C,19750203,28,200904,,,Kristien Shaw,L,168,USA,22.5,200320,,,Renata Tomanova,R,168,GER,20.1,6-1 7-6,3,QF,,,,,,,,,,,,,,,,,,,,,,,
1975-1046,Mission Viejo Satellite,Hard,,C,19750203,29,200945,,,Marita Redondo,R,165,USA,18.9,200947,,,Susie Mehmedbasich,R,,USA,17.3,6-3 6-4,3,SF,,,,,,,,,,,,,,,,,,,,,,,
1975-1047,McAllen Satellite,Hard,,C,19750203,1,201155,,,Erin Dignam,U,,USA,19.5,225776,,,Janice Combs,U,,USA,,6-0 7-6,3,R16,,,,,,,,,,,,,,,,,,,,,,,
1975-1047,McAllen Satellite,Hard,,C,19750203,2,225770,,,Ruth Allan,U,,USA,,225338,,,Pam Hobbs,U,,USA,,6-2 6-4,3,R16,,,,,,,,,,,,,,,,,,,,,,,
1975-1047,McAllen Satellite,Hard,,C,19750203,3,225761,,,Sue Oertel,U,,USA,,225777,,,Marcie Schwan,U,,USA,,6-0 6-0,3,R16,,,,,,,,,,,,,,,,,,,,,,,
1975-1047,McAllen Satellite,Hard,,C,19750203,4,200324,,,Beth Norton,R,,USA,17.6,225778,,,Luann Alexander,U,,USA,40.4,6-0 6-0,3,R16,,,,,,,,,,,,,,,,,,,,,,,
1975-1047,McAllen Satellite,Hard,,C,19750203,5,225773,,,Liz Smith,U,,USA,,225771,,,Rosemary Spillane,U,,USA,,6-2 4-6 6-3,3,R16,,,,,,,,,,,,,,,,,,,,,,,
1975-1047,McAllen Satellite,Hard,,C,19750203,6,225769,,,Pam Gollish,U,,CAN,,225343,,,Alice Trombley,U,,USA,,7-6 3-6 6-3,3,R16,,,,,,,,,,,,,,,,,,,,,,,
1975-1047,McAllen Satellite,Hard,,C,19750203,7,200960,,,Robin Harris,U,,USA,18.8,225765,,,Margot Tiff,U,157,USA,,6-2 6-1,3,R16,,,,,,,,,,,,,,,,,,,,,,,
1975-1047,McAllen Satellite,Hard,,C,19750203,8,200924,,,Penny Moor,L,,GBR,23.5,201155,,,Erin Dignam,U,,USA,19.5,6-3 6-4,3,QF,,,,,,,,,,,,,,,,,,,,,,,
1975-1047,McAllen Satellite,Hard,,C,19750203,9,225770,,,Ruth Allan,U,,USA,,225761,,,Sue Oertel,U,,USA,,6-7 7-6 6-4,3,QF,,,,,,,,,,,,,,,,,,,,,,,
1975-1047,McAllen Satellite,Hard,,C,19750203,10,200324,,,Beth Norton,R,,USA,17.6,225773,,,Liz Smith,U,,USA,,7-5 6-1,3,QF,,,,,,,,,,,,,,,,,,,,,,,
1975-1047,McAllen Satellite,Hard,,C,19750203,11,200960,,,Robin Harris,U,,USA,18.8,225769,,,Pam Gollish,U,,CAN,,6-0 6-2,3,QF,,,,,,,,,,,,,,,,,,,,,,,
1975-1047,McAllen Satellite,Hard,,C,19750203,12,200924,,,Penny Moor,L,,GBR,23.5,225770,,,Ruth Allan,U,,USA,,6-3 6-3,3,SF,,,,,,,,,,,,,,,,,,,,,,,
1975-1047,McAllen Satellite,Hard,,C,19750203,13,200324,,,Beth Norton,R,,USA,17.6,200960,,,Robin Harris,U,,USA,18.8,7-5 6-0,3,SF,,,,,,,,,,,,,,,,,,,,,,,
1975-1047,McAllen Satellite,Hard,,C,19750203,14,200924,,,Penny Moor,L,,GBR,23.5,200324,,,Beth Norton,R,,USA,17.6,6-3 6-4,3,F,,,,,,,,,,,,,,,,,,,,,,,
1975-1048,Norfolk Satellite,Carpet,,C,19750210,1,200463,,,Terry Holladay,L,180,USA,19.2,200265,,,Lindsey Beaven,R,,GBR,25.1,6-1 6-2,3,R32,,,,,,,,,,,,,,,,,,,,,,,
1975-1048,Norfolk Satellite,Carpet,,C,19750210,2,201148,,,Roberta Stark,U,,USA,18.6,201151,,,Mary Mclean,U,,USA,29.3,6-2 6-2,3,R32,,,,,,,,,,,,,,,,,,,,,,,
1975-1048,Norfolk Satellite,Carpet,,C,19750210,3,200951,,,Mary Struthers,U,,USA,24.5,200924,,,Penny Moor,L,,GBR,23.5,4-6 6-4 6-2,3,R32,,,,,,,,,,,,,,,,,,,,,,,
1975-1048,Norfolk Satellite,Carpet,,C,19750210,4,200320,,,Renata Tomanova,R,168,GER,20.1,200921,,,Patricia Reese,R,,USA,,3-6 6-2 6-3,3,R32,,,,,,,,,,,,,,,,,,,,,,,
1975-1048,Norfolk Satellite,Carpet,,C,19750210,5,200919,,,Elvira Weisenberger,R,,ARG,25.1,200916,,,Ching Ling Chang,U,,USA,26.3,6-1 6-3,3,R32,,,,,,,,,,,,,,,,,,,,,,,
1975-1048,Norfolk Satellite,Carpet,,C,19750210,6,201237,,,Pam Richmond,R,154,USA,24.2,200141,,,Wendy Gilchrist,L,,AUS,24.7,6-1 3-6 6-2,3,R32,,,,,,,,,,,,,,,,,,,,,,,
1975-1048,Norfolk Satellite,Carpet,,C,19750210,7,200908,,,Miroslava Kozeluhova,U,,CZE,23.1,200254,,,Michele Gurdal,U,,BEL,22.1,6-1 6-4,3,R32,,,,,,,,,,,,,,,,,,,,,,,
1975-1048,Norfolk Satellite,Carpet,,C,19750210,8,200927,,,Linda Thomas,U,,USA,22.2,200326,,,Naoko Sato,U,163,JPN,20.1,6-4 6-7 6-4,3,R32,,,,,,,,,,,,,,,,,,,,,,,
1975-1048,Norfolk Satellite,Carpet,,C,19750210,9,200930,,,Julie Anthony,R,,USA,27.0,223526,,,Susan Eastman,U,,USA,,6-3 6-3,3,R32,,,,,,,,,,,,,,,,,,,,,,,
1975-1048,Norfolk Satellite,Carpet,,C,19750210,10,200285,,,Mimi Wikstedt,U,163,SWE,20.7,200300,,,Sally Greer,U,,USA,19.8,6-0 6-3,3,R32,,,,,,,,,,,,,,,,,,,,,,,
1975-1048,Norfolk Satellite,Carpet,,C,19750210,11,200905,,,Mariana Simionescu,R,,ROU,18.2,200756,,,Bunny Bruning,U,,USA,17.4,6-1 7-5,3,R32,,,,,,,,,,,,,,,,,,,,,,,
1975-1048,Norfolk Satellite,Carpet,,C,19750210,12,200894,,,Isabel Fernandez De Soto,U,,COL,24.3,201253,,,Sally Moore,R,,USA,34.6,4-6 6-0 7-5,3,R32,,,,,,,,,,,,,,,,,,,,,,,
1975-1048,Norfolk Satellite,Carpet,,C,19750210,13,200875,,,Pamela Austin,U,,USA,24.9,200269,,,Jill Schwikert,U,,USA,20.7,6-4 3-6 6-2,3,R32,,,,,,,,,,,,,,,,,,,,,,,
1975-1048,Norfolk Satellite,Carpet,,C,19750210,14,201242,,,Susan Vinton,U,,USA,21.2,223506,,,Flo Bryan,U,,USA,,6-3 6-4,3,R32,,,,,,,,,,,,,,,,,,,,,,,
1975-1048,Norfolk Satellite,Carpet,,C,19750210,15,200328,,,Patricia Bostrom,U,,USA,23.2,225779,,,Talbot Jordan,U,,USA,,6-4 6-1,3,R32,,,,,,,,,,,,,,,,,,,,,,,
1975-1048,Norfolk Satellite,Carpet,,C,19750210,16,200298,,,Laura Dupont,R,,USA,25.7,200922,,,Laurie Tenney,U,,USA,19.2,7-5 5-7 6-3,3,R32,,,,,,,,,,,,,,,,,,,,,,,
1975-1048,Norfolk Satellite,Carpet,,C,19750210,17,200463,,,Terry Holladay,L,180,USA,19.2,201148,,,Roberta Stark,U,,USA,18.6,4-6 7-6 7-6,3,R16,,,,,,,,,,,,,,,,,,,,,,,
1975-1048,Norfolk Satellite,Carpet,,C,19750210,18,200951,,,Mary Struthers,U,,USA,24.5,200320,,,Renata Tomanova,R,168,GER,20.1,6-1 6-4,3,R16,,,,,,,,,,,,,,,,,,,,,,,
1975-1048,Norfolk Satellite,Carpet,,C,19750210,19,200919,,,Elvira Weisenberger,R,,ARG,25.1,201237,,,Pam Richmond,R,154,USA,24.2,6-2-6-4,3,R16,,,,,,,,,,,,,,,,,,,,,,,
1975-1048,Norfolk Satellite,Carpet,,C,19750210,20,200908,,,Miroslava Kozeluhova,U,,CZE,23.1,200927,,,Linda Thomas,U,,USA,22.2,6-2-7-6,3,R16,,,,,,,,,,,,,,,,,,,,,,,
1975-1048,Norfolk Satellite,Carpet,,C,19750210,21,200930,,,Julie Anthony,R,,USA,27.0,200285,,,Mimi Wikstedt,U,163,SWE,20.7,5-7 6-1 6-4,3,R16,,,,,,,,,,,,,,,,,,,,,,,
1975-1048,Norfolk Satellite,Carpet,,C,19750210,22,200905,,,Mariana Simionescu,R,,ROU,18.2,200894,,,Isabel Fernandez De Soto,U,,COL,24.3,2-6 6-2 6-4,3,R16,,,,,,,,,,,,,,,,,,,,,,,
1975-1048,Norfolk Satellite,Carpet,,C,19750210,23,200875,,,Pamela Austin,U,,USA,24.9,201242,,,Susan Vinton,U,,USA,21.2,6-3 6-0,3,R16,,,,,,,,,,,,,,,,,,,,,,,
1975-1048,Norfolk Satellite,Carpet,,C,19750210,24,200298,,,Laura Dupont,R,,USA,25.7,200328,,,Patricia Bostrom,U,,USA,23.2,6-4 6-4,3,R16,,,,,,,,,,,,,,,,,,,,,,,
1975-1048,Norfolk Satellite,Carpet,,C,19750210,25,200463,,,Terry Holladay,L,180,USA,19.2,200951,,,Mary Struthers,U,,USA,24.5,2-6 7-6 6-1,3,QF,,,,,,,,,,,,,,,,,,,,,,,
1975-1048,Norfolk Satellite,Carpet,,C,19750210,26,200908,,,Miroslava Kozeluhova,U,,CZE,23.1,200919,,,Elvira Weisenberger,R,,ARG,25.1,7-6 4-6 6-3,3,QF,,,,,,,,,,,,,,,,,,,,,,,
1975-1048,Norfolk Satellite,Carpet,,C,19750210,27,200930,,,Julie Anthony,R,,USA,27.0,200905,,,Mariana Simionescu,R,,ROU,18.2,6-3 7-5,3,QF,,,,,,,,,,,,,,,,,,,,,,,
1975-1048,Norfolk Satellite,Carpet,,C,19750210,28,200298,,,Laura Dupont,R,,USA,25.7,200875,,,Pamela Austin,U,,USA,24.9,7-5 6-3,3,QF,,,,,,,,,,,,,,,,,,,,,,,
1975-1048,Norfolk Satellite,Carpet,,C,19750210,29,200463,,,Terry Holladay,L,180,USA,19.2,200908,,,Miroslava Kozeluhova,U,,CZE,23.1,6-3 6-4,3,SF,,,,,,,,,,,,,,,,,,,,,,,
1975-1048,Norfolk Satellite,Carpet,,C,19750210,30,200930,,,Julie Anthony,R,,USA,27.0,200298,,,Laura Dupont,R,,USA,25.7,2-6 6-3 7-6,3,SF,,,,,,,,,,,,,,,,,,,,,,,
1975-1048,Norfolk Satellite,Carpet,,C,19750210,31,200463,,,Terry Holladay,L,180,USA,19.2,200930,,,Julie Anthony,R,,USA,27.0,7-5 6-4,3,F,,,,,,,,,,,,,,,,,,,,,,,
1975-1049,Amarillo Satellite,Hard,,C,19750210,1,200324,,,Beth Norton,R,,USA,17.6,225769,,,Pam Gollish,U,,CAN,,6-2 6-1,3,R16,,,,,,,,,,,,,,,,,,,,,,,
1975-1049,Amarillo Satellite,Hard,,C,19750210,2,225780,,,Kim Hood,U,,USA,,225765,,,Margot Tiff,U,157,USA,,6-3 6-1,3,R16,,,,,,,,,,,,,,,,,,,,,,,
1975-1049,Amarillo Satellite,Hard,,C,19750210,3,223487,,,Heather Dahlgren,U,,AUS,,225770,,,Ruth Allan,U,,USA,,6-4 6-3,3,R16,,,,,,,,,,,,,,,,,,,,,,,
1975-1049,Amarillo Satellite,Hard,,C,19750210,4,200960,,,Robin Harris,U,,USA,18.8,201155,,,Erin Dignam,U,,USA,19.5,7-6 6-2,3,R16,,,,,,,,,,,,,,,,,,,,,,,
1975-1049,Amarillo Satellite,Hard,,C,19750210,5,223500,,,Hillary Laduke,U,,USA,,225776,,,Janice Combs,U,,USA,,6-0 6-1,3,R16,,,,,,,,,,,,,,,,,,,,,,,
1975-1049,Amarillo Satellite,Hard,,C,19750210,6,223495,,,Vera Komar,U,,CAN,,225761,,,Sue Oertel,U,,USA,,7-5 4-6 6-2,3,R16,,,,,,,,,,,,,,,,,,,,,,,
1975-1049,Amarillo Satellite,Hard,,C,19750210,7,200935,,,Florenta Mihai,R,165,ROU,19.4,225771,,,Rosemary Spillane,U,,USA,,6-2 6-1,3,R16,,,,,,,,,,,,,,,,,,,,,,,
1975-1049,Amarillo Satellite,Hard,,C,19750210,8,200324,,,Beth Norton,R,,USA,17.6,225780,,,Kim Hood,U,,USA,,6-2 6-0,3,QF,,,,,,,,,,,,,,,,,,,,,,,
1975-1049,Amarillo Satellite,Hard,,C,19750210,9,223487,,,Heather Dahlgren,U,,AUS,,225338,,,Pam Hobbs,U,,USA,,6-4 4-6 6-4,3,QF,,,,,,,,,,,,,,,,,,,,,,,
1975-1049,Amarillo Satellite,Hard,,C,19750210,10,200960,,,Robin Harris,U,,USA,18.8,223500,,,Hillary Laduke,U,,USA,,6-2 6-1,3,QF,,,,,,,,,,,,,,,,,,,,,,,
1975-1049,Amarillo Satellite,Hard,,C,19750210,11,200935,,,Florenta Mihai,R,165,ROU,19.4,223495,,,Vera Komar,U,,CAN,,6-1 6-2,3,QF,,,,,,,,,,,,,,,,,,,,,,,
1975-1049,Amarillo Satellite,Hard,,C,19750210,12,200324,,,Beth Norton,R,,USA,17.6,223487,,,Heather Dahlgren,U,,AUS,,0-6 6-2 7-5,3,SF,,,,,,,,,,,,,,,,,,,,,,,
1975-1049,Amarillo Satellite,Hard,,C,19750210,13,200935,,,Florenta Mihai,R,165,ROU,19.4,200960,,,Robin Harris,U,,USA,18.8,6-4 5-7 6-2,3,SF,,,,,,,,,,,,,,,,,,,,,,,
1975-1049,Amarillo Satellite,Hard,,C,19750210,14,200324,,,Beth Norton,R,,USA,17.6,200935,,,Florenta Mihai,R,165,ROU,19.4,6-2 6-4,3,F,,,,,,,,,,,,,,,,,,,,,,,
1975-1050,San Antonio Satellite,Hard,,C,19750217,1,200952,,,Mary Hamm,U,,USA,20.4,225338,,,Pam Hobbs,U,,USA,,6-2 6-1,3,R32,,,,,,,,,,,,,,,,,,,,,,,
1975-1050,San Antonio Satellite,Hard,,C,19750217,2,201151,,,Mary Mclean,U,,USA,29.3,200960,,,Robin Harris,U,,USA,18.8,6-4 6-4,3,R32,,,,,,,,,,,,,,,,,,,,,,,
1975-1050,San Antonio Satellite,Hard,,C,19750217,3,201155,,,Erin Dignam,U,,USA,19.5,225343,,,Alice Trombley,U,,USA,,6-4 6-1,3,R32,,,,,,,,,,,,,,,,,,,,,,,
1975-1050,San Antonio Satellite,Hard,,C,19750217,4,223487,,,Heather Dahlgren,U,,AUS,,225761,,,Sue Oertel,U,,USA,,6-3 6-3,3,R32,,,,,,,,,,,,,,,,,,,,,,,
1975-1050,San Antonio Satellite,Hard,,C,19750217,5,203866,,,Ann Schroeder,U,,USA,,225776,,,Janice Combs,U,,USA,,6-1 6-1,3,R32,,,,,,,,,,,,,,,,,,,,,,,
1975-1050,San Antonio Satellite,Hard,,C,19750217,6,223500,,,Hillary Laduke,U,,USA,,225771,,,Rosemary Spillane,U,,USA,,6-2 6-0,3,R32,,,,,,,,,,,,,,,,,,,,,,,
1975-1050,San Antonio Satellite,Hard,,C,19750217,7,203657,,,Donna Stockton,U,,USA,19.6,223526,,,Susan Eastman,U,,USA,,6-4 0-6 6-1,3,R32,,,,,,,,,,,,,,,,,,,,,,,
1975-1050,San Antonio Satellite,Hard,,C,19750217,8,223495,,,Vera Komar,U,,CAN,,225765,,,Margot Tiff,U,157,USA,,6-1 6-3,3,R32,,,,,,,,,,,,,,,,,,,,,,,
1975-1050,San Antonio Satellite,Hard,,C,19750217,9,201137,,,Sandy Stap,U,,USA,18.7,200326,,,Naoko Sato,U,163,JPN,20.1,6-0 6-1,3,R32,,,,,,,,,,,,,,,,,,,,,,,
1975-1050,San Antonio Satellite,Hard,,C,19750217,10,203667,,,Valerie Franta,U,,USA,20.5,223723,,,Wendy Hitt,U,,PUR,,6-3 6-3,3,R32,,,,,,,,,,,,,,,,,,,,,,,
1975-1050,San Antonio Satellite,Hard,,C,19750217,11,200935,,,Florenta Mihai,R,165,ROU,19.4,225770,,,Ruth Allan,U,,USA,,6-2 7-6,3,R16,,,,,,,,,,,,,,,,,,,,,,,
1975-1050,San Antonio Satellite,Hard,,C,19750217,12,200991,,,Joanne Russell,R,173,USA,20.3,200952,,,Mary Hamm,U,,USA,20.4,5-7 6-4 6-3,3,R16,,,,,,,,,,,,,,,,,,,,,,,
1975-1050,San Antonio Satellite,Hard,,C,19750217,13,201151,,,Mary Mclean,U,,USA,29.3,201155,,,Erin Dignam,U,,USA,19.5,6-3 6-1,3,R16,,,,,,,,,,,,,,,,,,,,,,,
1975-1050,San Antonio Satellite,Hard,,C,19750217,14,223487,,,Heather Dahlgren,U,,AUS,,203866,,,Ann Schroeder,U,,USA,,7-5 6-3,3,R16,,,,,,,,,,,,,,,,,,,,,,,
1975-1050,San Antonio Satellite,Hard,,C,19750217,15,203657,,,Donna Stockton,U,,USA,19.6,223500,,,Hillary Laduke,U,,USA,,5-7 6-4 6-1,3,R16,,,,,,,,,,,,,,,,,,,,,,,
1975-1050,San Antonio Satellite,Hard,,C,19750217,16,201137,,,Sandy Stap,U,,USA,18.7,223495,,,Vera Komar,U,,CAN,,6-0 6-1,3,R16,,,,,,,,,,,,,,,,,,,,,,,
1975-1050,San Antonio Satellite,Hard,,C,19750217,17,201156,,,Stephanie Tolleson,U,,USA,18.8,203667,,,Valerie Franta,U,,USA,20.5,6-4 6-2,3,R16,,,,,,,,,,,,,,,,,,,,,,,
1975-1050,San Antonio Satellite,Hard,,C,19750217,18,200756,,,Bunny Bruning,U,,USA,17.4,225769,,,Pam Gollish,U,,CAN,,6-1 6-1,3,R16,,,,,,,,,,,,,,,,,,,,,,,
1975-1050,San Antonio Satellite,Hard,,C,19750217,19,200991,,,Joanne Russell,R,173,USA,20.3,200935,,,Florenta Mihai,R,165,ROU,19.4,6-2 6-4,3,QF,,,,,,,,,,,,,,,,,,,,,,,
1975-1050,San Antonio Satellite,Hard,,C,19750217,20,201151,,,Mary Mclean,U,,USA,29.3,223487,,,Heather Dahlgren,U,,AUS,,6-4 6-1,3,QF,,,,,,,,,,,,,,,,,,,,,,,
1975-1050,San Antonio Satellite,Hard,,C,19750217,21,201137,,,Sandy Stap,U,,USA,18.7,203657,,,Donna Stockton,U,,USA,19.6,6-4 6-0,3,QF,,,,,,,,,,,,,,,,,,,,,,,
1975-1050,San Antonio Satellite,Hard,,C,19750217,22,201156,,,Stephanie Tolleson,U,,USA,18.8,200756,,,Bunny Bruning,U,,USA,17.4,6-4 2-6 6-3,3,QF,,,,,,,,,,,,,,,,,,,,,,,
1975-1050,San Antonio Satellite,Hard,,C,19750217,23,200991,,,Joanne Russell,R,173,USA,20.3,201151,,,Mary Mclean,U,,USA,29.3,6-3 6-4,3,SF,,,,,,,,,,,,,,,,,,,,,,,
1975-1050,San Antonio Satellite,Hard,,C,19750217,24,201137,,,Sandy Stap,U,,USA,18.7,201156,,,Stephanie Tolleson,U,,USA,18.8,6-2 6-7 6-1,3,SF,,,,,,,,,,,,,,,,,,,,,,,
1975-1050,San Antonio Satellite,Hard,,C,19750217,25,200991,,,Joanne Russell,R,173,USA,20.3,201137,,,Sandy Stap,U,,USA,18.7,6-3 6-3,3,F,,,,,,,,,,,,,,,,,,,,,,,
1975-1054,Tyler Satellite,,,C,19750303,1,200935,,,Florenta Mihai,R,165,ROU,19.4,223495,,,Vera Komar,U,,CAN,,6-4 6-2,3,QF,,,,,,,,,,,,,,,,,,,,,,,
1975-1054,Tyler Satellite,,,C,19750303,2,200326,,,Naoko Sato,U,163,JPN,20.1,200960,,,Robin Harris,U,,USA,18.8,7-5 4-6 6-4,3,QF,,,,,,,,,,,,,,,,,,,,,,,
1975-1054,Tyler Satellite,,,C,19750303,3,201151,,,Mary Mclean,U,,USA,29.4,223487,,,Heather Dahlgren,U,,AUS,,6-2 6-4,3,QF,,,,,,,,,,,,,,,,,,,,,,,
1975-1054,Tyler Satellite,,,C,19750303,4,200756,,,Bunny Bruning,U,,USA,17.4,223859,,,Linda Lewis,U,,USA,,3-6 7-6 6-2,3,QF,,,,,,,,,,,,,,,,,,,,,,,
1975-1054,Tyler Satellite,,,C,19750303,5,200935,,,Florenta Mihai,R,165,ROU,19.4,200326,,,Naoko Sato,U,163,JPN,20.1,6-1 6-2,3,SF,,,,,,,,,,,,,,,,,,,,,,,
1975-1054,Tyler Satellite,,,C,19750303,6,200756,,,Bunny Bruning,U,,USA,17.4,201151,,,Mary Mclean,U,,USA,29.4,6-1 6-4,3,SF,,,,,,,,,,,,,,,,,,,,,,,
1975-1054,Tyler Satellite,,,C,19750303,7,200935,,,Florenta Mihai,R,165,ROU,19.4,200756,,,Bunny Bruning,U,,USA,17.4,6-3 6-3,3,F,,,,,,,,,,,,,,,,,,,,,,,
1975-1058,San Angelo Satellite,Hard,,C,19750311,1,200935,,,Florenta Mihai,R,165,ROU,19.5,223495,,,Vera Komar,U,,CAN,,6-2 6-2,3,R16,,,,,,,,,,,,,,,,,,,,,,,
1975-1058,San Angelo Satellite,Hard,,C,19750311,2,201155,,,Erin Dignam,U,,USA,19.6,225343,,,Alice Trombley,U,,USA,,6-4 7-6,3,R16,,,,,,,,,,,,,,,,,,,,,,,
1975-1058,San Angelo Satellite,Hard,,C,19750311,3,223526,,,Susan Eastman,U,,USA,,223605,,,Shelley Hudson,U,,USA,,6-0 6-0,3,R16,,,,,,,,,,,,,,,,,,,,,,,
1975-1058,San Angelo Satellite,Hard,,C,19750311,4,200960,,,Robin Harris,U,,USA,18.9,225782,,,Sylvia Mclure,U,,USA,,6-0 6-0,3,R16,,,,,,,,,,,,,,,,,,,,,,,
1975-1058,San Angelo Satellite,Hard,,C,19750311,5,223487,,,Heather Dahlgren,U,,AUS,,225770,,,Ruth Allan,U,,USA,,6-1 6-3,3,R16,,,,,,,,,,,,,,,,,,,,,,,
1975-1058,San Angelo Satellite,Hard,,C,19750311,6,225338,,,Pam Hobbs,U,,USA,,225771,,,Rosemary Spillane,U,,USA,,6-0 6-4,3,R16,,,,,,,,,,,,,,,,,,,,,,,
1975-1058,San Angelo Satellite,Hard,,C,19750311,7,200756,,,Bunny Bruning,U,,USA,17.5,225783,,,Marilyn Hooten,U,,USA,,6-1 6-1,3,R16,,,,,,,,,,,,,,,,,,,,,,,
1975-1058,San Angelo Satellite,Hard,,C,19750311,8,200935,,,Florenta Mihai,R,165,ROU,19.5,201155,,,Erin Dignam,U,,USA,19.6,6-3 6-3,3,QF,,,,,,,,,,,,,,,,,,,,,,,
1975-1058,San Angelo Satellite,Hard,,C,19750311,9,223859,,,Linda Lewis,U,,USA,,223526,,,Susan Eastman,U,,USA,,6-4 4-6 6-3,3,QF,,,,,,,,,,,,,,,,,,,,,,,
1975-1058,San Angelo Satellite,Hard,,C,19750311,10,200960,,,Robin Harris,U,,USA,18.9,223487,,,Heather Dahlgren,U,,AUS,,6-2 6-1,3,QF,,,,,,,,,,,,,,,,,,,,,,,
1975-1058,San Angelo Satellite,Hard,,C,19750311,11,200756,,,Bunny Bruning,U,,USA,17.5,225338,,,Pam Hobbs,U,,USA,,6-0 6-2,3,QF,,,,,,,,,,,,,,,,,,,,,,,
1975-1058,San Angelo Satellite,Hard,,C,19750311,12,223859,,,Linda Lewis,U,,USA,,200935,,,Florenta Mihai,R,165,ROU,19.5,1-6 6-4 4-2 RET,3,SF,,,,,,,,,,,,,,,,,,,,,,,
1975-1058,San Angelo Satellite,Hard,,C,19750311,13,200756,,,Bunny Bruning,U,,USA,17.5,200960,,,Robin Harris,U,,USA,18.9,6-2 7-6,3,SF,,,,,,,,,,,,,,,,,,,,,,,
1975-W-SL-FRA-01A-1975,Roland Garros,Clay,64,G,19750602,1,200918,,,Robin Tenney,L,,USA,17.0,200825,,,Maylis Burel,U,,FRA,31.9,W/O,3,Q1,,,,,,,,,,,,,,,,,,,,,,,
1975-W-SL-FRA-01A-1975,Roland Garros,Clay,64,G,19750602,2,200282,,,Jenny Dimond,U,,AUS,19.5,203708,,,Ines Roget,U,,ARG,25.2,6-3 6-4,3,Q1,,,,,,,,,,,,,,,,,,,,,,,
1975-W-SL-FRA-01A-1975,Roland Garros,Clay,64,G,19750602,3,200832,,,Daniele Bouteleux,U,,FRA,34.5,203731,,,Cristina Ribeiro Britto,U,,BRA,,2-6 6-4 6-2,3,Q1,,,,,,,,,,,,,,,,,,,,,,,
1975-W-SL-FRA-01A-1975,Roland Garros,Clay,64,G,19750602,4,200935,,,Florenta Mihai,R,165,ROU,19.7,200920,,,Kayoko Fukuoka,U,,JPN,25.8,6-0 6-4,3,Q1,,,,,,,,,,,,,,,,,,,,,,,
1975-W-SL-FRA-01A-1975,Roland Garros,Clay,64,G,19750602,5,201253,,,Sally Moore,R,,USA,34.9,200912,,,Christine Gimmig,U,,FRA,18.0,W/O,3,Q1,,,,,,,,,,,,,,,,,,,,,,,
1975-W-SL-FRA-01A-1975,Roland Garros,Clay,64,G,19750602,6,200927,,,Linda Thomas,U,,USA,22.5,203732,,,Veronika Buche,U,,AUT,26.1,6-2 6-3,3,Q1,,,,,,,,,,,,,,,,,,,,,,,
1975-W-SL-FRA-01A-1975,Roland Garros,Clay,64,G,19750602,7,203733,,,Martine Bureau,U,,FRA,14.9,200261,,,Toshiko Sade,U,,JPN,28.2,6-2 6-3,3,Q1,,,,,,,,,,,,,,,,,,,,,,,
1975-W-SL-FRA-01A-1975,Roland Garros,Clay,64,G,19750602,8,200285,,,Mimi Wikstedt,U,163,SWE,21.0,201148,,,Roberta Stark,U,,USA,18.9,7-5 6-4,3,Q1,,,,,,,,,,,,,,,,,,,,,,,
1975-W-SL-FRA-01A-1975,Roland Garros,Clay,64,G,19750602,9,200141,,,Wendy Gilchrist,L,,AUS,25.0,203691,,,Anne Marie Cassaigne,U,,FRA,24.2,W/O,3,Q1,,,,,,,,,,,,,,,,,,,,,,,
1975-W-SL-FRA-01A-1975,Roland Garros,Clay,64,G,19750602,10,203734,,,Yolanda Sumarno,U,,INA,28.8,203662,,,Diane Eastburn,U,,AUS,,6-3 7-6,3,Q1,,,,,,,,,,,,,,,,,,,,,,,
1975-W-SL-FRA-01A-1975,Roland Garros,Clay,64,G,19750602,11,200853,,,Anne Marie Larue,U,,FRA,37.3,203735,,,Antonella Canapi,U,,ITA,17.4,6-2 6-2,3,Q1,,,,,,,,,,,,,,,,,,,,,,,
1975-W-SL-FRA-01A-1975,Roland Garros,Clay,64,G,19750602,12,200937,,,Susana Maria Villaverde,U,,ARG,20.3,201226,,,Maricaye Christenson,U,,USA,27.3,6-4 2-6 6-1,3,Q1,,,,,,,,,,,,,,,,,,,,,,,
1975-W-SL-FRA-01A-1975,Roland Garros,Clay,64,G,19750602,13,200936,,,Iris Riedel Kuhn,R,,FRG,21.2,203725,,,Patricia Rime,U,,FRA,,6-4 6-4,3,Q1,,,,,,,,,,,,,,,,,,,,,,,
1975-W-SL-FRA-01A-1975,Roland Garros,Clay,64,G,19750602,14,203736,,,Martine Cazaux,U,,FRA,,200891,,,Daphne Pattison,U,,ZIM,26.9,3-6 6-4 7-5,3,Q1,,,,,,,,,,,,,,,,,,,,,,,
1975-W-SL-FRA-01A-1975,Roland Garros,Clay,64,G,19750602,15,200335,,,Judy Chaloner,U,,NZL,21.5,203737,,,Marillia Matte,U,,BRA,18.8,6-2 6-2,3,Q1,,,,,,,,,,,,,,,,,,,,,,,
1975-W-SL-FRA-01A-1975,Roland Garros,Clay,64,G,19750602,16,200146,,,Cynthia Doerner,R,168,AUS,24.3,200326,,,Naoko Sato,U,163,JPN,20.4,6-2 6-1,3,Q1,,,,,,,,,,,,,,,,,,,,,,,
1975-W-SL-FRA-01A-1975,Roland Garros,Clay,64,G,19750602,17,200312,,,Frederique Thibault,U,,FRA,20.9,203729,,,Catherine De Lorme,U,,FRA,,6-4 6-1,3,Q1,,,,,,,,,,,,,,,,,,,,,,,
1975-W-SL-FRA-01A-1975,Roland Garros,Clay,64,G,19750602,18,203738,,,Michiko Saji,U,,JPN,20.2,200890,,,Sonja Pachta,R,,AUT,34.1,4-6 6-4 6-4,3,Q1,,,,,,,,,,,,,,,,,,,,,,,
1975-W-SL-FRA-01A-1975,Roland Garros,Clay,64,G,19750602,19,200919,,,Elvira Weisenberger,R,,ARG,25.4,203686,,,Michele Mizen,U,,FRA,,W/O,3,Q1,,,,,,,,,,,,,,,,,,,,,,,
1975-W-SL-FRA-01A-1975,Roland Garros,Clay,64,G,19750602,20,203727,,,Elisabeth Du Fresne Girard,U,,FRA,,200234,,,Pam Whytcross,U,,AUS,21.5,7-5 6-4,3,Q1,,,,,,,,,,,,,,,,,,,,,,,
1975-W-SL-FRA-01A-1975,Roland Garros,Clay,64,G,19750602,21,200214,,,Christina Sandberg,R,,SWE,27.3,203739,,,N Marman,U,,USA,,6-2 6-1,3,Q1,,,,,,,,,,,,,,,,,,,,,,,
1975-W-SL-FRA-01A-1975,Roland Garros,Clay,64,G,19750602,22,203712,,,Huguette Barat,U,,FRA,,203740,,,Soraya Guellas,U,,BRA,,6-0 6-1,3,Q1,,,,,,,,,,,,,,,,,,,,,,,
1975-W-SL-FRA-01A-1975,Roland Garros,Clay,64,G,19750602,23,203741,,,Perrine Du Puy,U,,FRA,17.1,200306,,,Jan Wilton,U,,AUS,18.0,7-5 6-2,3,Q1,,,,,,,,,,,,,,,,,,,,,,,
1975-W-SL-FRA-01A-1975,Roland Garros,Clay,64,G,19750602,24,200300,,,Sally Greer,U,,USA,20.1,200946,,,Sylvie Rual,U,,FRA,22.4,6-2 6-3,3,Q1,,,,,,,,,,,,,,,,,,,,,,,
1975-W-SL-FRA-01A-1975,Roland Garros,Clay,64,G,19750602,25,200233,,,Chris Matison,R,,AUS,23.5,200962,,,Patricia Medrado,U,,BRA,18.5,6-4 3-6 7-5,3,Q1,,,,,,,,,,,,,,,,,,,,,,,
1975-W-SL-FRA-01A-1975,Roland Garros,Clay,64,G,19750602,26,200915,,,Antonella Rosa,U,,ITA,18.3,200957,,,Ruta Gerulaitis,U,,USA,19.5,2-6 6-4 6-4,3,Q1,,,,,,,,,,,,,,,,,,,,,,,
1975-W-SL-FRA-01A-1975,Roland Garros,Clay,64,G,19750602,27,200910,,,Janet Haas,R,,USA,21.9,203742,,,Saadia Mezdel,U,,MAR,,6-0 6-0,3,Q1,,,,,,,,,,,,,,,,,,,,,,,
1975-W-SL-FRA-01A-1975,Roland Garros,Clay,64,G,19750602,28,200252,,,Monique Van Haver,U,,BEL,26.7,203743,,,E Kogl,U,,USA,,6-0 6-1,3,Q1,,,,,,,,,,,,,,,,,,,,,,,
1975-W-SL-FRA-01A-1975,Roland Garros,Clay,64,G,19750602,29,203744,,,Satoyo Funaki,U,,JPN,,203745,,,F Dawson,U,,USA,,6-1 6-1,3,Q1,,,,,,,,,,,,,,,,,,,,,,,
1975-W-SL-FRA-01A-1975,Roland Garros,Clay,64,G,19750602,30,200846,,,Michelle Rodriguez,U,,CHI,,200299,,,Kaye Hallam,U,,AUS,18.1,6-1 6-1,3,Q1,,,,,,,,,,,,,,,,,,,,,,,
1975-W-SL-FRA-01A-1975,Roland Garros,Clay,64,G,19750602,31,200755,,,Daniela Marzano,U,,ITA,24.9,203693,,,Marie Christine Brochard,U,,FRA,,W/O,3,Q1,,,,,,,,,,,,,,,,,,,,,,,
1975-W-SL-FRA-01A-1975,Roland Garros,Clay,64,G,19750602,32,200972,,,Dominique Beillan,U,,FRA,20.0,203746,,,Wanda Ferraz De Oliveira,U,,BRA,25.9,6-1 6-1,3,Q1,,,,,,,,,,,,,,,,,,,,,,,
1975-W-SL-FRA-01A-1975,Roland Garros,Clay,64,G,19750602,33,200918,,,Robin Tenney,L,,USA,17.0,200282,,,Jenny Dimond,U,,AUS,19.5,6-1 6-1,3,Q2,,,,,,,,,,,,,,,,,,,,,,,
1975-W-SL-FRA-01A-1975,Roland Garros,Clay,64,G,19750602,34,200935,,,Florenta Mihai,R,165,ROU,19.7,200832,,,Daniele Bouteleux,U,,FRA,34.5,3-6 6-3 6-1,3,Q2,,,,,,,,,,,,,,,,,,,,,,,
1975-W-SL-FRA-01A-1975,Roland Garros,Clay,64,G,19750602,35,200927,,,Linda Thomas,U,,USA,22.5,201253,,,Sally Moore,R,,USA,34.9,6-2 6-1,3,Q2,,,,,,,,,,,,,,,,,,,,,,,
1975-W-SL-FRA-01A-1975,Roland Garros,Clay,64,G,19750602,36,200285,,,Mimi Wikstedt,U,163,SWE,21.0,203733,,,Martine Bureau,U,,FRA,14.9,7-6 6-2,3,Q2,,,,,,,,,,,,,,,,,,,,,,,
1975-W-SL-FRA-01A-1975,Roland Garros,Clay,64,G,19750602,37,200141,,,Wendy Gilchrist,L,,AUS,25.0,203734,,,Yolanda Sumarno,U,,INA,28.8,6-1 6-1,3,Q2,,,,,,,,,,,,,,,,,,,,,,,
1975-W-SL-FRA-01A-1975,Roland Garros,Clay,64,G,19750602,38,200937,,,Susana Maria Villaverde,U,,ARG,20.3,200853,,,Anne Marie Larue,U,,FRA,37.3,4-6 6-3 6-2,3,Q2,,,,,,,,,,,,,,,,,,,,,,,
1975-W-SL-FRA-01A-1975,Roland Garros,Clay,64,G,19750602,39,200936,,,Iris Riedel Kuhn,R,,FRG,21.2,203736,,,Martine Cazaux,U,,FRA,,6-3 6-3,3,Q2,,,,,,,,,,,,,,,,,,,,,,,
1975-W-SL-FRA-01A-1975,Roland Garros,Clay,64,G,19750602,40,200335,,,Judy Chaloner,U,,NZL,21.5,200146,,,Cynthia Doerner,R,168,AUS,24.3,6-1 6-4,3,Q2,,,,,,,,,,,,,,,,,,,,,,,
1975-W-SL-FRA-01A-1975,Roland Garros,Clay,64,G,19750602,41,200312,,,Frederique Thibault,U,,FRA,20.9,203738,,,Michiko Saji,U,,JPN,20.2,6-3 6-3,3,Q2,,,,,,,,,,,,,,,,,,,,,,,
1975-W-SL-FRA-01A-1975,Roland Garros,Clay,64,G,19750602,42,200919,,,Elvira Weisenberger,R,,ARG,25.4,203727,,,Elisabeth Du Fresne Girard,U,,FRA,,6-4 6-4,3,Q2,,,,,,,,,,,,,,,,,,,,,,,
1975-W-SL-FRA-01A-1975,Roland Garros,Clay,64,G,19750602,43,200214,,,Christina Sandberg,R,,SWE,27.3,203712,,,Huguette Barat,U,,FRA,,W/O,3,Q2,,,,,,,,,,,,,,,,,,,,,,,
1975-W-SL-FRA-01A-1975,Roland Garros,Clay,64,G,19750602,44,200300,,,Sally Greer,U,,USA,20.1,203741,,,Perrine Du Puy,U,,FRA,17.1,6-3 6-2,3,Q2,,,,,,,,,,,,,,,,,,,,,,,
1975-W-SL-FRA-01A-1975,Roland Garros,Clay,64,G,19750602,45,200915,,,Antonella Rosa,U,,ITA,18.3,200233,,,Chris Matison,R,,AUS,23.5,7-6 6-2,3,Q2,,,,,,,,,,,,,,,,,,,,,,,
1975-W-SL-FRA-01A-1975,Roland Garros,Clay,64,G,19750602,46,200252,,,Monique Van Haver,U,,BEL,26.7,200910,,,Janet Haas,R,,USA,21.9,7-6 6-4,3,Q2,,,,,,,,,,,,,,,,,,,,,,,
1975-W-SL-FRA-01A-1975,Roland Garros,Clay,64,G,19750602,47,200846,,,Michelle Rodriguez,U,,CHI,,203744,,,Satoyo Funaki,U,,JPN,,6-4 6-4,3,Q2,,,,,,,,,,,,,,,,,,,,,,,
1975-W-SL-FRA-01A-1975,Roland Garros,Clay,64,G,19750602,48,200755,,,Daniela Marzano,U,,ITA,24.9,200972,,,Dominique Beillan,U,,FRA,20.0,7-6 6-1,3,Q2,,,,,,,,,,,,,,,,,,,,,,,
1975-W-SL-FRA-01A-1975,Roland Garros,Clay,64,G,19750602,49,200935,,,Florenta Mihai,R,165,ROU,19.7,200918,,,Robin Tenney,L,,USA,17.0,6-3 7-6,3,Q3,,,,,,,,,,,,,,,,,,,,,,,
1975-W-SL-FRA-01A-1975,Roland Garros,Clay,64,G,19750602,50,200927,,,Linda Thomas,U,,USA,22.5,200285,,,Mimi Wikstedt,U,163,SWE,21.0,6-2 5-7 6-2,3,Q3,,,,,,,,,,,,,,,,,,,,,,,
1975-W-SL-FRA-01A-1975,Roland Garros,Clay,64,G,19750602,51,200141,,,Wendy Gilchrist,L,,AUS,25.0,200937,,,Susana Maria Villaverde,U,,ARG,20.3,7-6 6-4,3,Q3,,,,,,,,,,,,,,,,,,,,,,,
1975-W-SL-FRA-01A-1975,Roland Garros,Clay,64,G,19750602,52,200936,,,Iris Riedel Kuhn,R,,FRG,21.2,200335,,,Judy Chaloner,U,,NZL,21.5,6-4 7-5,3,Q3,,,,,,,,,,,,,,,,,,,,,,,
1975-W-SL-FRA-01A-1975,Roland Garros,Clay,64,G,19750602,53,200919,,,Elvira Weisenberger,R,,ARG,25.4,200312,,,Frederique Thibault,U,,FRA,20.9,7-5 6-2,3,Q3,,,,,,,,,,,,,,,,,,,,,,,
1975-W-SL-FRA-01A-1975,Roland Garros,Clay,64,G,19750602,54,200214,,,Christina Sandberg,R,,SWE,27.3,200300,,,Sally Greer,U,,USA,20.1,7-6 6-2,3,Q3,,,,,,,,,,,,,,,,,,,,,,,
1975-W-SL-FRA-01A-1975,Roland Garros,Clay,64,G,19750602,55,200915,,,Antonella Rosa,U,,ITA,18.3,200252,,,Monique Van Haver,U,,BEL,26.7,4-6 6-2 8-6,3,Q3,,,,,,,,,,,,,,,,,,,,,,,
1975-W-SL-FRA-01A-1975,Roland Garros,Clay,64,G,19750602,56,200755,,,Daniela Marzano,U,,ITA,24.9,200846,,,Michelle Rodriguez,U,,CHI,,6-3 4-6 6-1,3,Q3,,,,,,,,,,,,,,,,,,,,,,,
1975-1013,Boston,Carpet,32,W,19750303,201,200184,,,Helen Gourlay,R,166,AUS,28.1,200220,,,Patti Hogan,R,,USA,25.1,4-6 6-1 6-2,3,Q1,,,,,,,,,,,,,,,,,,,,,,,
1975-1017,Hamburg,Clay,32,W,19750519,201,200283,,,Pam Teeguarden,R,178,USA,24.0,200927,,LL,Linda Thomas,U,,USA,22.5,7-6 6-2,3,Q1,,,,,,,,,,,,,,,,,,,,,,,
1975-1017,Hamburg,Clay,32,W,19750519,202,200460,,,Regina Marsikova,U,,CZE,16.4,200223,,,Sharon Walsh Pete,R,174,USA,23.2,6-1 6-4,3,Q1,,,,,,,,,,,,,,,,,,,,,,,
1975-1017,Hamburg,Clay,32,W,19750519,203,200361,,,Marie Pinterova,R,175,HUN,28.7,200935,,,Florenta Mihai,R,165,ROU,19.7,6-0 6-4,3,Q1,,,,,,,,,,,,,,,,,,,,,,,
1975-1017,Hamburg,Clay,32,W,19750519,204,200936,,,Iris Riedel Kuhn,R,,FRG,21.1,200922,,,Laurie Tenney,U,,USA,19.5,6-1 6-7 6-1,3,Q1,,,,,,,,,,,,,,,,,,,,,,,
1975-1017,Hamburg,Clay,32,W,19750519,205,200905,,,Mariana Simionescu,R,,ROU,18.4,200884,,,Marijke Jansen,U,,NED,30.5,6-1 6-4,3,Q1,,,,,,,,,,,,,,,,,,,,,,,
1975-1017,Hamburg,Clay,32,W,19750519,206,200165,,,Lany Kaligis,U,,INA,26.0,200919,,,Elvira Weisenberger,R,,ARG,25.3,6-2 6-2,3,Q1,,,,,,,,,,,,,,,,,,,,,,,
1975-1007-1975,Amelia Island,Clay,32,W,19750421,201,200967,,,Zenda Liess,U,,USA,15.3,200393,,,Lea Antonoplis,R,165,USA,16.2,6-1 5-7 6-1,3,Q1,,,,,,,,,,,,,,,,,,,,,,,
1975-1007-1975,Amelia Island,Clay,32,W,19750421,202,200280,,,Joy Schwikert,U,,USA,20.9,200328,,,Patricia Bostrom,U,,USA,23.4,3-6 6-4 6-2,3,Q1,,,,,,,,,,,,,,,,,,,,,,,
1975-1007-1975,Amelia Island,Clay,32,W,19750421,203,200926,,,Donna Ganz,U,157,USA,20.4,200928,,,Paulina Peisachov,U,,ISR,25.0,6-0 6-4,3,Q1,,,,,,,,,,,,,,,,,,,,,,,
1975-1007-1975,Amelia Island,Clay,32,W,19750421,204,200875,,,Pamela Austin,U,,USA,25.1,223859,,,Linda Lewis,U,,USA,,3-6 6-4 7-5,3,Q1,,,,,,,,,,,,,,,,,,,,,,,
1975-1007-1975,Amelia Island,Clay,32,W,19750421,205,200933,,,Laurie Fleming,R,,USA,19.8,225800,,, Davis,U,,USA,,6-2 6-2,3,Q1,,,,,,,,,,,,,,,,,,,,,,,
1975-1007-1975,Amelia Island,Clay,32,W,19750421,206,200269,,,Jill Schwikert,U,,USA,20.9,200927,,,Linda Thomas,U,,USA,22.4,7-6 6-2,3,Q1,,,,,,,,,,,,,,,,,,,,,,,
1975-1007-1975,Amelia Island,Clay,32,W,19750421,207,216637,,,Carrie Fleming,U,,USA,17.4,201151,,,Mary Mclean,U,,USA,29.5,6-0 6-3,3,Q1,,,,,,,,,,,,,,,,,,,,,,,
1975-1007-1975,Amelia Island,Clay,32,W,19750421,208,200938,,,Kathy May,R,173,USA,18.8,225333,,,Jan Devereaux,U,,USA,,6-3 6-2,3,Q1,,,,,,,,,,,,,,,,,,,,,,,
1975-1007-1975,Amelia Island,Clay,32,W,19750421,209,200922,,,Laurie Tenney,U,,USA,19.4,201242,,,Susan Vinton,U,,USA,21.4,6-2 6-2,3,Q1,,,,,,,,,,,,,,,,,,,,,,,
1975-1007-1975,Amelia Island,Clay,32,W,19750421,210,200918,,,Robin Tenney,L,,USA,16.9,200910,,,Janet Haas,R,,USA,21.8,6-1 6-3,3,Q1,,,,,,,,,,,,,,,,,,,,,,,
1975-1007-1975,Amelia Island,Clay,32,W,19750421,211,201148,,,Roberta Stark,U,,USA,18.8,200919,,,Elvira Weisenberger,R,,ARG,25.3,6-0 7-6,3,Q1,,,,,,,,,,,,,,,,,,,,,,,
1975-1007-1975,Amelia Island,Clay,32,W,19750421,212,200221,,,Dianne Fromholtz,L,165,AUS,18.6,200967,,,Zenda Liess,U,,USA,15.3,6-4 6-1,3,Q2,,,,,,,,,,,,,,,,,,,,,,,
1975-1007-1975,Amelia Island,Clay,32,W,19750421,213,200900,,,Barbara Downs,R,,USA,21.1,200280,,,Joy Schwikert,U,,USA,20.9,6-0 6-3,3,Q2,,,,,,,,,,,,,,,,,,,,,,,
1975-1007-1975,Amelia Island,Clay,32,W,19750421,214,200926,,,Donna Ganz,U,157,USA,20.4,200875,,,Pamela Austin,U,,USA,25.1,6-2 6-2,3,Q2,,,,,,,,,,,,,,,,,,,,,,,
1975-1007-1975,Amelia Island,Clay,32,W,19750421,215,200933,,,Laurie Fleming,R,,USA,19.8,200927,,,Linda Thomas,U,,USA,22.4,6-2 6-3,3,Q2,,,,,,,,,,,,,,,,,,,,,,,
1975-1007-1975,Amelia Island,Clay,32,W,19750421,216,200938,,,Kathy May,R,173,USA,18.8,216637,,,Carrie Fleming,U,,USA,17.4,6-2 6-0,3,Q2,,,,,,,,,,,,,,,,,,,,,,,
1975-1007-1975,Amelia Island,Clay,32,W,19750421,217,200918,,,Robin Tenney,L,,USA,16.9,200922,,,Laurie Tenney,U,,USA,19.4,6-4 RET,3,Q2,,,,,,,,,,,,,,,,,,,,,,,
1975-1007-1975,Amelia Island,Clay,32,W,19750421,218,201148,,,Roberta Stark,U,,USA,18.8,200141,,,Wendy Gilchrist,L,,AUS,24.9,7-6 6-0,3,Q2,,,,,,,,,,,,,,,,,,,,,,,
1975-1007-1975,Amelia Island,Clay,32,W,19750421,219,200932,,,Jeanne Evert,U,155,USA,17.5,200921,,,Patricia Reese,R,,USA,,6-3 6-0,3,Q2,,,,,,,,,,,,,,,,,,,,,,,
1975-W-SL-GBR-01A-1975,Wimbledon,Grass,96,G,19750623,201,200262,,,Jenny Walker,U,,AUS,19.2,216617,,,Patricia Bianchi,U,,ARG,21.3,6-1 6-4,3,Q1,,,,,,,,,,,,,,,,,,,,,,,
1975-W-SL-GBR-01A-1975,Wimbledon,Grass,96,G,19750623,202,200938,,,Kathy May,R,173,USA,19.0,212322,,,Dora Alavantic,U,,YUG,18.3,6-2 6-0,3,Q1,,,,,,,,,,,,,,,,,,,,,,,
1975-W-SL-GBR-01A-1975,Wimbledon,Grass,96,G,19750623,203,200214,,,Christina Sandberg,R,,SWE,27.4,200962,,,Patricia Medrado,U,,BRA,18.5,6-3 6-0,3,Q1,,,,,,,,,,,,,,,,,,,,,,,
1975-W-SL-GBR-01A-1975,Wimbledon,Grass,96,G,19750623,204,200927,,,Linda Thomas,U,,USA,22.6,200291,,,Dianne Evers,R,,AUS,18.6,6-2 6-1,3,Q1,,,,,,,,,,,,,,,,,,,,,,,
1975-W-SL-GBR-01A-1975,Wimbledon,Grass,96,G,19750623,205,200326,,,Naoko Sato,U,163,JPN,20.4,200760,,,Pauline Elliott,U,,NZL,19.6,3-6 6-1 6-3,3,Q1,,,,,,,,,,,,,,,,,,,,,,,
1975-W-SL-GBR-01A-1975,Wimbledon,Grass,96,G,19750623,206,201253,,,Sally Moore,R,,USA,35.0,200139,,,Lita Liem,L,,INA,29.3,6-2 6-2,3,Q1,,,,,,,,,,,,,,,,,,,,,,,
1975-W-SL-GBR-01A-1975,Wimbledon,Grass,96,G,19750623,207,200922,,,Laurie Tenney,U,,USA,19.6,200935,,,Florenta Mihai,R,165,ROU,19.8,6-3 6-2,3,Q1,,,,,,,,,,,,,,,,,,,,,,,
1975-W-SL-GBR-01A-1975,Wimbledon,Grass,96,G,19750623,208,200937,,,Susana Maria Villaverde,U,,ARG,20.3,200817,,,Judy Congdon,U,,GBR,26.5,6-3 6-2,3,Q1,,,,,,,,,,,,,,,,,,,,,,,
1975-W-SL-GBR-01A-1975,Wimbledon,Grass,96,G,19750623,209,200910,,,Janet Haas,R,,USA,21.9,200273,,,Nerida Gregory,U,,AUS,19.1,3-6 7-5 6-4,3,Q1,,,,,,,,,,,,,,,,,,,,,,,
1975-W-SL-GBR-01A-1975,Wimbledon,Grass,96,G,19750623,210,200902,,,Corinne Molesworth,U,,GBR,26.0,223552,,,Kerry Walker,U,,AUS,,5-7 6-3 6-4,3,Q1,,,,,,,,,,,,,,,,,,,,,,,
1975-W-SL-GBR-01A-1975,Wimbledon,Grass,96,G,19750623,211,223518,,,M De Villiers,U,,RSA,,201155,,,Erin Dignam,U,,USA,19.9,6-1 8-6,3,Q1,,,,,,,,,,,,,,,,,,,,,,,
1975-W-SL-GBR-01A-1975,Wimbledon,Grass,96,G,19750623,212,200316,,,Heidi Eisterlehner,R,172,GER,25.6,203746,,,Wanda Ferraz De Oliveira,U,,BRA,26.0,6-1 6-1,3,Q1,,,,,,,,,,,,,,,,,,,,,,,
1975-W-SL-GBR-01A-1975,Wimbledon,Grass,96,G,19750623,213,200351,,,Lindsay Morse,U,,USA,20.4,200268,,,Frances Candy,U,,AUS,,6-0 6-2,3,Q1,,,,,,,,,,,,,,,,,,,,,,,
1975-W-SL-GBR-01A-1975,Wimbledon,Grass,96,G,19750623,214,200756,,,Bunny Bruning,U,,USA,17.7,200261,,,Toshiko Sade,U,,JPN,28.2,6-2 6-0,3,Q1,,,,,,,,,,,,,,,,,,,,,,,
1975-W-SL-GBR-01A-1975,Wimbledon,Grass,96,G,19750623,215,200282,,,Jenny Dimond,U,,AUS,19.6,200756,,,Bunny Bruning,U,,USA,17.7,6-4 6-4,3,Q1,,,,,,,,,,,,,,,,,,,,,,,
1975-W-SL-GBR-01A-1975,Wimbledon,Grass,96,G,19750623,216,200921,,,Patricia Reese,R,,USA,,203732,,,Veronika Buche,U,,AUT,26.2,6-2 6-4,3,Q1,,,,,,,,,,,,,,,,,,,,,,,
1975-W-SL-GBR-01A-1975,Wimbledon,Grass,96,G,19750623,217,200924,,,Penny Moor,L,,GBR,23.9,200301,,,Lois Raymond,U,,AUS,,4-6 6-3 6-2,3,Q1,,,,,,,,,,,,,,,,,,,,,,,
1975-W-SL-GBR-01A-1975,Wimbledon,Grass,96,G,19750623,218,200234,,,Pam Whytcross,U,,AUS,21.5,200925,,,Beatriz Araujo,U,,ARG,19.9,6-3 6-3,3,Q1,,,,,,,,,,,,,,,,,,,,,,,
1975-W-SL-GBR-01A-1975,Wimbledon,Grass,96,G,19750623,219,201162,,,Linda Geeves,U,,GBR,21.0,200289,,,Chris Cerato,U,,AUS,,6-2 2-6 6-2,3,Q1,,,,,,,,,,,,,,,,,,,,,,,
1975-W-SL-GBR-01A-1975,Wimbledon,Grass,96,G,19750623,220,201148,,,Roberta Stark,U,,USA,18.9,212332,,,Susi Eichenberger,U,,SUI,28.9,6-1 6-2,3,Q1,,,,,,,,,,,,,,,,,,,,,,,
1975-W-SL-GBR-01A-1975,Wimbledon,Grass,96,G,19750623,221,200919,,,Elvira Weisenberger,R,,ARG,25.4,225754,,,Stephanie Meachen,U,,NZL,,6-3 6-4,3,Q1,,,,,,,,,,,,,,,,,,,,,,,
1975-W-SL-GBR-01A-1975,Wimbledon,Grass,96,G,19750623,222,200308,,,Kym Ruddell,U,,AUS,19.9,200262,,,Jenny Walker,U,,AUS,19.2,6-4 6-2,3,Q2,,,,,,,,,,,,,,,,,,,,,,,
1975-W-SL-GBR-01A-1975,Wimbledon,Grass,96,G,19750623,223,200938,,,Kathy May,R,173,USA,19.0,200252,,,Monique Van Haver,U,,BEL,26.8,6-2 7-5,3,Q2,,,,,,,,,,,,,,,,,,,,,,,
1975-W-SL-GBR-01A-1975,Wimbledon,Grass,96,G,19750623,224,200214,,,Christina Sandberg,R,,SWE,27.4,200890,,,Sonja Pachta,R,,AUT,34.1,6-1 6-3,3,Q2,,,,,,,,,,,,,,,,,,,,,,,
1975-W-SL-GBR-01A-1975,Wimbledon,Grass,96,G,19750623,225,200927,,,Linda Thomas,U,,USA,22.6,200296,,,Belinda Thompson,U,,GBR,19.1,2-6 7-5 6-4,3,Q2,,,,,,,,,,,,,,,,,,,,,,,
1975-W-SL-GBR-01A-1975,Wimbledon,Grass,96,G,19750623,226,200326,,,Naoko Sato,U,163,JPN,20.4,201253,,,Sally Moore,R,,USA,35.0,9-7 6-3,3,Q2,,,,,,,,,,,,,,,,,,,,,,,
1975-W-SL-GBR-01A-1975,Wimbledon,Grass,96,G,19750623,227,200922,,,Laurie Tenney,U,,USA,19.6,200937,,,Susana Maria Villaverde,U,,ARG,20.3,6-3 6-4,3,Q2,,,,,,,,,,,,,,,,,,,,,,,
1975-W-SL-GBR-01A-1975,Wimbledon,Grass,96,G,19750623,228,200910,,,Janet Haas,R,,USA,21.9,203829,,,Jo Griffiths,U,,IRL,12.6,6-1 6-2,3,Q2,,,,,,,,,,,,,,,,,,,,,,,
1975-W-SL-GBR-01A-1975,Wimbledon,Grass,96,G,19750623,229,200902,,,Corinne Molesworth,U,,GBR,26.0,223518,,,M De Villiers,U,,RSA,,6-1 6-8 6-3,3,Q2,,,,,,,,,,,,,,,,,,,,,,,
1975-W-SL-GBR-01A-1975,Wimbledon,Grass,96,G,19750623,230,200316,,,Heidi Eisterlehner,R,172,GER,25.6,200351,,,Lindsay Morse,U,,USA,20.4,3-6 6-4 6-1,3,Q2,,,,,,,,,,,,,,,,,,,,,,,
1975-W-SL-GBR-01A-1975,Wimbledon,Grass,96,G,19750623,231,200756,,,Bunny Bruning,U,,USA,17.7,203734,,,Yolanda Sumarno,U,,INA,28.8,6-2 6-3,3,Q2,,,,,,,,,,,,,,,,,,,,,,,
1975-W-SL-GBR-01A-1975,Wimbledon,Grass,96,G,19750623,232,200282,,,Jenny Dimond,U,,AUS,19.6,203759,,,Helen Liebenberg,U,,RSA,,6-3 7-5,3,Q2,,,,,,,,,,,,,,,,,,,,,,,
1975-W-SL-GBR-01A-1975,Wimbledon,Grass,96,G,19750623,233,200921,,,Patricia Reese,R,,USA,,200310,,,Julie Hanrahan,U,,AUS,,8-6 6-4,3,Q2,,,,,,,,,,,,,,,,,,,,,,,
1975-W-SL-GBR-01A-1975,Wimbledon,Grass,96,G,19750623,234,200234,,,Pam Whytcross,U,,AUS,21.5,200924,,,Penny Moor,L,,GBR,23.9,7-5 6-4,3,Q2,,,,,,,,,,,,,,,,,,,,,,,
1975-W-SL-GBR-01A-1975,Wimbledon,Grass,96,G,19750623,235,201162,,,Linda Geeves,U,,GBR,21.0,225832,,,Renee Du Toit,U,,RSA,,6-3 6-2,3,Q2,,,,,,,,,,,,,,,,,,,,,,,
1975-W-SL-GBR-01A-1975,Wimbledon,Grass,96,G,19750623,236,201148,,,Roberta Stark,U,,USA,18.9,200919,,,Elvira Weisenberger,R,,ARG,25.4,6-4 6-4,3,Q2,,,,,,,,,,,,,,,,,,,,,,,
1975-W-SL-GBR-01A-1975,Wimbledon,Grass,96,G,19750623,237,200938,,,Kathy May,R,173,USA,19.0,200308,,,Kym Ruddell,U,,AUS,19.9,6-3 6-2,3,Q3,,,,,,,,,,,,,,,,,,,,,,,
1975-W-SL-GBR-01A-1975,Wimbledon,Grass,96,G,19750623,238,200927,,,Linda Thomas,U,,USA,22.6,200214,,,Christina Sandberg,R,,SWE,27.4,6-1 6-0,3,Q3,,,,,,,,,,,,,,,,,,,,,,,
1975-W-SL-GBR-01A-1975,Wimbledon,Grass,96,G,19750623,239,200326,,,Naoko Sato,U,163,JPN,20.4,200306,,,Jan Wilton,U,,AUS,18.1,6-4 6-1,3,Q3,,,,,,,,,,,,,,,,,,,,,,,
1975-W-SL-GBR-01A-1975,Wimbledon,Grass,96,G,19750623,240,200922,,,Laurie Tenney,U,,USA,19.6,200910,,,Janet Haas,R,,USA,21.9,6-1 6-4,3,Q3,,,,,,,,,,,,,,,,,,,,,,,
1975-W-SL-GBR-01A-1975,Wimbledon,Grass,96,G,19750623,241,200316,,,Heidi Eisterlehner,R,172,GER,25.6,200902,,,Corinne Molesworth,U,,GBR,26.0,8-9 6-2 8-6,3,Q3,,,,,,,,,,,,,,,,,,,,,,,
1975-W-SL-GBR-01A-1975,Wimbledon,Grass,96,G,19750623,242,200282,,,Jenny Dimond,U,,AUS,19.6,200756,,,Bunny Bruning,U,,USA,17.7,6-4 6-4,3,Q3,,,,,,,,,,,,,,,,,,,,,,,
1975-W-SL-GBR-01A-1975,Wimbledon,Grass,96,G,19750623,243,200921,,,Patricia Reese,R,,USA,,200234,,,Pam Whytcross,U,,AUS,21.5,4-6 6-3 6-1,3,Q3,,,,,,,,,,,,,,,,,,,,,,,
1975-W-SL-GBR-01A-1975,Wimbledon,Grass,96,G,19750623,244,201148,,,Roberta Stark,U,,USA,18.9,201162,,,Linda Geeves,U,,GBR,21.0,6-4 6-2,3,Q3,,,,,,,,,,,,,,,,,,,,,,,
1975-W-SL-USA-01A-1975,US Open,Clay,64,G,19750827,201,200848,,,Maria Bueno,R,170,BRA,35.8,200326,,,Naoko Sato,U,163,JPN,20.6,6-3 6-4,3,Q1,,,,,,,,,,,,,,,,,,,,,,,
1975-W-SL-USA-01A-1975,US Open,Clay,64,G,19750827,202,200991,,,Joanne Russell,R,173,USA,20.8,201156,,,Stephanie Tolleson,U,,USA,19.4,6-4 2-6 6-2,3,Q1,,,,,,,,,,,,,,,,,,,,,,,
1975-W-SL-USA-01A-1975,US Open,Clay,64,G,19750827,203,200910,,,Janet Haas,R,,USA,22.1,200141,,,Wendy Gilchrist,L,,AUS,25.2,7-5 3-6 6-4,3,Q1,,,,,,,,,,,,,,,,,,,,,,,
1975-W-SL-USA-01A-1975,US Open,Clay,64,G,19750827,204,200223,,,Sharon Walsh Pete,R,174,USA,23.5,200927,,,Linda Thomas,U,,USA,22.7,4-6 6-3 7-5,3,Q1,,,,,,,,,,,,,,,,,,,,,,,
1975-W-SL-USA-01A-1975,US Open,Clay,64,G,19750827,205,200193,,,Ann Jones,L,,GBR,36.8,200143,,,Kathleen Harter,R,,USA,28.8,6-1 6-4,3,Q1,,,,,,,,,,,,,,,,,,,,,,,
1975-W-SL-USA-01A-1975,US Open,Clay,64,G,19750827,206,200209,,,Wendy Turnbull,R,164,AUS,22.7,200952,,,Mary Hamm,U,,USA,20.9,6-2 6-3,3,Q1,,,,,,,,,,,,,,,,,,,,,,,
1975-W-SL-USA-01A-1975,US Open,Clay,64,G,19750827,207,200369,,,Candy Reynolds,R,173,USA,20.4,200848,,,Maria Bueno,R,170,BRA,35.8,6-4 6-4,3,Q4,,,,,,,,,,,,,,,,,,,,,,,
1975-1027,Paris,Carpet,16,W,19751105,201,200316,,,Heidi Eisterlehner,R,172,GER,26.0,200956,,,Carrie Meyer,R,,USA,20.2,6-4 7-5,3,Q1,,,,,,,,,,,,,,,,,,,,,,,
1975-1027,Paris,Carpet,16,W,19751105,202,201118,,,Tine Zwaan,R,,NED,28.3,203741,,,Perrine Du Puy,U,,FRA,17.5,6-3 6-1,3,Q1,,,,,,,,,,,,,,,,,,,,,,,
1975-1027,Paris,Carpet,16,W,19751105,203,200285,,,Mimi Wikstedt,U,163,SWE,21.5,200854,,,Maria Teresa Nasuelli,R,,ITA,28.2,6-3 4-6 6-1,3,Q1,,,,,,,,,,,,,,,,,,,,,,,
1975-1027,Paris,Carpet,16,W,19751105,204,200872,,,Nicole Bimes,U,,FRA,27.1,225765,,,Margot Tiff,U,157,USA,,6-2 6-1,3,Q1,,,,,,,,,,,,,,,,,,,,,,,
1975-1027,Paris,Carpet,16,W,19751105,205,200320,,,Renata Tomanova,R,168,GER,20.9,201243,,,Shari Barman,U,173,USA,26.5,6-1 6-1,3,Q1,,,,,,,,,,,,,,,,,,,,,,,
1975-1027,Paris,Carpet,16,W,19751105,206,200337,,,Virginia Ruzici,R,173,ROU,20.7,200909,,,Florence Guedy,U,,FRA,20.9,6-3 6-3,3,Q1,,,,,,,,,,,,,,,,,,,,,,,
1975-1027,Paris,Carpet,16,W,19751105,207,200223,,,Sharon Walsh Pete,R,174,USA,23.6,200972,,,Dominique Beillan,U,,FRA,20.4,7-6 2-6 6-1,3,Q1,,,,,,,,,,,,,,,,,,,,,,,
1975-1027,Paris,Carpet,16,W,19751105,208,200929,,,Elly Appel,R,,NED,23.2,200250,,,Lindsay Blachford,U,,GBR,22.5,6-1 6-4,3,Q1,,,,,,,,,,,,,,,,,,,,,,,
1975-1027,Paris,Carpet,16,W,19751105,209,200936,,,Iris Riedel Kuhn,R,,FRG,21.6,200328,,,Patricia Bostrom,U,,USA,23.9,6-1 6-2,3,Q1,,,,,,,,,,,,,,,,,,,,,,,
1975-1027,Paris,Carpet,16,W,19751105,210,200254,,,Michele Gurdal,U,,BEL,22.9,200812,,,Odile De Roubin,U,,FRA,27.1,6-1 7-5,3,Q1,,,,,,,,,,,,,,,,,,,,,,,
1975-1027,Paris,Carpet,16,W,19751105,211,200270,,,Nellemieke Brouwer,U,,NED,23.8,200945,,,Marita Redondo,R,165,USA,19.7,W/O,3,Q1,,,,,,,,,,,,,,,,,,,,,,,
1975-1027,Paris,Carpet,16,W,19751105,212,200894,,,Isabel Fernandez De Soto,U,,COL,25.1,203691,,,Anne Marie Cassaigne,U,,FRA,24.6,7-5 6-4,3,Q1,,,,,,,,,,,,,,,,,,,,,,,
1975-1027,Paris,Carpet,16,W,19751105,213,200791,,,Rosie Reyes,R,,FRA,36.6,200941,,,Janice Metcalf,U,183,USA,23.3,6-7 6-0 6-3,3,Q1,,,,,,,,,,,,,,,,,,,,,,,
1975-1027,Paris,Carpet,16,W,19751105,214,200460,,,Regina Marsikova,U,,CZE,16.9,200853,,,Anne Marie Larue,U,,FRA,37.7,6-2 6-4,3,Q1,,,,,,,,,,,,,,,,,,,,,,,
1975-1027,Paris,Carpet,16,W,19751105,215,200316,,,Heidi Eisterlehner,R,172,GER,26.0,201118,,,Tine Zwaan,R,,NED,28.3,6-2-2-6-6-3,3,Q2,,,,,,,,,,,,,,,,,,,,,,,
1975-1027,Paris,Carpet,16,W,19751105,216,200285,,,Mimi Wikstedt,U,163,SWE,21.5,200872,,,Nicole Bimes,U,,FRA,27.1,6-1-6-2,3,Q2,,,,,,,,,,,,,,,,,,,,,,,
1975-1027,Paris,Carpet,16,W,19751105,217,200320,,,Renata Tomanova,R,168,GER,20.9,200337,,,Virginia Ruzici,R,173,ROU,20.7,6-3 6-3,3,Q2,,,,,,,,,,,,,,,,,,,,,,,
1975-1027,Paris,Carpet,16,W,19751105,218,200929,,,Elly Appel,R,,NED,23.2,200223,,,Sharon Walsh Pete,R,174,USA,23.6,7-6 6-4,3,Q2,,,,,,,,,,,,,,,,,,,,,,,
1975-1027,Paris,Carpet,16,W,19751105,219,200936,,,Iris Riedel Kuhn,R,,FRG,21.6,200254,,,Michele Gurdal,U,,BEL,22.9,6-4 6-0,3,Q2,,,,,,,,,,,,,,,,,,,,,,,
1975-1027,Paris,Carpet,16,W,19751105,220,200894,,,Isabel Fernandez De Soto,U,,COL,25.1,200270,,,Nellemieke Brouwer,U,,NED,23.8,6-0 6-0,3,Q2,,,,,,,,,,,,,,,,,,,,,,,
1975-1027,Paris,Carpet,16,W,19751105,221,200905,,,Mariana Simionescu,R,,ROU,18.9,200791,,,Rosie Reyes,R,,FRA,36.6,7-5 6-4,3,Q2,,,,,,,,,,,,,,,,,,,,,,,
1975-1027,Paris,Carpet,16,W,19751105,222,200460,,,Regina Marsikova,U,,CZE,16.9,223487,,,Heather Dahlgren,U,,AUS,,7-5 6-0,3,Q2,,,,,,,,,,,,,,,,,,,,,,,
1975-1027,Paris,Carpet,16,W,19751105,223,200316,,,Heidi Eisterlehner,R,172,GER,26.0,200285,,,Mimi Wikstedt,U,163,SWE,21.5,6-4 6-2,3,Q3,,,,,,,,,,,,,,,,,,,,,,,
1975-1027,Paris,Carpet,16,W,19751105,224,200320,,,Renata Tomanova,R,168,GER,20.9,200929,,,Elly Appel,R,,NED,23.2,6-3 3-6 6-3,3,Q3,,,,,,,,,,,,,,,,,,,,,,,
1975-1027,Paris,Carpet,16,W,19751105,225,200936,,,Iris Riedel Kuhn,R,,FRG,21.6,200894,,,Isabel Fernandez De Soto,U,,COL,25.1,7-6 2-6 6-4,3,Q3,,,,,,,,,,,,,,,,,,,,,,,
1975-1027,Paris,Carpet,16,W,19751105,226,200460,,,Regina Marsikova,U,,CZE,16.9,200905,,,Mariana Simionescu,R,,ROU,18.9,7-5 6-4,3,Q3,,,,,,,,,,,,,,,,,,,,,,,
1975-W-SL-GBR-01A-1975,Wimbledon,Grass,96,G,19750623,201,200300,,,Sally Greer,U,,USA,20.2,201141,,,Di Riste,U,,GBR,26.0,6-4 6-0,3,Q1,,,,,,,,,,,,,,,,,,,,,,,
1975-W-SL-GBR-01A-1975,Wimbledon,Grass,96,G,19750623,202,200921,,,Patricia Reese,R,,USA,,200794,,,Marianne Kindler,U,,SUI,26.9,6-1 6-2,3,Q1,,,,,,,,,,,,,,,,,,,,,,,
1975-W-SL-GBR-01A-1975,Wimbledon,Grass,96,G,19750623,203,200208,,,Mandy Morgan,U,,AUS,,200316,,,Heidi Eisterlehner,R,172,GER,25.6,6-3 6-4,3,Q1,,,,,,,,,,,,,,,,,,,,,,,
1975-W-SL-GBR-01A-1975,Wimbledon,Grass,96,G,19750623,204,201244,,,Sue Stap,U,,USA,21.0,200958,,,Helle Sparre,U,,DEN,18.9,6-3 8-9 8-6,3,Q1,,,,,,,,,,,,,,,,,,,,,,,
1975-W-SL-GBR-01A-1975,Wimbledon,Grass,96,G,19750623,205,200371,,,Mima Jausovec,R,160,SLO,18.9,223698,,,Binnie Blackburn,U,,GBR,,6-0 6-2,3,Q1,,,,,,,,,,,,,,,,,,,,,,,
1975-W-SL-GBR-01A-1975,Wimbledon,Grass,96,G,19750623,206,200326,,,Naoko Sato,U,163,JPN,20.4,200294,,,Gwen Stirton,U,,AUS,,9-7 6-2,3,Q1,,,,,,,,,,,,,,,,,,,,,,,
1975-W-SL-GBR-01A-1975,Wimbledon,Grass,96,G,19750623,207,212381,,,Laila Pirila,U,,FIN,24.0,226233,,,G Potterton,U,,GBR,,6-4 6-3,3,Q1,,,,,,,,,,,,,,,,,,,,,,,
1975-W-SL-GBR-01A-1975,Wimbledon,Grass,96,G,19750623,208,201118,,,Tine Zwaan,R,,NED,28.0,212367,,,Geraldine Barniville,U,,IRL,32.6,6-3 6-4,3,Q1,,,,,,,,,,,,,,,,,,,,,,,
1975-W-SL-GBR-01A-1975,Wimbledon,Grass,96,G,19750623,209,200233,,,Chris Matison,R,,AUS,23.6,200210,,,Norma Eastburn,U,,AUS,,6-1 6-2,3,Q1,,,,,,,,,,,,,,,,,,,,,,,
1975-W-SL-GBR-01A-1975,Wimbledon,Grass,96,G,19750623,210,200920,,,Kayoko Fukuoka,U,,JPN,25.8,200817,,,Judy Congdon,U,,GBR,26.5,6-4 2-6 12-10,3,Q1,,,,,,,,,,,,,,,,,,,,,,,
1975-W-SL-GBR-01A-1975,Wimbledon,Grass,96,G,19750623,211,200335,,,Judy Chaloner,U,,NZL,21.5,200268,,,Frances Candy,U,,AUS,,6-3 6-2,3,Q1,,,,,,,,,,,,,,,,,,,,,,,
1975-W-SL-GBR-01A-1975,Wimbledon,Grass,96,G,19750623,212,200910,,,Janet Haas,R,,USA,21.9,201936,,,Anne Mette Sorensen,U,,DEN,27.9,6-8 6-4 6-0,3,Q1,,,,,,,,,,,,,,,,,,,,,,,
1975-W-SL-GBR-01A-1975,Wimbledon,Grass,96,G,19750623,213,200301,,,Lois Raymond,U,,AUS,,223572,,,Rosemary Pearson,U,,GBR,,6-0 6-2,3,Q1,,,,,,,,,,,,,,,,,,,,,,,
1975-W-SL-GBR-01A-1975,Wimbledon,Grass,96,G,19750623,214,200896,,,Nancy Ornstein,R,,USA,22.8,200262,,,Jenny Walker,U,,AUS,19.2,5-7 6-4 6-3,3,Q1,,,,,,,,,,,,,,,,,,,,,,,
1975-W-SL-GBR-01A-1975,Wimbledon,Grass,96,G,19750623,215,200256,,,Chris Oneil,R,175,AUS,19.2,223624,,,Liz Worner,U,,AUS,,6-2 6-3,3,Q1,,,,,,,,,,,,,,,,,,,,,,,
1975-W-SL-GBR-01A-1975,Wimbledon,Grass,96,G,19750623,216,200234,,,Pam Whytcross,U,,AUS,21.5,201157,,,Susan Hagey,R,,USA,23.4,2-6 7-5 6-3,3,Q1,,,,,,,,,,,,,,,,,,,,,,,
1975-W-SL-GBR-01A-1975,Wimbledon,Grass,96,G,19750623,217,200252,,,Monique Van Haver,U,,BEL,26.8,200139,,,Lita Liem,L,,INA,29.3,4-6 7-5 6-2,3,Q1,,,,,,,,,,,,,,,,,,,,,,,
1975-W-SL-GBR-01A-1975,Wimbledon,Grass,96,G,19750623,218,200269,,,Jill Schwikert,U,,USA,21.0,200909,,,Florence Guedy,U,,FRA,20.5,5-7 6-3 6-3,3,Q1,,,,,,,,,,,,,,,,,,,,,,,
1975-W-SL-GBR-01A-1975,Wimbledon,Grass,96,G,19750623,219,200264,,,Helena Anliot,R,168,SWE,18.7,200914,,,Daryl Gralka,U,,USA,21.1,4-6 7-5 8-6,3,Q1,,,,,,,,,,,,,,,,,,,,,,,
1975-W-SL-GBR-01A-1975,Wimbledon,Grass,96,G,19750623,220,223579,,,Nuala Dwyer,U,,GBR,,200219,,,Patricia Coleman,U,,AUS,22.1,6-4 6-3,3,Q1,,,,,,,,,,,,,,,,,,,,,,,
1975-W-SL-GBR-01A-1975,Wimbledon,Grass,96,G,19750623,221,200311,,,Cecilia Martinez,U,,USA,28.0,201162,,,Linda Geeves,U,,GBR,21.0,6-0 6-0,3,Q1,,,,,,,,,,,,,,,,,,,,,,,
1975-W-SL-GBR-01A-1975,Wimbledon,Grass,96,G,19750623,222,216630,,,Gwynn Sammel,U,,RSA,19.6,212323,,,Bente Kjolstad,U,,NOR,20.2,6-3 6-3,3,Q1,,,,,,,,,,,,,,,,,,,,,,,
1975-W-SL-GBR-01A-1975,Wimbledon,Grass,96,G,19750623,223,200282,,,Jenny Dimond,U,,AUS,19.6,200913,,,Monica Rho,U,,CRC,19.6,6-0 6-1,3,Q1,,,,,,,,,,,,,,,,,,,,,,,
1975-W-SL-GBR-01A-1975,Wimbledon,Grass,96,G,19750623,224,200918,,,Robin Tenney,L,,USA,17.1,200854,,,Maria Teresa Nasuelli,R,,ITA,27.9,6-3 5-7 6-4,3,Q1,,,,,,,,,,,,,,,,,,,,,,,
1975-W-SL-GBR-01A-1975,Wimbledon,Grass,96,G,19750623,225,200328,,,Patricia Bostrom,U,,USA,23.5,226207,,,Sheila Page,U,,RHO,,6-3 6-0,3,Q1,,,,,,,,,,,,,,,,,,,,,,,
1975-W-SL-GBR-01A-1975,Wimbledon,Grass,96,G,19750623,226,216627,,,Wendy Slaughter,U,,GBR,,200284,,,Nora Blom,U,,NED,24.3,7-5 4-6 6-4,3,Q1,,,,,,,,,,,,,,,,,,,,,,,
1975-W-SL-GBR-01A-1975,Wimbledon,Grass,96,G,19750623,227,200463,,,Terry Holladay,L,180,USA,19.5,201132,,,Susan Minford,U,,IRL,20.5,6-3 3-6 6-3,3,Q1,,,,,,,,,,,,,,,,,,,,,,,
1975-W-SL-GBR-01A-1975,Wimbledon,Grass,96,G,19750623,228,200929,,,Elly Appel,R,,NED,22.9,200907,,,Carmen Perea Alcala,U,,ESP,23.1,6-4 6-2,3,Q1,,,,,,,,,,,,,,,,,,,,,,,
1975-W-SL-GBR-01A-1975,Wimbledon,Grass,96,G,19750623,229,200273,,,Nerida Gregory,U,,AUS,19.1,216628,,,Jenny Helliar,U,,GBR,25.0,6-1 1-6 6-0,3,Q1,,,,,,,,,,,,,,,,,,,,,,,
1975-W-SL-GBR-01A-1975,Wimbledon,Grass,96,G,19750623,230,226234,,,Daria Kopsic,U,,ARG,,201138,,,Tam Oshaughnessy,U,,USA,23.4,6-3 9-8,3,Q1,,,,,,,,,,,,,,,,,,,,,,,
1975-W-SL-GBR-01A-1975,Wimbledon,Grass,96,G,19750623,231,203662,,,Diane Eastburn,U,,AUS,,216623,,,Beverley Vercoe,U,,NZL,27.7,5-7 6-4 6-3,3,Q1,,,,,,,,,,,,,,,,,,,,,,,
1975-W-SL-GBR-01A-1975,Wimbledon,Grass,96,G,19750623,232,200280,,,Joy Schwikert,U,,USA,21.0,200296,,,Belinda Thompson,U,,GBR,19.1,6-0 2-6 6-2,3,Q1,,,,,,,,,,,,,,,,,,,,,,,
1975-W-SL-GBR-01A-1975,Wimbledon,Grass,96,G,19750623,233,200300,,,Sally Greer,U,,USA,20.2,200921,,,Patricia Reese,R,,USA,,6-2 3-6 6-4,3,Q2,,,,,,,,,,,,,,,,,,,,,,,
1975-W-SL-GBR-01A-1975,Wimbledon,Grass,96,G,19750623,234,200208,,,Mandy Morgan,U,,AUS,,201244,,,Sue Stap,U,,USA,21.0,9-8 6-2,3,Q2,,,,,,,,,,,,,,,,,,,,,,,
1975-W-SL-GBR-01A-1975,Wimbledon,Grass,96,G,19750623,235,200371,,,Mima Jausovec,R,160,SLO,18.9,200326,,,Naoko Sato,U,163,JPN,20.4,6-4 6-1,3,Q2,,,,,,,,,,,,,,,,,,,,,,,
1975-W-SL-GBR-01A-1975,Wimbledon,Grass,96,G,19750623,236,201118,,,Tine Zwaan,R,,NED,28.0,212381,,,Laila Pirila,U,,FIN,24.0,6-3 6-0,3,Q2,,,,,,,,,,,,,,,,,,,,,,,
1975-W-SL-GBR-01A-1975,Wimbledon,Grass,96,G,19750623,237,200233,,,Chris Matison,R,,AUS,23.6,200920,,,Kayoko Fukuoka,U,,JPN,25.8,6-3 6-1,3,Q2,,,,,,,,,,,,,,,,,,,,,,,
1975-W-SL-GBR-01A-1975,Wimbledon,Grass,96,G,19750623,238,200910,,,Janet Haas,R,,USA,21.9,200335,,,Judy Chaloner,U,,NZL,21.5,7-5 6-4,3,Q2,,,,,,,,,,,,,,,,,,,,,,,
1975-W-SL-GBR-01A-1975,Wimbledon,Grass,96,G,19750623,239,200311,,,Cecilia Martinez,U,,USA,28.0,216630,,,Gwynn Sammel,U,,RSA,19.6,6-2 6-1,3,Q2,,,,,,,,,,,,,,,,,,,,,,,
1975-W-SL-GBR-01A-1975,Wimbledon,Grass,96,G,19750623,240,200918,,,Robin Tenney,L,,USA,17.1,200282,,,Jenny Dimond,U,,AUS,19.6,4-6 6-0 6-0,3,Q2,,,,,,,,,,,,,,,,,,,,,,,
1975-W-SL-GBR-01A-1975,Wimbledon,Grass,96,G,19750623,241,200252,,,Monique Van Haver,U,,BEL,26.8,200280,,,Joy Schwikert,U,,USA,21.0,7-5 1-6 6-2,3,Q2,,,,,,,,,,,,,,,,,,,,,,,
1975-W-SL-GBR-01A-1975,Wimbledon,Grass,96,G,19750623,242,200264,,,Helena Anliot,R,168,SWE,18.7,223579,,,Nuala Dwyer,U,,GBR,,6-1 7-5,3,Q2,,,,,,,,,,,,,,,,,,,,,,,
1975-W-SL-GBR-01A-1975,Wimbledon,Grass,96,G,19750623,243,200256,,,Chris Oneil,R,175,AUS,19.2,200234,,,Pam Whytcross,U,,AUS,21.5,6-3 6-3,3,Q2,,,,,,,,,,,,,,,,,,,,,,,
1975-W-SL-GBR-01A-1975,Wimbledon,Grass,96,G,19750623,244,200896,,,Nancy Ornstein,R,,USA,22.8,200301,,,Lois Raymond,U,,AUS,,6-3 6-4,3,Q2,,,,,,,,,,,,,,,,,,,,,,,
1975-W-SL-GBR-01A-1975,Wimbledon,Grass,96,G,19750623,245,200328,,,Patricia Bostrom,U,,USA,23.5,216627,,,Wendy Slaughter,U,,GBR,,6-1 7-5,3,Q2,,,,,,,,,,,,,,,,,,,,,,,
1975-W-SL-GBR-01A-1975,Wimbledon,Grass,96,G,19750623,246,200929,,,Elly Appel,R,,NED,22.9,200463,,,Terry Holladay,L,180,USA,19.5,6-3 0-6 7-5,3,Q2,,,,,,,,,,,,,,,,,,,,,,,
1975-W-SL-GBR-01A-1975,Wimbledon,Grass,96,G,19750623,247,200273,,,Nerida Gregory,U,,AUS,19.1,226234,,,Daria Kopsic,U,,ARG,,6-2 6-2,3,Q2,,,,,,,,,,,,,,,,,,,,,,,
1975-W-SL-GBR-01A-1975,Wimbledon,Grass,96,G,19750623,248,203662,,,Diane Eastburn,U,,AUS,,200269,,,Jill Schwikert,U,,USA,21.0,6-1 6-2,3,Q2,,,,,,,,,,,,,,,,,,,,,,,
1975-W-SL-GBR-01A-1975,Wimbledon,Grass,96,G,19750623,249,200300,,,Sally Greer,U,,USA,20.2,200208,,,Mandy Morgan,U,,AUS,,6-4 6-4,3,Q3,,,,,,,,,,,,,,,,,,,,,,,
1975-W-SL-GBR-01A-1975,Wimbledon,Grass,96,G,19750623,250,200371,,,Mima Jausovec,R,160,SLO,18.9,201118,,,Tine Zwaan,R,,NED,28.0,6-2 6-1,3,Q3,,,,,,,,,,,,,,,,,,,,,,,
1975-W-SL-GBR-01A-1975,Wimbledon,Grass,96,G,19750623,251,200233,,,Chris Matison,R,,AUS,23.6,200910,,,Janet Haas,R,,USA,21.9,6-4 6-4,3,Q3,,,,,,,,,,,,,,,,,,,,,,,
1975-W-SL-GBR-01A-1975,Wimbledon,Grass,96,G,19750623,252,200918,,,Robin Tenney,L,,USA,17.1,200311,,,Cecilia Martinez,U,,USA,28.0,1-6 6-3 11-9,3,Q3,,,,,,,,,,,,,,,,,,,,,,,
1975-W-SL-GBR-01A-1975,Wimbledon,Grass,96,G,19750623,253,200264,,,Helena Anliot,R,168,SWE,18.7,200252,,,Monique Van Haver,U,,BEL,26.8,6-3 6-2,3,Q3,,,,,,,,,,,,,,,,,,,,,,,
1975-W-SL-GBR-01A-1975,Wimbledon,Grass,96,G,19750623,254,200256,,,Chris Oneil,R,175,AUS,19.2,200896,,,Nancy Ornstein,R,,USA,22.8,6-3 6-3,3,Q3,,,,,,,,,,,,,,,,,,,,,,,
1975-W-SL-GBR-01A-1975,Wimbledon,Grass,96,G,19750623,255,200328,,,Patricia Bostrom,U,,USA,23.5,200929,,,Elly Appel,R,,NED,22.9,4-6 6-1 6-3,3,Q3,,,,,,,,,,,,,,,,,,,,,,,
1975-W-SL-GBR-01A-1975,Wimbledon,Grass,96,G,19750623,256,200273,,,Nerida Gregory,U,,AUS,19.1,203662,,,Diane Eastburn,U,,AUS,,6-4 6-1,3,Q3,,,,,,,,,,,,,,,,,,,,,,,
