tourney_id,tourney_name,surface,draw_size,tourney_level,tourney_date,match_num,winner_id,winner_seed,winner_entry,winner_name,winner_hand,winner_ht,winner_ioc,winner_age,loser_id,loser_seed,loser_entry,loser_name,loser_hand,loser_ht,loser_ioc,loser_age,score,best_of,round,minutes,w_ace,w_df,w_svpt,w_1stIn,w_1stWon,w_2ndWon,w_SvGms,w_bpSaved,w_bpFaced,l_ace,l_df,l_svpt,l_1stIn,l_1stWon,l_2ndWon,l_SvGms,l_bpSaved,l_bpFaced,winner_rank,winner_rank_points,loser_rank,loser_rank_points
1977-W-SL-AUS-01A-1977,Australian Open,Grass,32,G,19770103,1,203657,1,,Donna Stockton,U,,USA,21.5,203658,,,Jennifer Fenwick,U,,AUS,,2-6 6-2 6-2,3,Q1,,,,,,,,,,,,,,,,,,,,,,,
1977-W-SL-AUS-01A-1977,Australian Open,Grass,32,G,19770103,2,200309,,,Merrilyn Robinson,U,,AUS,,203659,,,J Tobin,U,,AUS,,6-4 6-3,3,Q1,,,,,,,,,,,,,,,,,,,,,,,
1977-W-SL-AUS-01A-1977,Australian Open,Grass,32,G,19770103,3,200307,,,Kerry Neill,U,,AUS,,203660,,,Michelle Berrigan,U,,AUS,16.8,6-2 6-3,3,Q1,,,,,,,,,,,,,,,,,,,,,,,
1977-W-SL-AUS-01A-1977,Australian Open,Grass,32,G,19770103,4,200158,8,,Carol Sherriff,R,,AUS,30.2,203661,,,Miyoko Sugawara,U,,JPN,,6-3 6-0,3,Q1,,,,,,,,,,,,,,,,,,,,,,,
1977-W-SL-AUS-01A-1977,Australian Open,Grass,32,G,19770103,5,200329,4,,Mary Sawyer,U,169,AUS,19.5,200330,,,Sue Saliba,U,,AUS,19.2,6-4 6-4,3,Q1,,,,,,,,,,,,,,,,,,,,,,,
1977-W-SL-AUS-01A-1977,Australian Open,Grass,32,G,19770103,6,203662,,,Diane Eastburn,U,,AUS,,200137,,,L Griffiths,U,,AUS,,6-3 6-0,3,Q1,,,,,,,,,,,,,,,,,,,,,,,
1977-W-SL-AUS-01A-1977,Australian Open,Grass,32,G,19770103,7,200762,,,Sharon Pinchbeck,U,,AUS,,200322,,,Karen Gulley,U,,AUS,,6-1 6-4,3,Q1,,,,,,,,,,,,,,,,,,,,,,,
1977-W-SL-AUS-01A-1977,Australian Open,Grass,32,G,19770103,8,200325,5,,Leanne Harrison Austin,L,168,AUS,18.7,203663,,,Donna Kelly,U,,AUS,,6-2 6-1,3,Q1,,,,,,,,,,,,,,,,,,,,,,,
1977-W-SL-AUS-01A-1977,Australian Open,Grass,32,G,19770103,9,200134,,,Kerry Ballard,U,,AUS,27.0,200299,6,,Kaye Hallam,U,,AUS,19.7,6-4 6-4,3,Q1,,,,,,,,,,,,,,,,,,,,,,,
1977-W-SL-AUS-01A-1977,Australian Open,Grass,32,G,19770103,10,200332,,,Amanda Tobin,R,168,AUS,16.5,203664,,,Sue Chancellor,U,,AUS,,6-0 6-0,3,Q1,,,,,,,,,,,,,,,,,,,,,,,
1977-W-SL-AUS-01A-1977,Australian Open,Grass,32,G,19770103,11,203666,,,Dianne Berkinshaw,U,,AUS,30.7,203665,,,Amanda Pryor,U,,AUS,,6-0 6-3,3,Q1,,,,,,,,,,,,,,,,,,,,,,,
1977-W-SL-AUS-01A-1977,Australian Open,Grass,32,G,19770103,12,200336,3,,Keryn Pratt,U,,AUS,17.5,202010,,,Andrea Galloway,U,,AUS,20.0,2-6 6-3 6-1,3,Q1,,,,,,,,,,,,,,,,,,,,,,,
1977-W-SL-AUS-01A-1977,Australian Open,Grass,32,G,19770103,13,200761,,,Michelle Pekovitch,U,,AUS,,203667,7,,Valerie Franta,U,,USA,22.3,5-7 6-2 6-2,3,Q1,,,,,,,,,,,,,,,,,,,,,,,
1977-W-SL-AUS-01A-1977,Australian Open,Grass,32,G,19770103,14,203668,,,Rosalyn Mccann,U,,AUS,,203669,,,Eri Murata,U,,JPN,,6-4 6-2,3,Q1,,,,,,,,,,,,,,,,,,,,,,,
1977-W-SL-AUS-01A-1977,Australian Open,Grass,32,G,19770103,15,200305,,,Carol Draper,U,,AUS,21.4,203670,,,M Berta,U,,AUS,,5-7 6-2 6-3,3,Q1,,,,,,,,,,,,,,,,,,,,,,,
1977-W-SL-AUS-01A-1977,Australian Open,Grass,32,G,19770103,16,200757,2,,Pamela Bailey,U,,AUS,,203671,,,V Von Demleaux,U,,AUS,,6-2 6-1,3,Q1,,,,,,,,,,,,,,,,,,,,,,,
1977-W-SL-AUS-01A-1977,Australian Open,Grass,32,G,19770103,17,200309,,,Merrilyn Robinson,U,,AUS,,203657,1,,Donna Stockton,U,,USA,21.5,5-7 7-5 1-2 RET,3,Q2,,,,,,,,,,,,,,,,,,,,,,,
1977-W-SL-AUS-01A-1977,Australian Open,Grass,32,G,19770103,18,200158,8,,Carol Sherriff,R,,AUS,30.2,200307,,,Kerry Neill,U,,AUS,,6-3 6-4,3,Q2,,,,,,,,,,,,,,,,,,,,,,,
1977-W-SL-AUS-01A-1977,Australian Open,Grass,32,G,19770103,19,200329,4,,Mary Sawyer,U,169,AUS,19.5,203662,,,Diane Eastburn,U,,AUS,,6-4 6-4,3,Q2,,,,,,,,,,,,,,,,,,,,,,,
1977-W-SL-AUS-01A-1977,Australian Open,Grass,32,G,19770103,20,200325,5,,Leanne Harrison Austin,L,168,AUS,18.7,200762,,,Sharon Pinchbeck,U,,AUS,,6-3 6-1,3,Q2,,,,,,,,,,,,,,,,,,,,,,,
1977-W-SL-AUS-01A-1977,Australian Open,Grass,32,G,19770103,21,200332,,,Amanda Tobin,R,168,AUS,16.5,200134,,,Kerry Ballard,U,,AUS,27.0,6-3 7-5,3,Q2,,,,,,,,,,,,,,,,,,,,,,,
1977-W-SL-AUS-01A-1977,Australian Open,Grass,32,G,19770103,22,203666,,,Dianne Berkinshaw,U,,AUS,30.7,200336,3,,Keryn Pratt,U,,AUS,17.5,6-2 6-4,3,Q2,,,,,,,,,,,,,,,,,,,,,,,
1977-W-SL-AUS-01A-1977,Australian Open,Grass,32,G,19770103,23,200761,,,Michelle Pekovitch,U,,AUS,,203668,,,Rosalyn Mccann,U,,AUS,,6-2 6-3,3,Q2,,,,,,,,,,,,,,,,,,,,,,,
1977-W-SL-AUS-01A-1977,Australian Open,Grass,32,G,19770103,24,200757,2,,Pamela Bailey,U,,AUS,,200305,,,Carol Draper,U,,AUS,21.4,6-2 6-3,3,Q2,,,,,,,,,,,,,,,,,,,,,,,
1977-W-SL-AUS-01A-1977,Australian Open,Grass,32,G,19770103,25,200158,8,,Carol Sherriff,R,,AUS,30.2,200309,,,Merrilyn Robinson,U,,AUS,,6-2 7-6,3,Q3,,,,,,,,,,,,,,,,,,,,,,,
1977-W-SL-AUS-01A-1977,Australian Open,Grass,32,G,19770103,26,200329,4,,Mary Sawyer,U,169,AUS,19.5,200325,5,,Leanne Harrison Austin,L,168,AUS,18.7,6-4 7-5,3,Q3,,,,,,,,,,,,,,,,,,,,,,,
1977-W-SL-AUS-01A-1977,Australian Open,Grass,32,G,19770103,27,200332,,,Amanda Tobin,R,168,AUS,16.5,203666,,,Dianne Berkinshaw,U,,AUS,30.7,4-6 7-5 6-2,3,Q3,,,,,,,,,,,,,,,,,,,,,,,
1977-W-SL-AUS-01A-1977,Australian Open,Grass,32,G,19770103,28,200757,2,,Pamela Bailey,U,,AUS,,200761,,,Michelle Pekovitch,U,,AUS,,6-4 4-6 6-1,3,Q3,,,,,,,,,,,,,,,,,,,,,,,
1977-W-SL-AUS-02A-1977,Australian Open 2,Grass,32,G,19771219,1,200762,1,,Sharon Pinchbeck,U,,AUS,,203672,,,S Matthews,U,,AUS,,6-2 6-3,3,Q1,,,,,,,,,,,,,,,,,,,,,,,
1977-W-SL-AUS-02A-1977,Australian Open 2,Grass,32,G,19771219,2,203673,,,C Crawford,U,,AUS,,203674,,,K Leslie,U,,AUS,,6-0 6-1,3,Q1,,,,,,,,,,,,,,,,,,,,,,,
1977-W-SL-AUS-02A-1977,Australian Open 2,Grass,32,G,19771219,3,203663,,,Donna Kelly,U,,AUS,,203675,,,Wendy Pearson,U,,AUS,,6-3 7-6,3,Q1,,,,,,,,,,,,,,,,,,,,,,,
1977-W-SL-AUS-02A-1977,Australian Open 2,Grass,32,G,19771219,4,203676,,,J Carey,U,,AUS,,200307,8,,Kerry Neill,U,,AUS,,6-3 6-1,3,Q1,,,,,,,,,,,,,,,,,,,,,,,
1977-W-SL-AUS-02A-1977,Australian Open 2,Grass,32,G,19771219,5,200343,4,,Susan Leo,R,,AUS,15.3,203665,,,Amanda Pryor,U,,AUS,,6-1 6-1,3,Q1,,,,,,,,,,,,,,,,,,,,,,,
1977-W-SL-AUS-02A-1977,Australian Open 2,Grass,32,G,19771219,6,203666,,,Dianne Berkinshaw,U,,AUS,31.7,203677,,,Helen Rice,U,,AUS,,6-2 7-6,3,Q1,,,,,,,,,,,,,,,,,,,,,,,
1977-W-SL-AUS-02A-1977,Australian Open 2,Grass,32,G,19771219,7,200134,,,Kerry Ballard,U,,AUS,28.0,203678,,,Evelyn Lim,U,,SGP,,6-1 6-3,3,Q1,,,,,,,,,,,,,,,,,,,,,,,
1977-W-SL-AUS-02A-1977,Australian Open 2,Grass,32,G,19771219,8,200322,5,,Karen Gulley,U,,AUS,,200301,,,Lois Raymond,U,,AUS,,6-4 6-4,3,Q1,,,,,,,,,,,,,,,,,,,,,,,
1977-W-SL-AUS-02A-1977,Australian Open 2,Grass,32,G,19771219,9,200262,6,,Jenny Walker,U,,AUS,21.6,200309,,,Merrilyn Robinson,U,,AUS,,7-6 6-4,3,Q1,,,,,,,,,,,,,,,,,,,,,,,
1977-W-SL-AUS-02A-1977,Australian Open 2,Grass,32,G,19771219,10,200294,,,Gwen Stirton,U,,AUS,,203679,,,M Earl,U,,AUS,,6-1 6-1,3,Q1,,,,,,,,,,,,,,,,,,,,,,,
1977-W-SL-AUS-02A-1977,Australian Open 2,Grass,32,G,19771219,11,203660,,,Michelle Berrigan,U,,AUS,17.8,203601,,,Julie Peters,U,,AUS,,6-3 6-2,3,Q1,,,,,,,,,,,,,,,,,,,,,,,
1977-W-SL-AUS-02A-1977,Australian Open 2,Grass,32,G,19771219,12,200160,3,,Judy Tegart,R,,AUS,40.0,203680,,,C Mcquaide,U,,AUS,,6-0 6-0,3,Q1,,,,,,,,,,,,,,,,,,,,,,,
1977-W-SL-AUS-02A-1977,Australian Open 2,Grass,32,G,19771219,13,200388,7,,Leslie Allen,R,,USA,20.7,203662,,,Diane Eastburn,U,,AUS,,6-3 7-5,3,Q1,,,,,,,,,,,,,,,,,,,,,,,
1977-W-SL-AUS-02A-1977,Australian Open 2,Grass,32,G,19771219,14,203681,,,S Middleton,U,,AUS,,203682,,,G Thacker,U,,AUS,,6-1 6-0,3,Q1,,,,,,,,,,,,,,,,,,,,,,,
1977-W-SL-AUS-02A-1977,Australian Open 2,Grass,32,G,19771219,15,203664,,,Sue Chancellor,U,,AUS,,203683,,,G Ayre,U,,AUS,,7-5 6-3,3,Q1,,,,,,,,,,,,,,,,,,,,,,,
1977-W-SL-AUS-02A-1977,Australian Open 2,Grass,32,G,19771219,16,200336,2,,Keryn Pratt,U,,AUS,18.4,200319,,,Cathy Griffiths,U,,AUS,21.2,6-0 6-3,3,Q1,,,,,,,,,,,,,,,,,,,,,,,
1977-W-SL-AUS-02A-1977,Australian Open 2,Grass,32,G,19771219,17,200762,1,,Sharon Pinchbeck,U,,AUS,,203673,,,C Crawford,U,,AUS,,6-4 6-4,3,Q2,,,,,,,,,,,,,,,,,,,,,,,
1977-W-SL-AUS-02A-1977,Australian Open 2,Grass,32,G,19771219,18,203663,,,Donna Kelly,U,,AUS,,203676,,,J Carey,U,,AUS,,6-2 6-3,3,Q2,,,,,,,,,,,,,,,,,,,,,,,
1977-W-SL-AUS-02A-1977,Australian Open 2,Grass,32,G,19771219,19,200343,4,,Susan Leo,R,,AUS,15.3,203666,,,Dianne Berkinshaw,U,,AUS,31.7,7-5 6-4,3,Q2,,,,,,,,,,,,,,,,,,,,,,,
1977-W-SL-AUS-02A-1977,Australian Open 2,Grass,32,G,19771219,20,200322,5,,Karen Gulley,U,,AUS,,200134,,,Kerry Ballard,U,,AUS,28.0,6-2 6-1,3,Q2,,,,,,,,,,,,,,,,,,,,,,,
1977-W-SL-AUS-02A-1977,Australian Open 2,Grass,32,G,19771219,21,200262,6,,Jenny Walker,U,,AUS,21.6,200294,,,Gwen Stirton,U,,AUS,,6-4 7-6,3,Q2,,,,,,,,,,,,,,,,,,,,,,,
1977-W-SL-AUS-02A-1977,Australian Open 2,Grass,32,G,19771219,22,200160,3,,Judy Tegart,R,,AUS,40.0,203660,,,Michelle Berrigan,U,,AUS,17.8,7-5 6-1,3,Q2,,,,,,,,,,,,,,,,,,,,,,,
1977-W-SL-AUS-02A-1977,Australian Open 2,Grass,32,G,19771219,23,200388,7,,Leslie Allen,R,,USA,20.7,203681,,,S Middleton,U,,AUS,,6-3 5-7 6-2,3,Q2,,,,,,,,,,,,,,,,,,,,,,,
1977-W-SL-AUS-02A-1977,Australian Open 2,Grass,32,G,19771219,24,200336,2,,Keryn Pratt,U,,AUS,18.4,203664,,,Sue Chancellor,U,,AUS,,6-2 4-6 6-2,3,Q2,,,,,,,,,,,,,,,,,,,,,,,
1977-W-SL-AUS-02A-1977,Australian Open 2,Grass,32,G,19771219,25,200762,1,,Sharon Pinchbeck,U,,AUS,,203663,,,Donna Kelly,U,,AUS,,6-0 6-0,3,Q3,,,,,,,,,,,,,,,,,,,,,,,
1977-W-SL-AUS-02A-1977,Australian Open 2,Grass,32,G,19771219,26,200343,4,,Susan Leo,R,,AUS,15.3,200322,5,,Karen Gulley,U,,AUS,,6-2 6-3,3,Q3,,,,,,,,,,,,,,,,,,,,,,,
1977-W-SL-AUS-02A-1977,Australian Open 2,Grass,32,G,19771219,27,200160,3,,Judy Tegart,R,,AUS,40.0,200262,6,,Jenny Walker,U,,AUS,21.6,6-2 5-7 6-0,3,Q3,,,,,,,,,,,,,,,,,,,,,,,
1977-W-SL-AUS-02A-1977,Australian Open 2,Grass,32,G,19771219,28,200336,2,,Keryn Pratt,U,,AUS,18.4,200388,7,,Leslie Allen,R,,USA,20.7,6-2 7-6,3,Q3,,,,,,,,,,,,,,,,,,,,,,,
1977-W-SL-FRA-01A-1977,Roland Garros,Clay,64,G,19770523,1,200971,,,Lucia Romanov,U,,ROU,18.0,200915,,,Antonella Rosa,U,,ITA,20.3,6-2 6-4,3,Q1,,,,,,,,,,,,,,,,,,,,,,,
1977-W-SL-FRA-01A-1977,Roland Garros,Clay,64,G,19770523,2,203747,,,Natalie Scaramanga,U,,FRA,,201794,,,Monica Alvarez,U,,ESP,21.4,6-4 6-4,3,Q1,,,,,,,,,,,,,,,,,,,,,,,
1977-W-SL-FRA-01A-1977,Roland Garros,Clay,64,G,19770523,3,203714,,,Marketa Wallenfels,U,,FRG,33.1,203748,,,Caroline Lane,U,,USA,20.9,6-2 7-5,3,Q1,,,,,,,,,,,,,,,,,,,,,,,
1977-W-SL-FRA-01A-1977,Roland Garros,Clay,64,G,19770523,4,200306,,,Jan Wilton,U,,AUS,20.0,203749,,,Agnes Figueras,U,,FRA,,6-4 1-6 6-1,3,Q1,,,,,,,,,,,,,,,,,,,,,,,
1977-W-SL-FRA-01A-1977,Roland Garros,Clay,64,G,19770523,5,203750,,,Beatriz Villaverde,R,,ARG,18.9,203751,,,Eva Rozsavolgyi,U,,HUN,20.2,6-3 7-6,3,Q1,,,,,,,,,,,,,,,,,,,,,,,
1977-W-SL-FRA-01A-1977,Roland Garros,Clay,64,G,19770523,6,203752,,,Elizabeth Dinopoulos,U,,FRA,,200273,,,Nerida Gregory,U,,AUS,21.0,2-6 6-2 6-3,3,Q1,,,,,,,,,,,,,,,,,,,,,,,
1977-W-SL-FRA-01A-1977,Roland Garros,Clay,64,G,19770523,7,202174,,,Cynthia Ann Thomas,U,,USA,24.5,201787,,,Annina Von Planta,U,,SUI,20.7,6-3 6-4,3,Q1,,,,,,,,,,,,,,,,,,,,,,,
1977-W-SL-FRA-01A-1977,Roland Garros,Clay,64,G,19770523,8,201227,,,Roylee Bailey,U,,USA,27.9,203753,,,Elfia Nizarwan,U,,INA,17.7,6-0 6-1,3,Q1,,,,,,,,,,,,,,,,,,,,,,,
1977-W-SL-FRA-01A-1977,Roland Garros,Clay,64,G,19770523,9,203736,,,Martine Cazaux,U,,FRA,,201155,,,Erin Dignam,U,,USA,21.8,3-6 6-4 6-3,3,Q1,,,,,,,,,,,,,,,,,,,,,,,
1977-W-SL-FRA-01A-1977,Roland Garros,Clay,64,G,19770523,10,200299,,,Kaye Hallam,U,,AUS,20.1,200920,,,Kayoko Fukuoka,U,,JPN,27.8,3-6 7-6 6-0,3,Q1,,,,,,,,,,,,,,,,,,,,,,,
1977-W-SL-FRA-01A-1977,Roland Garros,Clay,64,G,19770523,11,203757,,,Anna Belladonna,U,,ITA,,203758,,,D Maccloskey,U,,USA,,6-0 6-4,3,Q1,,,,,,,,,,,,,,,,,,,,,,,
1977-W-SL-FRA-01A-1977,Roland Garros,Clay,64,G,19770523,12,200447,,,Adriana Villagran Reami,U,,ARG,20.7,200855,,,Erzsebet Polgar,U,,HUN,,6-1 7-6,3,Q1,,,,,,,,,,,,,,,,,,,,,,,
1977-W-SL-FRA-01A-1977,Roland Garros,Clay,64,G,19770523,13,200880,,,Kimiyo Yagahara,U,,JPN,33.1,203762,,, Marine,U,,FRA,,6-1 6-2,3,Q1,,,,,,,,,,,,,,,,,,,,,,,
1977-W-SL-FRA-01A-1977,Roland Garros,Clay,64,G,19770523,14,203763,,,Catherine Alzate,U,,FRA,,203764,,,Ayi Sutarno,U,,INA,,6-2 3-6 6-0,3,Q1,,,,,,,,,,,,,,,,,,,,,,,
1977-W-SL-FRA-01A-1977,Roland Garros,Clay,64,G,19770523,15,200383,,,Anne Hobbs,R,167,GBR,17.7,203765,,,Cecilia Barbat,U,,ARG,,6-2 6-7 6-2,3,Q1,,,,,,,,,,,,,,,,,,,,,,,
1977-W-SL-FRA-01A-1977,Roland Garros,Clay,64,G,19770523,16,202132,,,Manuela Zoni,R,,ITA,16.6,203767,,,M Mesek,U,,FRA,,6-0 6-1,3,Q1,,,,,,,,,,,,,,,,,,,,,,,
1977-W-SL-FRA-01A-1977,Roland Garros,Clay,64,G,19770523,17,200398,,,Iva Budarova,U,,TCH,16.8,200832,,,Daniele Bouteleux,U,,FRA,36.5,6-7 6-4 6-2,3,Q1,,,,,,,,,,,,,,,,,,,,,,,
1977-W-SL-FRA-01A-1977,Roland Garros,Clay,64,G,19770523,18,200308,,,Kym Ruddell,U,,AUS,21.8,203768,,,Wendy Maccloskey,U,,USA,,6-3 6-1,3,Q1,,,,,,,,,,,,,,,,,,,,,,,
1977-W-SL-FRA-01A-1977,Roland Garros,Clay,64,G,19770523,19,203727,,,Elisabeth Du Fresne Girard,U,,FRA,,200757,,,Pamela Bailey,U,,AUS,,4-6 6-1 7-5,3,Q1,,,,,,,,,,,,,,,,,,,,,,,
1977-W-SL-FRA-01A-1977,Roland Garros,Clay,64,G,19770523,20,200961,,,Ivanna Madruga,R,,ARG,16.3,200233,,,Chris Matison,R,,AUS,25.5,6-7 6-2 6-3,3,Q2,,,,,,,,,,,,,,,,,,,,,,,
1977-W-SL-FRA-01A-1977,Roland Garros,Clay,64,G,19770523,21,200363,,,Hana Strachonova,R,165,SUI,16.3,200971,,,Lucia Romanov,U,,ROU,18.0,1-6 6-4 6-2,3,Q2,,,,,,,,,,,,,,,,,,,,,,,
1977-W-SL-FRA-01A-1977,Roland Garros,Clay,64,G,19770523,22,203747,,,Natalie Scaramanga,U,,FRA,,203734,,,Yolanda Sumarno,U,,INA,30.8,6-4 6-7 6-2,3,Q2,,,,,,,,,,,,,,,,,,,,,,,
1977-W-SL-FRA-01A-1977,Roland Garros,Clay,64,G,19770523,23,203714,,,Marketa Wallenfels,U,,FRG,33.1,200791,,,Rosie Reyes,R,,FRA,38.1,6-4 6-3,3,Q2,,,,,,,,,,,,,,,,,,,,,,,
1977-W-SL-FRA-01A-1977,Roland Garros,Clay,64,G,19770523,24,200306,,,Jan Wilton,U,,AUS,20.0,200896,,,Nancy Ornstein,R,,USA,24.8,4-6 6-1 6-4,3,Q2,,,,,,,,,,,,,,,,,,,,,,,
1977-W-SL-FRA-01A-1977,Roland Garros,Clay,64,G,19770523,25,200919,,,Elvira Weisenberger,R,,ARG,27.4,200972,,,Dominique Beillan,U,,FRA,21.9,7-6 7-5,3,Q2,,,,,,,,,,,,,,,,,,,,,,,
1977-W-SL-FRA-01A-1977,Roland Garros,Clay,64,G,19770523,26,200954,,,Claudia Casabianca,U,,ARG,17.1,200958,,,Helle Sparre,U,,DEN,20.8,6-4 6-2,3,Q2,,,,,,,,,,,,,,,,,,,,,,,
1977-W-SL-FRA-01A-1977,Roland Garros,Clay,64,G,19770523,27,200854,,,Maria Teresa Nasuelli,R,,ITA,29.8,203750,,,Beatriz Villaverde,R,,ARG,18.9,6-0 6-2,3,Q2,,,,,,,,,,,,,,,,,,,,,,,
1977-W-SL-FRA-01A-1977,Roland Garros,Clay,64,G,19770523,28,200366,,,Sylvia Hanika,L,173,GER,17.4,203752,,,Elizabeth Dinopoulos,U,,FRA,,6-4 6-2,3,Q2,,,,,,,,,,,,,,,,,,,,,,,
1977-W-SL-FRA-01A-1977,Roland Garros,Clay,64,G,19770523,29,202174,,,Cynthia Ann Thomas,U,,USA,24.5,200846,,,Michelle Rodriguez,U,,CHI,,7-5 6-7 8-6,3,Q2,,,,,,,,,,,,,,,,,,,,,,,
1977-W-SL-FRA-01A-1977,Roland Garros,Clay,64,G,19770523,30,203741,,,Perrine Du Puy,U,,FRA,19.1,201227,,,Roylee Bailey,U,,USA,27.9,7-5 6-4,3,Q2,,,,,,,,,,,,,,,,,,,,,,,
1977-W-SL-FRA-01A-1977,Roland Garros,Clay,64,G,19770523,31,200907,,,Carmen Perea Alcala,U,,ESP,25.0,203733,,,Martine Bureau,U,,FRA,16.9,6-1 3-0 RET,3,Q2,,,,,,,,,,,,,,,,,,,,,,,
1977-W-SL-FRA-01A-1977,Roland Garros,Clay,64,G,19770523,32,203754,,,Dominique Oustric,U,,FRA,,200928,,,Paulina Peisachov,U,,ISR,27.0,4-6 6-2 7-5,3,Q2,,,,,,,,,,,,,,,,,,,,,,,
1977-W-SL-FRA-01A-1977,Roland Garros,Clay,64,G,19770523,33,200755,,,Daniela Marzano,U,,ITA,26.9,203736,,,Martine Cazaux,U,,FRA,,6-0 6-2,3,Q2,,,,,,,,,,,,,,,,,,,,,,,
1977-W-SL-FRA-01A-1977,Roland Garros,Clay,64,G,19770523,34,200953,,,Viviana Gonzalez,R,,ARG,19.0,203755,,,Carla Mei,U,,ITA,,6-2 6-2,3,Q2,,,,,,,,,,,,,,,,,,,,,,,
1977-W-SL-FRA-01A-1977,Roland Garros,Clay,64,G,19770523,35,203756,,,Catherine Chevalier,U,,FRA,,200299,,,Kaye Hallam,U,,AUS,20.1,6-3 3-6 6-3,3,Q2,,,,,,,,,,,,,,,,,,,,,,,
1977-W-SL-FRA-01A-1977,Roland Garros,Clay,64,G,19770523,36,200923,,,Maria Victoria Baldovinos Cibeira,U,,ESP,24.2,203757,,,Anna Belladonna,U,,ITA,,6-4 6-3,3,Q2,,,,,,,,,,,,,,,,,,,,,,,
1977-W-SL-FRA-01A-1977,Roland Garros,Clay,64,G,19770523,37,200946,,,Sylvie Rual,U,,FRA,24.3,203759,,,Helen Liebenberg,U,,RSA,,6-2 6-3,3,Q2,,,,,,,,,,,,,,,,,,,,,,,
1977-W-SL-FRA-01A-1977,Roland Garros,Clay,64,G,19770523,38,200447,,,Adriana Villagran Reami,U,,ARG,20.7,200812,,,Odile De Roubin,U,,FRA,28.6,6-2 7-6,3,Q2,,,,,,,,,,,,,,,,,,,,,,,
1977-W-SL-FRA-01A-1977,Roland Garros,Clay,64,G,19770523,39,200332,,,Amanda Tobin,R,168,AUS,16.9,203760,,,Martine Jodin,U,,FRA,,5-7 6-4 6-1,3,Q2,,,,,,,,,,,,,,,,,,,,,,,
1977-W-SL-FRA-01A-1977,Roland Garros,Clay,64,G,19770523,40,203761,,,Pascale Bonneteau,U,,FRA,,200922,,,Laurie Tenney,U,,USA,21.5,6-7 6-1 7-5,3,Q2,,,,,,,,,,,,,,,,,,,,,,,
1977-W-SL-FRA-01A-1977,Roland Garros,Clay,64,G,19770523,41,200880,,,Kimiyo Yagahara,U,,JPN,33.1,202191,,,Petra Van Oyen,U,,FRG,16.0,2-6 6-3 7-5,3,Q2,,,,,,,,,,,,,,,,,,,,,,,
1977-W-SL-FRA-01A-1977,Roland Garros,Clay,64,G,19770523,42,200937,,,Susana Maria Villaverde,U,,ARG,22.2,201935,,,Monica Simmen,U,,SUI,18.8,6-3 6-4,3,Q2,,,,,,,,,,,,,,,,,,,,,,,
1977-W-SL-FRA-01A-1977,Roland Garros,Clay,64,G,19770523,43,200872,,,Nicole Bimes,U,,FRA,28.6,203763,,,Catherine Alzate,U,,FRA,,6-0 6-4,3,Q2,,,,,,,,,,,,,,,,,,,,,,,
1977-W-SL-FRA-01A-1977,Roland Garros,Clay,64,G,19770523,44,200256,,,Chris Oneil,R,175,AUS,21.1,200383,,,Anne Hobbs,R,167,GBR,17.7,6-3 6-7 6-0,3,Q2,,,,,,,,,,,,,,,,,,,,,,,
1977-W-SL-FRA-01A-1977,Roland Garros,Clay,64,G,19770523,45,200315,,,Nina Bohm,R,,SWE,19.0,203766,,,Eva Fridenzi,U,,HUN,25.6,7-6 6-0,3,Q2,,,,,,,,,,,,,,,,,,,,,,,
1977-W-SL-FRA-01A-1977,Roland Garros,Clay,64,G,19770523,46,200926,,,Donna Ganz,U,157,USA,22.5,201783,,,Marcela Viviana Cataldi,U,,ARG,21.4,6-2 6-4,3,Q2,,,,,,,,,,,,,,,,,,,,,,,
1977-W-SL-FRA-01A-1977,Roland Garros,Clay,64,G,19770523,47,200398,,,Iva Budarova,U,,TCH,16.8,202132,,,Manuela Zoni,R,,ITA,16.6,6-7 6-4 6-2,3,Q2,,,,,,,,,,,,,,,,,,,,,,,
1977-W-SL-FRA-01A-1977,Roland Garros,Clay,64,G,19770523,48,200308,,,Kym Ruddell,U,,AUS,21.8,203769,,,Diana Flickier,U,,ARG,,6-0 6-3,3,Q2,,,,,,,,,,,,,,,,,,,,,,,
1977-W-SL-FRA-01A-1977,Roland Garros,Clay,64,G,19770523,49,200252,,,Monique Van Haver,U,,BEL,28.7,200927,,,Linda Thomas,U,,USA,24.5,2-6 7-5 6-2,3,Q2,,,,,,,,,,,,,,,,,,,,,,,
1977-W-SL-FRA-01A-1977,Roland Garros,Clay,64,G,19770523,50,200949,,,Silvana Urroz,U,,CHI,22.2,201255,,,Margaret Riley,U,,USA,24.3,6-4 6-2,3,Q2,,,,,,,,,,,,,,,,,,,,,,,
1977-W-SL-FRA-01A-1977,Roland Garros,Clay,64,G,19770523,51,203770,,,Marion Foldina,U,,FRG,,203727,,,Elisabeth Du Fresne Girard,U,,FRA,,7-5 7-5,3,Q2,,,,,,,,,,,,,,,,,,,,,,,
1977-W-SL-FRA-01A-1977,Roland Garros,Clay,64,G,19770523,52,200363,,,Hana Strachonova,R,165,SUI,16.3,200961,,,Ivanna Madruga,R,,ARG,16.3,6-2 7-6,3,Q3,,,,,,,,,,,,,,,,,,,,,,,
1977-W-SL-FRA-01A-1977,Roland Garros,Clay,64,G,19770523,53,203714,,,Marketa Wallenfels,U,,FRG,33.1,203747,,,Natalie Scaramanga,U,,FRA,,4-6 7-5 12-10,3,Q3,,,,,,,,,,,,,,,,,,,,,,,
1977-W-SL-FRA-01A-1977,Roland Garros,Clay,64,G,19770523,54,200919,,,Elvira Weisenberger,R,,ARG,27.4,200306,,,Jan Wilton,U,,AUS,20.0,6-3 6-4,3,Q3,,,,,,,,,,,,,,,,,,,,,,,
1977-W-SL-FRA-01A-1977,Roland Garros,Clay,64,G,19770523,55,200954,,,Claudia Casabianca,U,,ARG,17.1,200854,,,Maria Teresa Nasuelli,R,,ITA,29.8,6-2 6-2,3,Q3,,,,,,,,,,,,,,,,,,,,,,,
1977-W-SL-FRA-01A-1977,Roland Garros,Clay,64,G,19770523,56,202174,,,Cynthia Ann Thomas,U,,USA,24.5,200366,,,Sylvia Hanika,L,173,GER,17.4,7-5 4-6 9-7,3,Q3,,,,,,,,,,,,,,,,,,,,,,,
1977-W-SL-FRA-01A-1977,Roland Garros,Clay,64,G,19770523,57,200907,,,Carmen Perea Alcala,U,,ESP,25.0,203741,,,Perrine Du Puy,U,,FRA,19.1,6-3 7-5,3,Q3,,,,,,,,,,,,,,,,,,,,,,,
1977-W-SL-FRA-01A-1977,Roland Garros,Clay,64,G,19770523,58,200755,,,Daniela Marzano,U,,ITA,26.9,203754,,,Dominique Oustric,U,,FRA,,6-3 6-4,3,Q3,,,,,,,,,,,,,,,,,,,,,,,
1977-W-SL-FRA-01A-1977,Roland Garros,Clay,64,G,19770523,59,200953,,,Viviana Gonzalez,R,,ARG,19.0,203756,,,Catherine Chevalier,U,,FRA,,6-3 6-2,3,Q3,,,,,,,,,,,,,,,,,,,,,,,
1977-W-SL-FRA-01A-1977,Roland Garros,Clay,64,G,19770523,60,200946,,,Sylvie Rual,U,,FRA,24.3,200923,,,Maria Victoria Baldovinos Cibeira,U,,ESP,24.2,6-4 6-3,3,Q3,,,,,,,,,,,,,,,,,,,,,,,
1977-W-SL-FRA-01A-1977,Roland Garros,Clay,64,G,19770523,61,200447,,,Adriana Villagran Reami,U,,ARG,20.7,200332,,,Amanda Tobin,R,168,AUS,16.9,3-6 6-1 7-5,3,Q3,,,,,,,,,,,,,,,,,,,,,,,
1977-W-SL-FRA-01A-1977,Roland Garros,Clay,64,G,19770523,62,200880,,,Kimiyo Yagahara,U,,JPN,33.1,203761,,,Pascale Bonneteau,U,,FRA,,2-6 6-3 7-5,3,Q3,,,,,,,,,,,,,,,,,,,,,,,
1977-W-SL-FRA-01A-1977,Roland Garros,Clay,64,G,19770523,63,200937,,,Susana Maria Villaverde,U,,ARG,22.2,200872,,,Nicole Bimes,U,,FRA,28.6,5-7 6-2 6-3,3,Q3,,,,,,,,,,,,,,,,,,,,,,,
1977-W-SL-FRA-01A-1977,Roland Garros,Clay,64,G,19770523,64,200256,,,Chris Oneil,R,175,AUS,21.1,200315,,,Nina Bohm,R,,SWE,19.0,7-5 7-5,3,Q3,,,,,,,,,,,,,,,,,,,,,,,
1977-W-SL-FRA-01A-1977,Roland Garros,Clay,64,G,19770523,65,200926,,,Donna Ganz,U,157,USA,22.5,200398,,,Iva Budarova,U,,TCH,16.8,5-7 6-2 6-4,3,Q3,,,,,,,,,,,,,,,,,,,,,,,
1977-W-SL-FRA-01A-1977,Roland Garros,Clay,64,G,19770523,66,200252,,,Monique Van Haver,U,,BEL,28.7,200308,,,Kym Ruddell,U,,AUS,21.8,6-3 6-4,3,Q3,,,,,,,,,,,,,,,,,,,,,,,
1977-W-SL-FRA-01A-1977,Roland Garros,Clay,64,G,19770523,67,200949,,,Silvana Urroz,U,,CHI,22.2,203770,,,Marion Foldina,U,,FRG,,6-1 6-0,3,Q3,,,,,,,,,,,,,,,,,,,,,,,
1977-W-SL-USA-01A-1977,US Open,Clay,97,G,19770831,1,200286,,,Peggy Michel,R,,USA,28.5,200803,,,Raquel Giscafre,U,,ARG,28.2,7-6 RET,3,Q1,,,,,,,,,,,,,,,,,,,,,,,
1977-W-SL-USA-01A-1977,US Open,Clay,97,G,19770831,2,200380,,,Nancy Yeargin,R,,USA,22.2,200945,,,Marita Redondo,R,165,USA,21.5,6-3 6-2,3,Q1,,,,,,,,,,,,,,,,,,,,,,,
1977-W-SL-USA-01A-1977,US Open,Clay,97,G,19770831,3,200909,,,Florence Guedy,U,,FRA,22.7,200388,,,Leslie Allen,R,,USA,20.4,5-7 6-2 6-1,3,Q1,,,,,,,,,,,,,,,,,,,,,,,
1977-W-SL-USA-01A-1977,US Open,Clay,97,G,19770831,4,200379,,,Paula Smith,R,170,USA,20.6,200335,,,Judy Chaloner,U,,NZL,23.7,6-3 3-6 6-2,3,Q1,,,,,,,,,,,,,,,,,,,,,,,
1977-W-SL-USA-01A-1977,US Open,Clay,97,G,19770831,5,200233,,,Chris Matison,R,,AUS,25.8,203862,,,Linda Siegleman,U,,USA,20.1,5-0 RET,3,Q1,,,,,,,,,,,,,,,,,,,,,,,
1977-W-SL-USA-01A-1977,US Open,Clay,97,G,19770831,6,200934,,,Beatrix Klein,U,,HUN,24.6,200922,,,Laurie Tenney,U,,USA,21.8,7-5 6-4,3,Q1,,,,,,,,,,,,,,,,,,,,,,,
1977-W-SL-USA-01A-1977,US Open,Clay,97,G,19770831,7,201152,,,Aleida Spex,U,,USA,22.2,200326,,,Naoko Sato,U,163,JPN,22.6,4-6 6-3 6-4,3,Q1,,,,,,,,,,,,,,,,,,,,,,,
1977-W-SL-USA-01A-1977,US Open,Clay,97,G,19770831,8,201255,,,Margaret Riley,U,,USA,24.6,200141,,,Wendy Gilchrist,L,,AUS,27.2,6-1 6-3,3,Q1,,,,,,,,,,,,,,,,,,,,,,,
1977-W-SL-USA-01A-1977,US Open,Clay,97,G,19770831,9,200960,,,Robin Harris,U,,USA,21.3,200972,,,Dominique Beillan,U,,FRA,22.2,6-2 6-1,3,Q1,,,,,,,,,,,,,,,,,,,,,,,
1977-W-SL-USA-01A-1977,US Open,Clay,97,G,19770831,10,200953,,,Viviana Gonzalez,R,,ARG,19.3,200924,,,Penny Moor,L,,GBR,26.1,6-4 6-1,3,Q1,,,,,,,,,,,,,,,,,,,,,,,
1977-W-SL-USA-01A-1977,US Open,Clay,97,G,19770831,11,200918,,,Robin Tenney,L,,USA,19.3,200394,,,Marjorie Blackwood,R,,CAN,20.3,6-4 7-6,3,Q1,,,,,,,,,,,,,,,,,,,,,,,
1977-W-SL-USA-01A-1977,US Open,Clay,97,G,19770831,12,200349,,,Diane Morrison,U,,USA,19.0,203863,,,Beverly Buckley,U,,USA,24.5,6-4 6-4,3,Q1,,,,,,,,,,,,,,,,,,,,,,,
1977-W-SL-USA-01A-1977,US Open,Clay,97,G,19770831,13,200355,,,Diane Desfor,R,165,USA,22.2,200896,,,Nancy Ornstein,R,,USA,25.0,6-4 1-6 6-2,3,Q1,,,,,,,,,,,,,,,,,,,,,,,
1977-W-SL-USA-01A-1977,US Open,Clay,97,G,19770831,14,213033,,,Kay Mcdaniel,U,,USA,19.9,200389,,,Kathy Jordan,R,173,USA,17.7,6-3 4-3 RET,3,Q1,,,,,,,,,,,,,,,,,,,,,,,
1977-W-SL-USA-01A-1977,US Open,Clay,97,G,19770831,15,200962,,,Patricia Medrado,U,,BRA,20.7,200969,,,Jeanne Duvall,U,,USA,17.7,7-6 6-4,3,Q1,,,,,,,,,,,,,,,,,,,,,,,
1977-W-SL-USA-01A-1977,US Open,Clay,97,G,19770831,16,200344,,,Barbara Jordan,R,165,USA,20.4,203864,,,Ann Etheredge,U,,USA,21.8,6-0 6-0,3,Q1,,,,,,,,,,,,,,,,,,,,,,,
1977-W-SL-USA-01A-1977,US Open,Clay,97,G,19770831,17,200959,,,Mareen Louie Harper,R,,USA,17.0,202097,,,Jean Nachand,R,,USA,22.2,6-3 6-4,3,Q1,,,,,,,,,,,,,,,,,,,,,,,
1977-W-SL-USA-01A-1977,US Open,Clay,97,G,19770831,18,200296,,,Belinda Thompson,U,,GBR,21.3,200937,,,Susana Maria Villaverde,U,,ARG,22.5,3-6 6-1 6-4,3,Q1,,,,,,,,,,,,,,,,,,,,,,,
1977-W-SL-USA-01A-1977,US Open,Clay,97,G,19770831,19,203775,,,Gretchen Galt,U,,USA,21.5,201227,,,Roylee Bailey,U,,USA,28.2,6-4 6-4,3,Q1,,,,,,,,,,,,,,,,,,,,,,,
1977-W-SL-USA-01A-1977,US Open,Clay,97,G,19770831,20,200330,,,Sue Saliba,U,,AUS,19.8,200411,,,Jane Preyer,U,,USA,23.7,6-4 6-4,3,Q1,,,,,,,,,,,,,,,,,,,,,,,
1977-W-SL-USA-01A-1977,US Open,Clay,97,G,19770831,21,200350,,,Felicia Hutnick,U,,USA,20.1,203748,,,Caroline Lane,U,,USA,21.1,6-4 5-7 7-5,3,Q1,,,,,,,,,,,,,,,,,,,,,,,
1977-W-SL-USA-01A-1977,US Open,Clay,97,G,19770831,22,200300,,,Sally Greer,U,,USA,22.4,201244,,,Sue Stap,U,,USA,23.2,7-6 6-3,3,Q1,,,,,,,,,,,,,,,,,,,,,,,
1977-W-SL-USA-01A-1977,US Open,Clay,97,G,19770831,23,200760,,,Pauline Elliott,U,,NZL,21.8,202174,,,Cynthia Ann Thomas,U,,USA,24.7,3-6 6-2 6-4,3,Q1,,,,,,,,,,,,,,,,,,,,,,,
1977-W-SL-USA-01A-1977,US Open,Clay,97,G,19770831,24,200329,,,Mary Sawyer,U,169,AUS,20.2,203865,,,Robin Khan,R,,USA,22.9,6-2 6-1,3,Q1,,,,,,,,,,,,,,,,,,,,,,,
1977-W-SL-USA-01A-1977,US Open,Clay,97,G,19770831,25,200273,,,Nerida Gregory,U,,AUS,21.3,201155,,,Erin Dignam,U,,USA,22.1,6-2 6-2,3,Q1,,,,,,,,,,,,,,,,,,,,,,,
1977-W-SL-USA-01A-1977,US Open,Clay,97,G,19770831,26,200985,,,Trey Lewis,U,,USA,17.7,200977,,,Dana Gilbert,U,,USA,17.7,6-7 6-0 7-5,3,Q1,,,,,,,,,,,,,,,,,,,,,,,
1977-W-SL-USA-01A-1977,US Open,Clay,97,G,19770831,27,201953,,,Pamela Baily,U,,AUS,18.8,203866,,,Ann Schroeder,U,,USA,,6-2 6-2,3,Q1,,,,,,,,,,,,,,,,,,,,,,,
1977-W-SL-USA-01A-1977,US Open,Clay,97,G,19770831,28,200963,,,Caroline Stoll,R,,USA,16.8,203867,,,Maria Fernandez,U,,USA,,6-1 6-2,3,Q1,,,,,,,,,,,,,,,,,,,,,,,
1977-W-SL-USA-01A-1977,US Open,Clay,97,G,19770831,29,200203,,,Vicki Lancaster Kerr,U,,AUS,26.5,200391,,,Sherry Acker,R,173,USA,18.2,6-4 6-2,3,Q1,,,,,,,,,,,,,,,,,,,,,,,
1977-W-SL-USA-01A-1977,US Open,Clay,97,G,19770831,30,201159,,,Sheila Mcinerney,U,,USA,19.5,201888,,,Marlie Buehler,U,,USA,26.7,6-2 6-0,3,Q1,,,,,,,,,,,,,,,,,,,,,,,
1977-W-SL-USA-01A-1977,US Open,Clay,97,G,19770831,31,200332,,,Amanda Tobin,R,168,AUS,17.2,201955,,,Wendy Burkhart,U,,USA,17.4,6-1 6-3,3,Q1,,,,,,,,,,,,,,,,,,,,,,,
1977-W-SL-USA-01A-1977,US Open,Clay,97,G,19770831,32,201156,,,Stephanie Tolleson,U,,USA,21.4,203868,,,Karen Kennington,U,,USA,,7-5 6-2,3,Q1,,,,,,,,,,,,,,,,,,,,,,,
1977-W-SL-USA-01A-1977,US Open,Clay,97,G,19770831,33,200286,,,Peggy Michel,R,,USA,28.5,200380,,,Nancy Yeargin,R,,USA,22.2,6-2 4-6 6-4,3,Q2,,,,,,,,,,,,,,,,,,,,,,,
1977-W-SL-USA-01A-1977,US Open,Clay,97,G,19770831,34,200909,,,Florence Guedy,U,,FRA,22.7,200379,,,Paula Smith,R,170,USA,20.6,6-2 2-6 6-3,3,Q2,,,,,,,,,,,,,,,,,,,,,,,
1977-W-SL-USA-01A-1977,US Open,Clay,97,G,19770831,35,200934,,,Beatrix Klein,U,,HUN,24.6,200233,,,Chris Matison,R,,AUS,25.8,6-3 6-4,3,Q2,,,,,,,,,,,,,,,,,,,,,,,
1977-W-SL-USA-01A-1977,US Open,Clay,97,G,19770831,36,201255,,,Margaret Riley,U,,USA,24.6,201152,,,Aleida Spex,U,,USA,22.2,6-4 4-6 6-2,3,Q2,,,,,,,,,,,,,,,,,,,,,,,
1977-W-SL-USA-01A-1977,US Open,Clay,97,G,19770831,37,200960,,,Robin Harris,U,,USA,21.3,200953,,,Viviana Gonzalez,R,,ARG,19.3,1-6 6-3 6-1,3,Q2,,,,,,,,,,,,,,,,,,,,,,,
1977-W-SL-USA-01A-1977,US Open,Clay,97,G,19770831,38,200918,,,Robin Tenney,L,,USA,19.3,200349,,,Diane Morrison,U,,USA,19.0,6-3 7-5,3,Q2,,,,,,,,,,,,,,,,,,,,,,,
1977-W-SL-USA-01A-1977,US Open,Clay,97,G,19770831,39,200355,,,Diane Desfor,R,165,USA,22.2,213033,,,Kay Mcdaniel,U,,USA,19.9,6-1 6-3,3,Q2,,,,,,,,,,,,,,,,,,,,,,,
1977-W-SL-USA-01A-1977,US Open,Clay,97,G,19770831,40,200344,,,Barbara Jordan,R,165,USA,20.4,200962,,,Patricia Medrado,U,,BRA,20.7,0-6 6-0 6-3,3,Q2,,,,,,,,,,,,,,,,,,,,,,,
1977-W-SL-USA-01A-1977,US Open,Clay,97,G,19770831,41,200959,,,Mareen Louie Harper,R,,USA,17.0,200296,,,Belinda Thompson,U,,GBR,21.3,6-3 6-4,3,Q2,,,,,,,,,,,,,,,,,,,,,,,
1977-W-SL-USA-01A-1977,US Open,Clay,97,G,19770831,42,200330,,,Sue Saliba,U,,AUS,19.8,203775,,,Gretchen Galt,U,,USA,21.5,6-4 6-4,3,Q2,,,,,,,,,,,,,,,,,,,,,,,
1977-W-SL-USA-01A-1977,US Open,Clay,97,G,19770831,43,200300,,,Sally Greer,U,,USA,22.4,200350,,,Felicia Hutnick,U,,USA,20.1,6-3 6-1,3,Q2,,,,,,,,,,,,,,,,,,,,,,,
1977-W-SL-USA-01A-1977,US Open,Clay,97,G,19770831,44,200760,,,Pauline Elliott,U,,NZL,21.8,200329,,,Mary Sawyer,U,169,AUS,20.2,4-6 6-1 6-4,3,Q2,,,,,,,,,,,,,,,,,,,,,,,
1977-W-SL-USA-01A-1977,US Open,Clay,97,G,19770831,45,200273,,,Nerida Gregory,U,,AUS,21.3,200985,,,Trey Lewis,U,,USA,17.7,3-6 6-2 7-6,3,Q2,,,,,,,,,,,,,,,,,,,,,,,
1977-W-SL-USA-01A-1977,US Open,Clay,97,G,19770831,46,200963,,,Caroline Stoll,R,,USA,16.8,201953,,,Pamela Baily,U,,AUS,18.8,6-3 6-1,3,Q2,,,,,,,,,,,,,,,,,,,,,,,
1977-W-SL-USA-01A-1977,US Open,Clay,97,G,19770831,47,201159,,,Sheila Mcinerney,U,,USA,19.5,200203,,,Vicki Lancaster Kerr,U,,AUS,26.5,6-1 6-0,3,Q2,,,,,,,,,,,,,,,,,,,,,,,
1977-W-SL-USA-01A-1977,US Open,Clay,97,G,19770831,48,200332,,,Amanda Tobin,R,168,AUS,17.2,201156,,,Stephanie Tolleson,U,,USA,21.4,6-3 7-5,3,Q2,,,,,,,,,,,,,,,,,,,,,,,
1977-W-SL-USA-01A-1977,US Open,Clay,97,G,19770831,49,200286,,,Peggy Michel,R,,USA,28.5,200909,,,Florence Guedy,U,,FRA,22.7,6-1 6-2,3,Q3,,,,,,,,,,,,,,,,,,,,,,,
1977-W-SL-USA-01A-1977,US Open,Clay,97,G,19770831,50,201255,,,Margaret Riley,U,,USA,24.6,200934,,,Beatrix Klein,U,,HUN,24.6,6-3 4-6 6-1,3,Q3,,,,,,,,,,,,,,,,,,,,,,,
1977-W-SL-USA-01A-1977,US Open,Clay,97,G,19770831,51,200960,,,Robin Harris,U,,USA,21.3,200918,,,Robin Tenney,L,,USA,19.3,6-4 6-1,3,Q3,,,,,,,,,,,,,,,,,,,,,,,
1977-W-SL-USA-01A-1977,US Open,Clay,97,G,19770831,52,200344,,,Barbara Jordan,R,165,USA,20.4,200355,,,Diane Desfor,R,165,USA,22.2,6-2 6-1,3,Q3,,,,,,,,,,,,,,,,,,,,,,,
1977-W-SL-USA-01A-1977,US Open,Clay,97,G,19770831,53,200959,,,Mareen Louie Harper,R,,USA,17.0,200330,,,Sue Saliba,U,,AUS,19.8,4-6 6-4 6-3,3,Q3,,,,,,,,,,,,,,,,,,,,,,,
1977-W-SL-USA-01A-1977,US Open,Clay,97,G,19770831,54,200760,,,Pauline Elliott,U,,NZL,21.8,200300,,,Sally Greer,U,,USA,22.4,1-6 6-2 6-4,3,Q3,,,,,,,,,,,,,,,,,,,,,,,
1977-W-SL-USA-01A-1977,US Open,Clay,97,G,19770831,55,200963,,,Caroline Stoll,R,,USA,16.8,200273,,,Nerida Gregory,U,,AUS,21.3,6-0 6-1,3,Q3,,,,,,,,,,,,,,,,,,,,,,,
1977-W-SL-USA-01A-1977,US Open,Clay,97,G,19770831,56,201159,,,Sheila Mcinerney,U,,USA,19.5,200332,,,Amanda Tobin,R,168,AUS,17.2,6-1 6-1,3,Q3,,,,,,,,,,,,,,,,,,,,,,,
1977-W-WT-USA-07A-1977,Los Angeles,Hard,32,W,19770214,1,200463,,,Terry Holladay,L,180,USA,21.2,200943,,,Jane Stratton,U,,USA,23.5,6-3 6-1,3,Q1,,,,,,,,,,,,,,,,,,,,,,,
1977-W-WT-USA-07A-1977,Los Angeles,Hard,32,W,19770214,2,200400,,,Kate Latham,R,168,USA,24.3,200243,,,Glynis Coles,R,173,GBR,22.9,6-1 6-0,3,Q1,,,,,,,,,,,,,,,,,,,,,,,
1977-W-WT-USA-01A-1977,Washington DC,Carpet,32,W,19770103,1,200905,,,Mariana Simionescu,R,,ROU,20.1,200896,,,Nancy Ornstein,R,,USA,24.4,6-4 6-3,3,Q1,,,,,,,,,,,,,,,,,,,,,,,
1977-W-WT-USA-02A-1977,Hollywood,Carpet,32,W,19770110,1,200951,,,Mary Struthers,U,,USA,26.4,200879,,,Wendy Overton,U,,USA,29.7,6-1 6-2,3,Q1,,,,,,,,,,,,,,,,,,,,,,,
1977-W-WT-USA-02A-1977,Hollywood,Carpet,32,W,19770110,2,200948,,,Brigette Cuypers,R,169,RSA,21.1,201995,,,Jennifer Balent,U,,USA,16.7,6-4 6-3,3,Q1,,,,,,,,,,,,,,,,,,,,,,,
1977-W-WT-USA-04A-1977,Minneapolis,Carpet,32,W,19770124,1,200879,,,Wendy Overton,U,,USA,29.8,200930,,,Julie Anthony,R,,USA,29.0,6-4 6-4,3,Q1,,,,,,,,,,,,,,,,,,,,,,,
1977-W-WT-USA-04A-1977,Minneapolis,Carpet,32,W,19770124,2,200337,,,Virginia Ruzici,R,173,ROU,21.9,200929,,,Elly Appel,R,,NED,24.4,5-7 6-3 6-4,3,Q1,,,,,,,,,,,,,,,,,,,,,,,
1977-W-WT-USA-05A-1977,Seattle,Carpet,32,W,19770131,1,200952,,,Mary Hamm,U,,USA,22.4,200328,,,Patricia Bostrom,U,,USA,25.1,6-2 6-2,3,Q1,,,,,,,,,,,,,,,,,,,,,,,
1977-W-WT-USA-05A-1977,Seattle,Carpet,32,W,19770131,2,200940,,,Ilana Kloss,L,164,RSA,20.8,200756,,,Bunny Bruning,U,,USA,19.4,6-3 6-2,3,Q1,,,,,,,,,,,,,,,,,,,,,,,
1977-W-WT-USA-06A-1977,Chicago,Carpet,32,W,19770207,1,200952,,,Mary Hamm,U,,USA,22.4,200940,,,Ilana Kloss,L,164,RSA,20.9,6-4 6-1,3,Q1,,,,,,,,,,,,,,,,,,,,,,,
1977-W-WT-USA-06A-1977,Chicago,Carpet,32,W,19770207,2,200930,,,Julie Anthony,R,,USA,29.0,200756,,,Bunny Bruning,U,,USA,19.4,6-4 6-3,3,Q1,,,,,,,,,,,,,,,,,,,,,,,
1977-W-WT-USA-08A-1977,Detroit,Carpet,32,W,19770222,1,200410,,,Yvonne Vermaak,R,156,RSA,20.1,201955,,,Wendy Burkhart,U,,USA,16.9,7-5 6-2,3,Q1,,,,,,,,,,,,,,,,,,,,,,,
1977-W-WT-USA-08A-1977,Detroit,Carpet,32,W,19770222,2,200333,,,Betsy Nagelsen,R,175,USA,20.3,200265,,,Lindsey Beaven,R,,GBR,27.1,6-4 4-6 6-3,3,Q1,,,,,,,,,,,,,,,,,,,,,,,
1977-W-WT-USA-09A-1977,San Francisco,Carpet,32,W,19770228,1,200275,,,Ann Kiyomura Hayashi,R,,USA,21.5,200298,,,Laura Dupont,R,,USA,27.8,6-3 6-1,3,Q1,,,,,,,,,,,,,,,,,,,,,,,
1977-W-WT-USA-09A-1977,San Francisco,Carpet,32,W,19770228,2,200951,,,Mary Struthers,U,,USA,26.6,200905,,,Mariana Simionescu,R,,ROU,20.2,W/O,3,Q1,,,,,,,,,,,,,,,,,,,,,,,
1977-W-WT-USA-11A-1977,Dallas,Carpet,32,W,19770307,1,200967,,,Zenda Liess,U,,USA,17.2,201156,,,Stephanie Tolleson,U,,USA,20.9,6-4 2-6 7-5,3,Q1,,,,,,,,,,,,,,,,,,,,,,,
1977-W-WT-USA-11A-1977,Dallas,Carpet,32,W,19770307,2,200911,,,Linky Boshoff,R,,RSA,20.3,201761,,,Annette Smith,U,,AUS,17.6,6-2 6-4,3,Q1,,,,,,,,,,,,,,,,,,,,,,,
1977-W-WT-USA-03A-1977,Houston,Carpet,32,W,19770117,201,200940,,,Ilana Kloss,L,164,RSA,20.8,216637,,,Carrie Fleming,U,,USA,19.2,6-2 6-4,3,Q1,,,,,,,,,,,,,,,,,,,,,,,
1977-W-WT-USA-03A-1977,Houston,Carpet,32,W,19770117,202,200320,,,Renata Tomanova,R,168,GER,22.1,200146,,,Cynthia Doerner,R,168,AUS,25.9,6-4 6-4,3,Q1,,,,,,,,,,,,,,,,,,,,,,,
1977-W-SL-FRA-01A-1977,Roland Garros,Clay,64,G,19770523,68,200363,,,Hana Strachonova,R,165,SUI,16.3,203714,,,Marketa Wallenfels,U,,FRG,33.1,7-6 6-7 6-1,3,Q4,,,,,,,,,,,,,,,,,,,,,,,
1977-W-SL-FRA-01A-1977,Roland Garros,Clay,64,G,19770523,69,200954,,,Claudia Casabianca,U,,ARG,17.1,200919,,,Elvira Weisenberger,R,,ARG,27.4,7-6 7-5,3,Q4,,,,,,,,,,,,,,,,,,,,,,,
1977-W-SL-FRA-01A-1977,Roland Garros,Clay,64,G,19770523,70,200907,,,Carmen Perea Alcala,U,,ESP,25.0,202174,,,Cynthia Ann Thomas,U,,USA,24.5,6-2 4-6 6-2,3,Q4,,,,,,,,,,,,,,,,,,,,,,,
1977-W-SL-FRA-01A-1977,Roland Garros,Clay,64,G,19770523,71,200953,,,Viviana Gonzalez,R,,ARG,19.0,200755,,,Daniela Marzano,U,,ITA,26.9,6-4 6-4,3,Q4,,,,,,,,,,,,,,,,,,,,,,,
1977-W-SL-FRA-01A-1977,Roland Garros,Clay,64,G,19770523,72,200946,,,Sylvie Rual,U,,FRA,24.3,200447,,,Adriana Villagran Reami,U,,ARG,20.7,6-4 6-4,3,Q4,,,,,,,,,,,,,,,,,,,,,,,
1977-W-SL-FRA-01A-1977,Roland Garros,Clay,64,G,19770523,73,200880,,,Kimiyo Yagahara,U,,JPN,33.1,200937,,,Susana Maria Villaverde,U,,ARG,22.2,6-1 6-3,3,Q4,,,,,,,,,,,,,,,,,,,,,,,
1977-W-SL-FRA-01A-1977,Roland Garros,Clay,64,G,19770523,74,200926,,,Donna Ganz,U,157,USA,22.5,200256,,,Chris Oneil,R,175,AUS,21.1,7-6 6-1,3,Q4,,,,,,,,,,,,,,,,,,,,,,,
1977-W-SL-FRA-01A-1977,Roland Garros,Clay,64,G,19770523,75,200949,,,Silvana Urroz,U,,CHI,22.2,200252,,,Monique Van Haver,U,,BEL,28.7,6-2 6-2,3,Q4,,,,,,,,,,,,,,,,,,,,,,,
1977-1005-1977,Hamburg,Clay,32,W,19770509,201,200952,,,Mary Hamm,U,,USA,22.6,200803,,,Raquel Giscafre,U,,ARG,27.9,6-3 6-2,3,Q1,,,,,,,,,,,,,,,,,,,,,,,
1977-1005-1977,Hamburg,Clay,32,W,19770509,202,200281,,,Jackie Fayter,U,,GBR,25.9,200143,,,Kathleen Harter,R,,USA,30.5,6-2 6-4,3,Q1,,,,,,,,,,,,,,,,,,,,,,,
1977-1005-1977,Hamburg,Clay,32,W,19770509,203,200936,,,Iris Riedel Kuhn,R,,FRG,23.1,200756,,,Bunny Bruning,U,,USA,19.6,6-1 6-4,3,Q1,,,,,,,,,,,,,,,,,,,,,,,
1977-1005-1977,Hamburg,Clay,32,W,19770509,204,200884,,,Marijke Jansen,U,,NED,32.4,200146,,,Cynthia Doerner,R,168,AUS,26.2,7-6 4-6 7-5,3,Q1,,,,,,,,,,,,,,,,,,,,,,,
1977-1005-1977,Hamburg,Clay,32,W,19770509,205,200956,,,Carrie Meyer,R,,USA,21.7,200238,,LL,Nathalie Fuchs,R,,FRA,24.6,6-7 6-4 6-2,3,Q1,,,,,,,,,,,,,,,,,,,,,,,
1977-1005-1977,Hamburg,Clay,32,W,19770509,206,200184,,,Helen Gourlay,R,166,AUS,30.3,200911,,,Linky Boshoff,R,,RSA,20.4,4-6 7-5 6-3,3,Q1,,,,,,,,,,,,,,,,,,,,,,,
1977-1034,San Antonio,Hard,,W,19770320,201,200894,,,Isabel Fernandez De Soto,U,,COL,26.5,224777,,,Ann Schneider,U,,USA,,6-2 6-0,3,Q1,,,,,,,,,,,,,,,,,,,,,,,
1977-1034,San Antonio,Hard,,W,19770320,202,200273,,,Nerida Gregory,U,,AUS,20.8,201152,,,Aleida Spex,U,,USA,21.7,6-4 6-2,3,Q1,,,,,,,,,,,,,,,,,,,,,,,
1977-1034,San Antonio,Hard,,W,19770320,203,200299,,,Kaye Hallam,U,,AUS,19.9,223605,,,Shelley Hudson,U,,USA,,6-4 7-5,3,Q1,,,,,,,,,,,,,,,,,,,,,,,
1977-1034,San Antonio,Hard,,W,19770320,204,200335,,,Judy Chaloner,U,,NZL,23.3,223499,,,Robin Kahn,U,,USA,,6-0 6-2,3,Q1,,,,,,,,,,,,,,,,,,,,,,,
1977-1034,San Antonio,Hard,,W,19770320,205,201255,,,Margaret Riley,U,,USA,24.2,224778,,,Holly Weltendorf,U,,USA,,6-1 6-0,3,Q1,,,,,,,,,,,,,,,,,,,,,,,
1977-1034,San Antonio,Hard,,W,19770320,206,200411,,,Jane Preyer,U,,USA,23.2,224779,,,Stacy Bowman,U,,USA,,6-3 6-3,3,Q1,,,,,,,,,,,,,,,,,,,,,,,
1977-1034,San Antonio,Hard,,W,19770320,207,200378,,,Anne Smith,R,165,USA,17.7,201261,,,Lisa Doherty,U,,USA,18.0,6-3 6-1,3,Q1,,,,,,,,,,,,,,,,,,,,,,,
1977-1034,San Antonio,Hard,,W,19770320,208,200758,,,Rayni Fox,R,163,USA,20.8,201888,,,Marlie Buehler,U,,USA,26.3,6-4 7-5,3,Q1,,,,,,,,,,,,,,,,,,,,,,,
1977-1069,Stuttgart,Clay,,W,19770804,201,223574,,,Birgit Portscheller,U,,GER,,224814,,, Pryor,U,,GER,,6-3 6-0,3,Q1,,,,,,,,,,,,,,,,,,,,,,,
1977-1069,Stuttgart,Clay,,W,19770804,202,200949,,,Silvana Urroz,U,,CHI,22.4,203705,,,Susanne Korpas,U,,GER,,6-3 7-6,3,Q1,,,,,,,,,,,,,,,,,,,,,,,
1977-1069,Stuttgart,Clay,,W,19770804,203,224815,,, Daksa,U,,GER,,224816,,, Britsch,U,,GER,,6-3 6-1,3,Q1,,,,,,,,,,,,,,,,,,,,,,,
1977-1007-1977,Edinburgh,Grass,32,W,19770612,201,200939,,,Alison Mcmillan,U,,RSA,,200334,,,Sabina Simmonds,R,170,ITA,17.1,4-6 8-6 8-6,3,Q1,,,,,,,,,,,,,,,,,,,,,,,
1977-1007-1977,Edinburgh,Grass,32,W,19770612,202,200955,,,Mary Carillo,L,183,USA,20.2,200234,,,Pam Whytcross,U,,AUS,23.5,6-0 6-3,3,Q1,,,,,,,,,,,,,,,,,,,,,,,
1977-1007-1977,Edinburgh,Grass,32,W,19770612,203,200397,,,Tracy Austin,R,165,USA,14.4,200255,,,Lesley Charles,U,,GBR,24.9,6-4 9-7,3,Q1,,,,,,,,,,,,,,,,,,,,,,,
1977-1007-1977,Edinburgh,Grass,32,W,19770612,204,200288,,,Sue Mappin,R,,GBR,29.9,200951,,,Mary Struthers,U,,USA,26.8,6-0 6-3,3,Q1,,,,,,,,,,,,,,,,,,,,,,,
1977-1007-1977,Edinburgh,Grass,32,W,19770612,205,200383,,,Anne Hobbs,R,167,GBR,17.8,200146,,,Cynthia Doerner,R,168,AUS,26.3,W/O,3,Q1,,,,,,,,,,,,,,,,,,,,,,,
1977-1007-1977,Edinburgh,Grass,32,W,19770612,206,200862,,,Valerie Ziegenfuss,R,173,USA,27.9,201157,,,Susan Hagey,R,,USA,25.4,W/O,3,Q1,,,,,,,,,,,,,,,,,,,,,,,
1977-1007-1977,Edinburgh,Grass,32,W,19770612,207,200369,,,Candy Reynolds,R,173,USA,22.2,200184,,,Helen Gourlay,R,166,AUS,30.4,W/O,3,Q1,,,,,,,,,,,,,,,,,,,,,,,
1977-1007-1977,Edinburgh,Grass,32,W,19770612,208,200756,,,Bunny Bruning,U,,USA,19.7,200265,,,Lindsey Beaven,R,,GBR,27.4,W/O,3,Q1,,,,,,,,,,,,,,,,,,,,,,,
1977-1007-1977,Edinburgh,Grass,32,W,19770612,209,200337,,,Virginia Ruzici,R,173,ROU,22.3,200952,,,Mary Hamm,U,,USA,22.7,6-3 6-0,3,Q1,,,,,,,,,,,,,,,,,,,,,,,
1977-1007-1977,Edinburgh,Grass,32,W,19770612,210,200318,,,Michelle Tyler,U,,GBR,18.9,224119,,,Sheila Moodie,U,,GBR,,6-1 6-2,3,Q1,,,,,,,,,,,,,,,,,,,,,,,
1977-1007-1977,Edinburgh,Grass,32,W,19770612,211,200353,,,Lele Forood,U,,USA,20.7,224799,,,Ruth Pullar Lothian,U,,GBR,,6-3 6-4,3,Q1,,,,,,,,,,,,,,,,,,,,,,,
1977-1007-1977,Edinburgh,Grass,32,W,19770612,212,200333,,,Betsy Nagelsen,R,175,USA,20.6,200328,,,Patricia Bostrom,U,,USA,25.5,6-4 6-4,3,Q1,,,,,,,,,,,,,,,,,,,,,,,
1977-1007-1977,Edinburgh,Grass,32,W,19770612,213,224386,,,Judy Erskine,U,,GBR,17.7,228540,,,J Menzies,U,,GBR,,6-1 6-2,3,Q1,,,,,,,,,,,,,,,,,,,,,,,
1977-1007-1977,Edinburgh,Grass,32,W,19770612,214,200143,,,Kathleen Harter,R,,USA,30.6,200909,,,Florence Guedy,U,,FRA,22.5,6-4 6-0,3,Q1,,,,,,,,,,,,,,,,,,,,,,,
1977-1007-1977,Edinburgh,Grass,32,W,19770612,215,200410,,,Yvonne Vermaak,R,156,RSA,20.4,200281,,,Jackie Fayter,U,,GBR,26.0,W/O,3,Q1,,,,,,,,,,,,,,,,,,,,,,,
1977-1007-1977,Edinburgh,Grass,32,W,19770612,216,200956,,,Carrie Meyer,R,,USA,21.8,200935,,,Florenta Mihai,R,165,ROU,21.7,W/O,3,Q1,,,,,,,,,,,,,,,,,,,,,,,
1977-1007-1977,Edinburgh,Grass,32,W,19770612,217,200955,,,Mary Carillo,L,183,USA,20.2,200939,,,Alison Mcmillan,U,,RSA,,9-7 3-6 8-6,3,Q2,,,,,,,,,,,,,,,,,,,,,,,
1977-1007-1977,Edinburgh,Grass,32,W,19770612,218,200288,,,Sue Mappin,R,,GBR,29.9,200397,,,Tracy Austin,R,165,USA,14.4,7-5 4-6 6-2,3,Q2,,,,,,,,,,,,,,,,,,,,,,,
1977-1007-1977,Edinburgh,Grass,32,W,19770612,219,200383,,,Anne Hobbs,R,167,GBR,17.8,200862,,,Valerie Ziegenfuss,R,173,USA,27.9,6-4 6-4,3,Q2,,,,,,,,,,,,,,,,,,,,,,,
1977-1007-1977,Edinburgh,Grass,32,W,19770612,220,200369,,,Candy Reynolds,R,173,USA,22.2,200756,,,Bunny Bruning,U,,USA,19.7,5-7 6-3 6-4,3,Q2,,,,,,,,,,,,,,,,,,,,,,,
1977-1007-1977,Edinburgh,Grass,32,W,19770612,221,200337,,,Virginia Ruzici,R,173,ROU,22.3,200318,,,Michelle Tyler,U,,GBR,18.9,6-1 9-7,3,Q2,,,,,,,,,,,,,,,,,,,,,,,
1977-1007-1977,Edinburgh,Grass,32,W,19770612,222,200333,,,Betsy Nagelsen,R,175,USA,20.6,200353,,,Lele Forood,U,,USA,20.7,6-2 6-2,3,Q2,,,,,,,,,,,,,,,,,,,,,,,
1977-1007-1977,Edinburgh,Grass,32,W,19770612,223,200143,,,Kathleen Harter,R,,USA,30.6,224386,,,Judy Erskine,U,,GBR,17.7,6-1 6-2,3,Q2,,,,,,,,,,,,,,,,,,,,,,,
1977-1007-1977,Edinburgh,Grass,32,W,19770612,224,200956,,,Carrie Meyer,R,,USA,21.8,200410,,,Yvonne Vermaak,R,156,RSA,20.4,6-4 6-2,3,Q2,,,,,,,,,,,,,,,,,,,,,,,
1977-1007-1977,Edinburgh,Grass,32,W,19770612,225,200288,,,Sue Mappin,R,,GBR,29.9,200955,,,Mary Carillo,L,183,USA,20.2,6-1 6-2,3,Q3,,,,,,,,,,,,,,,,,,,,,,,
1977-1007-1977,Edinburgh,Grass,32,W,19770612,226,200369,,,Candy Reynolds,R,173,USA,22.2,200383,,,Anne Hobbs,R,167,GBR,17.8,6-4 4-6 9-7,3,Q3,,,,,,,,,,,,,,,,,,,,,,,
1977-1007-1977,Edinburgh,Grass,32,W,19770612,227,200333,,,Betsy Nagelsen,R,175,USA,20.6,200337,,,Virginia Ruzici,R,173,ROU,22.3,6-3 6-4,3,Q3,,,,,,,,,,,,,,,,,,,,,,,
1977-1007-1977,Edinburgh,Grass,32,W,19770612,228,200143,,,Kathleen Harter,R,,USA,30.6,200956,,,Carrie Meyer,R,,USA,21.8,6-2 8-6 6-4,3,Q3,,,,,,,,,,,,,,,,,,,,,,,
1977-1007-1977,Edinburgh,Grass,32,W,19770612,229,200288,,,Sue Mappin,R,,GBR,29.9,200369,,,Candy Reynolds,R,173,USA,22.2,6-4 6-4,3,Q4,,,,,,,,,,,,,,,,,,,,,,,
1977-1007-1977,Edinburgh,Grass,32,W,19770612,230,200333,,,Betsy Nagelsen,R,175,USA,20.6,200143,,,Kathleen Harter,R,,USA,30.6,6-2 6-4,3,Q4,,,,,,,,,,,,,,,,,,,,,,,
1977-W-SL-GBR-01A-1977,Wimbledon,Grass,96,G,19770620,201,200378,,,Anne Smith,R,165,USA,17.9,200962,,,Patricia Medrado,U,,BRA,20.5,6-1 7-5,3,Q1,,,,,,,,,,,,,,,,,,,,,,,
1977-W-SL-GBR-01A-1977,Wimbledon,Grass,96,G,19770620,202,200763,,,Cathy Drury,R,,GBR,17.2,200336,,,Keryn Pratt,U,,AUS,18.0,6-4 6-3,3,Q1,,,,,,,,,,,,,,,,,,,,,,,
1977-W-SL-GBR-01A-1977,Wimbledon,Grass,96,G,19770620,203,200755,,,Daniela Marzano,U,,ITA,27.0,200308,,,Kym Ruddell,U,,AUS,21.9,6-4 3-6 8-6,3,Q1,,,,,,,,,,,,,,,,,,,,,,,
1977-W-SL-GBR-01A-1977,Wimbledon,Grass,96,G,19770620,204,224421,,,Julie Harrison,U,,GBR,,201151,,,Mary Mclean,U,,USA,31.7,6-3 6-3,3,Q1,,,,,,,,,,,,,,,,,,,,,,,
1977-W-SL-GBR-01A-1977,Wimbledon,Grass,96,G,19770620,205,200315,,,Nina Bohm,R,,SWE,19.1,201146,,,Annette Coe,L,,GBR,23.2,6-8 6-0 6-4,3,Q1,,,,,,,,,,,,,,,,,,,,,,,
1977-W-SL-GBR-01A-1977,Wimbledon,Grass,96,G,19770620,206,201157,,,Susan Hagey,R,,USA,25.4,200299,,,Kaye Hallam,U,,AUS,20.2,6-3 6-2,3,Q1,,,,,,,,,,,,,,,,,,,,,,,
1977-W-SL-GBR-01A-1977,Wimbledon,Grass,96,G,19770620,207,200922,,,Laurie Tenney,U,,USA,21.6,201935,,,Monica Simmen,U,,SUI,18.9,6-2 6-0,3,Q1,,,,,,,,,,,,,,,,,,,,,,,
1977-W-SL-GBR-01A-1977,Wimbledon,Grass,96,G,19770620,208,200924,,,Penny Moor,L,,GBR,25.9,200273,,,Nerida Gregory,U,,AUS,21.1,6-3 7-5,3,Q1,,,,,,,,,,,,,,,,,,,,,,,
1977-W-SL-GBR-01A-1977,Wimbledon,Grass,96,G,19770620,209,200958,,,Helle Sparre,U,,DEN,20.9,200291,,,Dianne Evers,R,,AUS,20.6,4-6 6-2 6-4,3,Q1,,,,,,,,,,,,,,,,,,,,,,,
1977-W-SL-GBR-01A-1977,Wimbledon,Grass,96,G,19770620,210,200256,,,Chris Oneil,R,175,AUS,21.2,201871,,,Kate Glancy,L,,CAN,17.2,6-1 6-3,3,Q1,,,,,,,,,,,,,,,,,,,,,,,
1977-W-SL-GBR-01A-1977,Wimbledon,Grass,96,G,19770620,211,200238,,,Nathalie Fuchs,R,,FRA,24.7,228541,,, Cane,U,,USA,,7-5 3-6 6-3,3,Q1,,,,,,,,,,,,,,,,,,,,,,,
1977-W-SL-GBR-01A-1977,Wimbledon,Grass,96,G,19770620,212,200758,,,Rayni Fox,R,163,USA,21.0,200306,,,Jan Wilton,U,,AUS,20.1,6-4 6-4,3,Q1,,,,,,,,,,,,,,,,,,,,,,,
1977-W-SL-GBR-01A-1977,Wimbledon,Grass,96,G,19770620,213,200312,,,Frederique Thibault,U,,FRA,23.0,200954,,,Claudia Casabianca,U,,ARG,17.2,6-4 6-1,3,Q1,,,,,,,,,,,,,,,,,,,,,,,
1977-W-SL-GBR-01A-1977,Wimbledon,Grass,96,G,19770620,214,200342,,,Chris Newton,U,181,NZL,21.3,200923,,,Maria Victoria Baldovinos Cibeira,U,,ESP,24.3,6-4 6-4,3,Q1,,,,,,,,,,,,,,,,,,,,,,,
1977-W-SL-GBR-01A-1977,Wimbledon,Grass,96,G,19770620,215,201152,,,Aleida Spex,U,,USA,22.0,201974,,,Mary Ann Colville,U,,USA,21.1,6-1 6-0,3,Q1,,,,,,,,,,,,,,,,,,,,,,,
1977-W-SL-GBR-01A-1977,Wimbledon,Grass,96,G,19770620,216,200919,,,Elvira Weisenberger,R,,ARG,27.4,223550,,,J Cary,U,,AUS,,6-4 8-6,3,Q1,,,,,,,,,,,,,,,,,,,,,,,
1977-W-SL-GBR-01A-1977,Wimbledon,Grass,96,G,19770620,217,200214,,,Christina Sandberg,R,,SWE,29.4,200335,,,Judy Chaloner,U,,NZL,23.5,6-4 6-2,3,Q1,,,,,,,,,,,,,,,,,,,,,,,
1977-W-SL-GBR-01A-1977,Wimbledon,Grass,96,G,19770620,218,200394,,,Marjorie Blackwood,R,,CAN,20.1,200984,,,Deborah Jevans,U,,GBR,17.0,6-1 6-3,3,Q1,,,,,,,,,,,,,,,,,,,,,,,
1977-W-SL-GBR-01A-1977,Wimbledon,Grass,96,G,19770620,219,201155,,,Erin Dignam,U,,USA,21.9,200953,,,Viviana Gonzalez,R,,ARG,19.1,6-2 2-6 7-5,3,Q1,,,,,,,,,,,,,,,,,,,,,,,
1977-W-SL-GBR-01A-1977,Wimbledon,Grass,96,G,19770620,220,200264,,,Helena Anliot,R,168,SWE,20.7,201257,,,Carol Baily,U,,USA,26.6,6-3 6-2,3,Q1,,,,,,,,,,,,,,,,,,,,,,,
1977-W-SL-GBR-01A-1977,Wimbledon,Grass,96,G,19770620,221,200271,,,Margareta Strandberg,U,,SWE,26.2,201162,,,Linda Geeves,U,,GBR,22.9,6-3 6-4,3,Q1,,,,,,,,,,,,,,,,,,,,,,,
1977-W-SL-GBR-01A-1977,Wimbledon,Grass,96,G,19770620,222,200233,,,Chris Matison,R,,AUS,25.6,202174,,,Cynthia Ann Thomas,U,,USA,24.5,6-4 6-1,3,Q1,,,,,,,,,,,,,,,,,,,,,,,
1977-W-SL-GBR-01A-1977,Wimbledon,Grass,96,G,19770620,223,200803,,,Raquel Giscafre,U,,ARG,28.0,223495,,,Vera Komar,U,,CAN,,6-0 6-1,3,Q1,,,,,,,,,,,,,,,,,,,,,,,
1977-W-SL-GBR-01A-1977,Wimbledon,Grass,96,G,19770620,224,201765,,,Brenda Perry,U,,NZL,19.7,200363,,,Hana Strachonova,R,165,SUI,16.4,9-8 6-2,3,Q1,,,,,,,,,,,,,,,,,,,,,,,
1977-W-SL-GBR-01A-1977,Wimbledon,Grass,96,G,19770620,225,200928,,,Paulina Peisachov,U,,ISR,27.1,201996,,,Clare Harrison,U,,GBR,18.0,6-4 7-5,3,Q1,,,,,,,,,,,,,,,,,,,,,,,
1977-W-SL-GBR-01A-1977,Wimbledon,Grass,96,G,19770620,226,200378,,,Anne Smith,R,165,USA,17.9,200763,,,Cathy Drury,R,,GBR,17.2,6-3 6-1,3,Q2,,,,,,,,,,,,,,,,,,,,,,,
1977-W-SL-GBR-01A-1977,Wimbledon,Grass,96,G,19770620,227,200755,,,Daniela Marzano,U,,ITA,27.0,203734,,,Yolanda Sumarno,U,,INA,30.8,6-2 6-0,3,Q2,,,,,,,,,,,,,,,,,,,,,,,
1977-W-SL-GBR-01A-1977,Wimbledon,Grass,96,G,19770620,228,200315,,,Nina Bohm,R,,SWE,19.1,224421,,,Julie Harrison,U,,GBR,,9-8 6-2,3,Q2,,,,,,,,,,,,,,,,,,,,,,,
1977-W-SL-GBR-01A-1977,Wimbledon,Grass,96,G,19770620,229,201157,,,Susan Hagey,R,,USA,25.4,200760,,,Pauline Elliott,U,,NZL,21.6,2-6 6-2 6-2,3,Q2,,,,,,,,,,,,,,,,,,,,,,,
1977-W-SL-GBR-01A-1977,Wimbledon,Grass,96,G,19770620,230,200922,,,Laurie Tenney,U,,USA,21.6,200924,,,Penny Moor,L,,GBR,25.9,6-1 5-7 6-2,3,Q2,,,,,,,,,,,,,,,,,,,,,,,
1977-W-SL-GBR-01A-1977,Wimbledon,Grass,96,G,19770620,231,200958,,,Helle Sparre,U,,DEN,20.9,200949,,,Silvana Urroz,U,,CHI,22.3,6-2 6-2,3,Q2,,,,,,,,,,,,,,,,,,,,,,,
1977-W-SL-GBR-01A-1977,Wimbledon,Grass,96,G,19770620,232,200256,,,Chris Oneil,R,175,AUS,21.2,200238,,,Nathalie Fuchs,R,,FRA,24.7,6-1 6-1,3,Q2,,,,,,,,,,,,,,,,,,,,,,,
1977-W-SL-GBR-01A-1977,Wimbledon,Grass,96,G,19770620,233,200758,,,Rayni Fox,R,163,USA,21.0,200312,,,Frederique Thibault,U,,FRA,23.0,6-4 6-4,3,Q2,,,,,,,,,,,,,,,,,,,,,,,
1977-W-SL-GBR-01A-1977,Wimbledon,Grass,96,G,19770620,234,200342,,,Chris Newton,U,181,NZL,21.3,203863,,,Beverly Buckley,U,,USA,24.4,6-1 2-6 6-3,3,Q2,,,,,,,,,,,,,,,,,,,,,,,
1977-W-SL-GBR-01A-1977,Wimbledon,Grass,96,G,19770620,235,201152,,,Aleida Spex,U,,USA,22.0,200919,,,Elvira Weisenberger,R,,ARG,27.4,6-1 7-5,3,Q2,,,,,,,,,,,,,,,,,,,,,,,
1977-W-SL-GBR-01A-1977,Wimbledon,Grass,96,G,19770620,236,200214,,,Christina Sandberg,R,,SWE,29.4,200394,,,Marjorie Blackwood,R,,CAN,20.1,6-4 7-5,3,Q2,,,,,,,,,,,,,,,,,,,,,,,
1977-W-SL-GBR-01A-1977,Wimbledon,Grass,96,G,19770620,237,201155,,,Erin Dignam,U,,USA,21.9,224769,,,Charlotte Leatham,U,,GBR,,6-3 8-6,3,Q2,,,,,,,,,,,,,,,,,,,,,,,
1977-W-SL-GBR-01A-1977,Wimbledon,Grass,96,G,19770620,238,200264,,,Helena Anliot,R,168,SWE,20.7,224385,,,Sally Chapman,U,,GBR,,6-3 6-3,3,Q2,,,,,,,,,,,,,,,,,,,,,,,
1977-W-SL-GBR-01A-1977,Wimbledon,Grass,96,G,19770620,239,200233,,,Chris Matison,R,,AUS,25.6,200271,,,Margareta Strandberg,U,,SWE,26.2,6-4 6-2,3,Q2,,,,,,,,,,,,,,,,,,,,,,,
1977-W-SL-GBR-01A-1977,Wimbledon,Grass,96,G,19770620,240,200803,,,Raquel Giscafre,U,,ARG,28.0,201765,,,Brenda Perry,U,,NZL,19.7,6-0 6-1,3,Q2,,,,,,,,,,,,,,,,,,,,,,,
1977-W-SL-GBR-01A-1977,Wimbledon,Grass,96,G,19770620,241,200928,,,Paulina Peisachov,U,,ISR,27.1,200329,,,Mary Sawyer,U,169,AUS,20.0,6-0 6-2,3,Q2,,,,,,,,,,,,,,,,,,,,,,,
1977-W-SL-GBR-01A-1977,Wimbledon,Grass,96,G,19770620,242,200378,,,Anne Smith,R,165,USA,17.9,200755,,,Daniela Marzano,U,,ITA,27.0,6-3 6-2,3,Q3,,,,,,,,,,,,,,,,,,,,,,,
1977-W-SL-GBR-01A-1977,Wimbledon,Grass,96,G,19770620,243,200315,,,Nina Bohm,R,,SWE,19.1,201157,,,Susan Hagey,R,,USA,25.4,6-4 6-2,3,Q3,,,,,,,,,,,,,,,,,,,,,,,
1977-W-SL-GBR-01A-1977,Wimbledon,Grass,96,G,19770620,244,200958,,,Helle Sparre,U,,DEN,20.9,200922,,,Laurie Tenney,U,,USA,21.6,6-3 6-1,3,Q3,,,,,,,,,,,,,,,,,,,,,,,
1977-W-SL-GBR-01A-1977,Wimbledon,Grass,96,G,19770620,245,200758,,,Rayni Fox,R,163,USA,21.0,200256,,,Chris Oneil,R,175,AUS,21.2,6-1 6-3,3,Q3,,,,,,,,,,,,,,,,,,,,,,,
1977-W-SL-GBR-01A-1977,Wimbledon,Grass,96,G,19770620,246,201152,,,Aleida Spex,U,,USA,22.0,200342,,,Chris Newton,U,181,NZL,21.3,6-2 6-3,3,Q3,,,,,,,,,,,,,,,,,,,,,,,
1977-W-SL-GBR-01A-1977,Wimbledon,Grass,96,G,19770620,247,201155,,,Erin Dignam,U,,USA,21.9,200214,,,Christina Sandberg,R,,SWE,29.4,6-4 6-0,3,Q3,,,,,,,,,,,,,,,,,,,,,,,
1977-W-SL-GBR-01A-1977,Wimbledon,Grass,96,G,19770620,248,200233,,,Chris Matison,R,,AUS,25.6,200264,,,Helena Anliot,R,168,SWE,20.7,6-4 6-0,3,Q3,,,,,,,,,,,,,,,,,,,,,,,
1977-W-SL-GBR-01A-1977,Wimbledon,Grass,96,G,19770620,249,200928,,,Paulina Peisachov,U,,ISR,27.1,200803,,,Raquel Giscafre,U,,ARG,28.0,6-3 6-1,3,Q3,,,,,,,,,,,,,,,,,,,,,,,
1977-W-WT-JPN-01A-1977,Tokyo Sillook,Hard,16,W,19770912,201,200318,,,Michelle Tyler,U,,GBR,19.1,200333,,,Betsy Nagelsen,R,175,USA,20.8,6-3 7-6,3,Q1,,,,,,,,,,,,,,,,,,,,,,,
1977-W-WT-JPN-01A-1977,Tokyo Sillook,Hard,16,W,19770912,202,200185,,,Lesley Hunt,R,168,AUS,27.2,223660,,,Kimiyo Hatanaka,U,,JPN,,6-0 6-1,3,Q1,,,,,,,,,,,,,,,,,,,,,,,
1977-W-WT-JPN-01A-1977,Tokyo Sillook,Hard,16,W,19770912,203,200948,,,Brigette Cuypers,R,169,RSA,21.7,200328,,,Patricia Bostrom,U,,USA,25.7,7-6 6-4,3,Q1,,,,,,,,,,,,,,,,,,,,,,,
1977-W-WT-JPN-01A-1977,Tokyo Sillook,Hard,16,W,19770912,204,200226,,,Mona Guerrant,U,,USA,28.7,200275,,,Ann Kiyomura Hayashi,R,,USA,22.0,6-7 6-3 6-3,3,Q1,,,,,,,,,,,,,,,,,,,,,,,
1977-W-WT-JPN-01A-1977,Tokyo Sillook,Hard,16,W,19770912,205,200956,,,Carrie Meyer,R,,USA,22.0,200756,,,Bunny Bruning,U,,USA,20.0,6-3 7-5,3,Q1,,,,,,,,,,,,,,,,,,,,,,,
1977-W-WT-JPN-01A-1977,Tokyo Sillook,Hard,16,W,19770912,206,200358,,,Marcie Louie,R,,USA,24.0,200143,,,Kathleen Harter,R,,USA,30.8,7-6 4-6 6-4,3,Q1,,,,,,,,,,,,,,,,,,,,,,,
1977-W-WT-JPN-01A-1977,Tokyo Sillook,Hard,16,W,19770912,207,200952,,,Mary Hamm,U,,USA,23.0,200223,,,Sharon Walsh Pete,R,174,USA,25.5,7-6 6-1,3,Q1,,,,,,,,,,,,,,,,,,,,,,,
1977-W-WT-JPN-01A-1977,Tokyo Sillook,Hard,16,W,19770912,208,200337,,,Virginia Ruzici,R,173,ROU,22.6,200951,,,Mary Struthers,U,,USA,27.1,6-7 7-6 6-4,3,Q1,,,,,,,,,,,,,,,,,,,,,,,
1977-W-WT-JPN-01A-1977,Tokyo Sillook,Hard,16,W,19770912,209,200318,,,Michelle Tyler,U,,GBR,19.1,200185,,,Lesley Hunt,R,168,AUS,27.2,4-6 6-1 6-1,3,Q2,,,,,,,,,,,,,,,,,,,,,,,
1977-W-WT-JPN-01A-1977,Tokyo Sillook,Hard,16,W,19770912,210,200948,,,Brigette Cuypers,R,169,RSA,21.7,200226,,,Mona Guerrant,U,,USA,28.7,7-6 6-3,3,Q2,,,,,,,,,,,,,,,,,,,,,,,
1977-W-WT-JPN-01A-1977,Tokyo Sillook,Hard,16,W,19770912,211,200956,,,Carrie Meyer,R,,USA,22.0,200358,,,Marcie Louie,R,,USA,24.0,6-1 6-4,3,Q2,,,,,,,,,,,,,,,,,,,,,,,
1977-W-WT-JPN-01A-1977,Tokyo Sillook,Hard,16,W,19770912,212,200337,,,Virginia Ruzici,R,173,ROU,22.6,200952,,,Mary Hamm,U,,USA,23.0,7-5 3-6 6-3,3,Q2,,,,,,,,,,,,,,,,,,,,,,,
1977-W-WT-JPN-01A-1977,Tokyo Sillook,Hard,16,W,19770912,213,200318,,,Michelle Tyler,U,,GBR,19.1,200948,,,Brigette Cuypers,R,169,RSA,21.7,5-7 7-6 6-2,3,Q3,,,,,,,,,,,,,,,,,,,,,,,
1977-W-WT-JPN-01A-1977,Tokyo Sillook,Hard,16,W,19770912,214,200956,,,Carrie Meyer,R,,USA,22.0,200337,,,Virginia Ruzici,R,173,ROU,22.6,6-3 6-3,3,Q3,,,,,,,,,,,,,,,,,,,,,,,
1977-W-WT-USA-13A-1977,Atlanta,Carpet,32,W,19771003,201,200333,,,Betsy Nagelsen,R,175,USA,20.9,201152,,,Aleida Spex,U,,USA,22.2,6-2 6-4,3,Q1,,,,,,,,,,,,,,,,,,,,,,,
1977-W-WT-USA-13A-1977,Atlanta,Carpet,32,W,19771003,202,200234,,,Pam Whytcross,U,,AUS,23.8,200328,,,Patricia Bostrom,U,,USA,25.8,6-1 6-4,3,Q1,,,,,,,,,,,,,,,,,,,,,,,
1977-W-WT-USA-13A-1977,Atlanta,Carpet,32,W,19771003,203,200334,,,Sabina Simmonds,R,170,ITA,17.4,200911,,,Linky Boshoff,R,,RSA,20.8,2-6 7-6 6-4,3,Q1,,,,,,,,,,,,,,,,,,,,,,,
1977-W-WT-USA-13A-1977,Atlanta,Carpet,32,W,19771003,204,200369,,,Candy Reynolds,R,173,USA,22.5,200760,,,Pauline Elliott,U,,NZL,21.9,6-3 6-2,3,Q1,,,,,,,,,,,,,,,,,,,,,,,
1977-W-WT-USA-13A-1977,Atlanta,Carpet,32,W,19771003,205,200400,,,Kate Latham,R,168,USA,24.9,200927,,,Linda Thomas,U,,USA,24.8,6-2 7-5,3,Q1,,,,,,,,,,,,,,,,,,,,,,,
1977-W-WT-USA-13A-1977,Atlanta,Carpet,32,W,19771003,206,200957,,,Ruta Gerulaitis,U,,USA,21.8,200379,,,Paula Smith,R,170,USA,20.7,6-7 6-2 6-2,3,Q1,,,,,,,,,,,,,,,,,,,,,,,
1977-W-WT-USA-13A-1977,Atlanta,Carpet,32,W,19771003,207,200233,,,Chris Matison,R,,AUS,25.9,200285,,,Mimi Wikstedt,U,163,SWE,23.4,4-6 6-4 6-0,3,Q1,,,,,,,,,,,,,,,,,,,,,,,
1977-W-WT-USA-13A-1977,Atlanta,Carpet,32,W,19771003,208,200963,,,Caroline Stoll,R,,USA,16.9,200951,,,Mary Struthers,U,,USA,27.2,6-2 6-0,3,Q1,,,,,,,,,,,,,,,,,,,,,,,
1977-W-WT-USA-13A-1977,Atlanta,Carpet,32,W,19771003,209,200879,,,Wendy Overton,U,,USA,30.5,200265,,,Lindsey Beaven,R,,GBR,27.7,6-1 7-5,3,Q1,,,,,,,,,,,,,,,,,,,,,,,
1977-W-WT-USA-13A-1977,Atlanta,Carpet,32,W,19771003,210,200756,,,Bunny Bruning,U,,USA,20.0,200185,,,Lesley Hunt,R,168,AUS,27.3,4-6 6-4 6-0,3,Q1,,,,,,,,,,,,,,,,,,,,,,,
1977-W-WT-USA-13A-1977,Atlanta,Carpet,32,W,19771003,211,200275,,,Ann Kiyomura Hayashi,R,,USA,22.1,200960,,,Robin Harris,U,,USA,21.4,6-3 4-6 6-3,3,Q1,,,,,,,,,,,,,,,,,,,,,,,
1977-W-WT-USA-13A-1977,Atlanta,Carpet,32,W,19771003,212,200264,,,Helena Anliot,R,168,SWE,21.0,200940,,,Ilana Kloss,L,164,RSA,21.5,6-3 6-3,3,Q1,,,,,,,,,,,,,,,,,,,,,,,
1977-W-WT-USA-13A-1977,Atlanta,Carpet,32,W,19771003,213,200380,,,Nancy Yeargin,R,,USA,22.3,200254,,,Michele Gurdal,U,,BEL,24.8,6-3 7-6,3,Q1,,,,,,,,,,,,,,,,,,,,,,,
1977-W-WT-USA-13A-1977,Atlanta,Carpet,32,W,19771003,214,200958,,,Helle Sparre,U,,DEN,21.2,200255,,,Lesley Charles,U,,GBR,25.2,6-2 7-5,3,Q1,,,,,,,,,,,,,,,,,,,,,,,
1977-W-WT-USA-13A-1977,Atlanta,Carpet,32,W,19771003,215,200967,,,Zenda Liess,U,,USA,17.8,200243,,,Glynis Coles,R,173,GBR,23.6,6-0 6-4,3,Q1,,,,,,,,,,,,,,,,,,,,,,,
1977-W-WT-USA-13A-1977,Atlanta,Carpet,32,W,19771003,216,200223,,,Sharon Walsh Pete,R,174,USA,25.6,200956,,,Carrie Meyer,R,,USA,22.1,7-5 6-7 6-1,3,Q1,,,,,,,,,,,,,,,,,,,,,,,
1977-W-WT-USA-13A-1977,Atlanta,Carpet,32,W,19771003,217,200333,,,Betsy Nagelsen,R,175,USA,20.9,200234,,,Pam Whytcross,U,,AUS,23.8,6-4 6-0,3,Q2,,,,,,,,,,,,,,,,,,,,,,,
1977-W-WT-USA-13A-1977,Atlanta,Carpet,32,W,19771003,218,200369,,,Candy Reynolds,R,173,USA,22.5,200334,,,Sabina Simmonds,R,170,ITA,17.4,6-4 4-6 6-0,3,Q2,,,,,,,,,,,,,,,,,,,,,,,
1977-W-WT-USA-13A-1977,Atlanta,Carpet,32,W,19771003,219,200957,,,Ruta Gerulaitis,U,,USA,21.8,200400,,,Kate Latham,R,168,USA,24.9,6-2 6-2,3,Q2,,,,,,,,,,,,,,,,,,,,,,,
1977-W-WT-USA-13A-1977,Atlanta,Carpet,32,W,19771003,220,200963,,,Caroline Stoll,R,,USA,16.9,200233,,,Chris Matison,R,,AUS,25.9,6-1 6-1,3,Q2,,,,,,,,,,,,,,,,,,,,,,,
1977-W-WT-USA-13A-1977,Atlanta,Carpet,32,W,19771003,221,200879,,,Wendy Overton,U,,USA,30.5,200756,,,Bunny Bruning,U,,USA,20.0,6-2 6-2,3,Q2,,,,,,,,,,,,,,,,,,,,,,,
1977-W-WT-USA-13A-1977,Atlanta,Carpet,32,W,19771003,222,200275,,,Ann Kiyomura Hayashi,R,,USA,22.1,200264,,,Helena Anliot,R,168,SWE,21.0,6-1 6-0,3,Q2,,,,,,,,,,,,,,,,,,,,,,,
1977-W-WT-USA-13A-1977,Atlanta,Carpet,32,W,19771003,223,200380,,,Nancy Yeargin,R,,USA,22.3,200958,,,Helle Sparre,U,,DEN,21.2,6-3 7-5,3,Q2,,,,,,,,,,,,,,,,,,,,,,,
1977-W-WT-USA-13A-1977,Atlanta,Carpet,32,W,19771003,224,200967,,,Zenda Liess,U,,USA,17.8,200223,,,Sharon Walsh Pete,R,174,USA,25.6,6-1 6-3,3,Q2,,,,,,,,,,,,,,,,,,,,,,,
1977-W-WT-USA-13A-1977,Atlanta,Carpet,32,W,19771003,225,200333,,,Betsy Nagelsen,R,175,USA,20.9,200369,,,Candy Reynolds,R,173,USA,22.5,6-3 6-1,3,Q3,,,,,,,,,,,,,,,,,,,,,,,
1977-W-WT-USA-13A-1977,Atlanta,Carpet,32,W,19771003,226,200957,,,Ruta Gerulaitis,U,,USA,21.8,200963,,,Caroline Stoll,R,,USA,16.9,5-7 6-0 6-2,3,Q3,,,,,,,,,,,,,,,,,,,,,,,
1977-W-WT-USA-13A-1977,Atlanta,Carpet,32,W,19771003,227,200275,,,Ann Kiyomura Hayashi,R,,USA,22.1,200879,,,Wendy Overton,U,,USA,30.5,6-4 6-4,3,Q3,,,,,,,,,,,,,,,,,,,,,,,
1977-W-WT-USA-13A-1977,Atlanta,Carpet,32,W,19771003,228,200967,,,Zenda Liess,U,,USA,17.8,200380,,,Nancy Yeargin,R,,USA,22.3,6-2 6-1,3,Q3,,,,,,,,,,,,,,,,,,,,,,,
1977-W-WT-USA-14A-1977,Phoenix,Hard,32,W,19771010,201,200911,,,Linky Boshoff,R,,RSA,20.9,200758,,,Rayni Fox,R,163,USA,21.3,6-2 6-4,3,Q1,,,,,,,,,,,,,,,,,,,,,,,
1977-W-WT-USA-14A-1977,Phoenix,Hard,32,W,19771010,202,201257,,,Carol Baily,U,,USA,26.9,200233,,,Chris Matison,R,,AUS,25.9,6-2 6-4,3,Q1,,,,,,,,,,,,,,,,,,,,,,,
1977-W-WT-USA-14A-1977,Phoenix,Hard,32,W,19771010,203,200967,,,Zenda Liess,U,,USA,17.8,203748,,,Caroline Lane,U,,USA,21.3,5-7 6-4 7-5,3,Q1,,,,,,,,,,,,,,,,,,,,,,,
1977-W-WT-USA-14A-1977,Phoenix,Hard,32,W,19771010,204,200958,,,Helle Sparre,U,,DEN,21.2,200760,,,Pauline Elliott,U,,NZL,21.9,6-3 6-4,3,Q1,,,,,,,,,,,,,,,,,,,,,,,
1977-W-WT-USA-14A-1977,Phoenix,Hard,32,W,19771010,205,201256,,,Renee Richards,L,,USA,43.1,200328,,,Patricia Bostrom,U,,USA,25.8,6-2 6-1,3,Q1,,,,,,,,,,,,,,,,,,,,,,,
1977-W-WT-USA-14A-1977,Phoenix,Hard,32,W,19771010,206,201258,,,Chris Penn,U,,USA,20.9,202097,,,Jean Nachand,R,,USA,22.3,4-6 7-6 6-0,3,Q1,,,,,,,,,,,,,,,,,,,,,,,
1977-W-WT-USA-14A-1977,Phoenix,Hard,32,W,19771010,207,200940,,,Ilana Kloss,L,164,RSA,21.5,200927,,,Linda Thomas,U,,USA,24.9,6-3 6-4,3,Q1,,,,,,,,,,,,,,,,,,,,,,,
1977-W-WT-USA-14A-1977,Phoenix,Hard,32,W,19771010,208,200879,,,Wendy Overton,U,,USA,30.5,200896,,,Nancy Ornstein,R,,USA,25.1,7-5 6-0,3,Q1,,,,,,,,,,,,,,,,,,,,,,,
1977-W-WT-USA-14A-1977,Phoenix,Hard,32,W,19771010,209,200334,,,Sabina Simmonds,R,170,ITA,17.4,223475,,,Toni Moss,U,,USA,,6-4 6-2,3,Q1,,,,,,,,,,,,,,,,,,,,,,,
1977-W-WT-USA-14A-1977,Phoenix,Hard,32,W,19771010,210,200952,,,Mary Hamm,U,,USA,23.0,200234,,,Pam Whytcross,U,,AUS,23.8,6-0 6-1,3,Q1,,,,,,,,,,,,,,,,,,,,,,,
1977-W-WT-USA-14A-1977,Phoenix,Hard,32,W,19771010,211,200963,,,Caroline Stoll,R,,USA,16.9,201156,,,Stephanie Tolleson,U,,USA,21.5,6-4 6-2,3,Q1,,,,,,,,,,,,,,,,,,,,,,,
1977-W-WT-USA-14A-1977,Phoenix,Hard,32,W,19771010,212,200956,,,Carrie Meyer,R,,USA,22.1,200478,,,Caryn Copeland Wilson,U,,USA,16.5,6-1 6-2,3,Q1,,,,,,,,,,,,,,,,,,,,,,,
1977-W-WT-USA-14A-1977,Phoenix,Hard,32,W,19771010,213,200927,,,Linda Thomas,U,,USA,24.9,201227,,,Roylee Bailey,U,,USA,28.3,2-6 6-4 6-2,3,Q1,,,,,,,,,,,,,,,,,,,,,,,
1977-W-WT-USA-14A-1977,Phoenix,Hard,32,W,19771010,214,200951,,,Mary Struthers,U,,USA,27.2,200943,,,Jane Stratton,U,,USA,24.1,6-2 6-0,3,Q1,,,,,,,,,,,,,,,,,,,,,,,
1977-W-WT-USA-14A-1977,Phoenix,Hard,32,W,19771010,215,200960,,,Robin Harris,U,,USA,21.4,200756,,,Bunny Bruning,U,,USA,20.0,3-0 RET,3,Q1,,,,,,,,,,,,,,,,,,,,,,,
1977-W-WT-USA-14A-1977,Phoenix,Hard,32,W,19771010,216,200243,,,Glynis Coles,R,173,GBR,23.6,200185,,,Lesley Hunt,R,168,AUS,27.3,6-4 6-3,3,Q1,,,,,,,,,,,,,,,,,,,,,,,
1977-W-WT-USA-14A-1977,Phoenix,Hard,32,W,19771010,217,200911,,,Linky Boshoff,R,,RSA,20.9,201257,,,Carol Baily,U,,USA,26.9,6-4 6-1,3,Q2,,,,,,,,,,,,,,,,,,,,,,,
1977-W-WT-USA-14A-1977,Phoenix,Hard,32,W,19771010,218,200967,,,Zenda Liess,U,,USA,17.8,200958,,,Helle Sparre,U,,DEN,21.2,7-6 6-4,3,Q2,,,,,,,,,,,,,,,,,,,,,,,
1977-W-WT-USA-14A-1977,Phoenix,Hard,32,W,19771010,219,201256,,,Renee Richards,L,,USA,43.1,201258,,,Chris Penn,U,,USA,20.9,6-4 6-2,3,Q2,,,,,,,,,,,,,,,,,,,,,,,
1977-W-WT-USA-14A-1977,Phoenix,Hard,32,W,19771010,220,200879,,,Wendy Overton,U,,USA,30.5,200940,,,Ilana Kloss,L,164,RSA,21.5,7-5 6-3,3,Q2,,,,,,,,,,,,,,,,,,,,,,,
1977-W-WT-USA-14A-1977,Phoenix,Hard,32,W,19771010,221,200952,,,Mary Hamm,U,,USA,23.0,200334,,,Sabina Simmonds,R,170,ITA,17.4,6-4 2-6 6-2,3,Q2,,,,,,,,,,,,,,,,,,,,,,,
1977-W-WT-USA-14A-1977,Phoenix,Hard,32,W,19771010,222,200956,,,Carrie Meyer,R,,USA,22.1,200963,,,Caroline Stoll,R,,USA,16.9,7-6 6-3,3,Q2,,,,,,,,,,,,,,,,,,,,,,,
1977-W-WT-USA-14A-1977,Phoenix,Hard,32,W,19771010,223,200951,,,Mary Struthers,U,,USA,27.2,200927,,,Linda Thomas,U,,USA,24.9,6-1 6-3,3,Q2,,,,,,,,,,,,,,,,,,,,,,,
1977-W-WT-USA-14A-1977,Phoenix,Hard,32,W,19771010,224,200243,,,Glynis Coles,R,173,GBR,23.6,200960,,,Robin Harris,U,,USA,21.4,7-5 6-2,3,Q2,,,,,,,,,,,,,,,,,,,,,,,
1977-W-WT-USA-14A-1977,Phoenix,Hard,32,W,19771010,225,200911,,,Linky Boshoff,R,,RSA,20.9,200967,,,Zenda Liess,U,,USA,17.8,6-3 6-1,3,Q3,,,,,,,,,,,,,,,,,,,,,,,
1977-W-WT-USA-14A-1977,Phoenix,Hard,32,W,19771010,226,201256,,,Renee Richards,L,,USA,43.1,200879,,,Wendy Overton,U,,USA,30.5,7-6 6-0,3,Q3,,,,,,,,,,,,,,,,,,,,,,,
1977-W-WT-USA-14A-1977,Phoenix,Hard,32,W,19771010,227,200956,,,Carrie Meyer,R,,USA,22.1,200952,,,Mary Hamm,U,,USA,23.0,6-7 6-4 7-5,3,Q3,,,,,,,,,,,,,,,,,,,,,,,
1977-W-WT-USA-14A-1977,Phoenix,Hard,32,W,19771010,228,200951,,,Mary Struthers,U,,USA,27.2,200243,,,Glynis Coles,R,173,GBR,23.6,6-1 6-1,3,Q3,,,,,,,,,,,,,,,,,,,,,,,
1977-W-WT-BRA-01A-1977,Sao Paulo,Hard,32,W,19771017,201,200927,,,Linda Thomas,U,,USA,24.9,200406,,,Claudia Monteiro,U,,BRA,16.4,6-2 6-2,3,Q3,,,,,,,,,,,,,,,,,,,,,,,
1977-W-WT-BRA-01A-1977,Sao Paulo,Hard,32,W,19771017,202,200756,,,Bunny Bruning,U,,USA,20.1,203737,,,Marillia Matte,U,,BRA,21.2,6-2 6-2,3,Q3,,,,,,,,,,,,,,,,,,,,,,,
1977-W-WT-BRA-01A-1977,Sao Paulo,Hard,32,W,19771017,203,201256,,,Renee Richards,L,,USA,43.1,200379,,,Paula Smith,R,170,USA,20.7,6-3 6-2,3,Q3,,,,,,,,,,,,,,,,,,,,,,,
1977-W-WT-BRA-01A-1977,Sao Paulo,Hard,32,W,19771017,204,200951,,,Mary Struthers,U,,USA,27.2,201888,,,Marlie Buehler,U,,USA,26.9,6-2 6-4,3,Q3,,,,,,,,,,,,,,,,,,,,,,,
1977-W-WT-PUR-01A-1977,San Juan,Hard,32,W,19771024,201,228542,,,D Gonzalez,U,,PUR,,200896,,,Nancy Ornstein,R,,USA,25.2,6-3 4-6 7-5,3,Q1,,,,,,,,,,,,,,,,,,,,,,,
1977-W-WT-PUR-01A-1977,San Juan,Hard,32,W,19771024,202,200951,,,Mary Struthers,U,,USA,27.2,228543,,,A Kleis,U,,,,6-1 6-3,3,Q1,,,,,,,,,,,,,,,,,,,,,,,
1977-W-WT-PUR-01A-1977,San Juan,Hard,32,W,19771024,203,200379,,,Paula Smith,R,170,USA,20.7,228544,,,C Macovik,U,,,,6-1 6-1,3,Q1,,,,,,,,,,,,,,,,,,,,,,,
1977-W-WT-PUR-01A-1977,San Juan,Hard,32,W,19771024,204,200879,,,Wendy Overton,U,,USA,30.5,228542,,,D Gonzalez,U,,PUR,,6-0 7-6,3,Q2,,,,,,,,,,,,,,,,,,,,,,,
1977-W-WT-PUR-01A-1977,San Juan,Hard,32,W,19771024,205,201888,,,Marlie Buehler,U,,USA,26.9,200940,,,Ilana Kloss,L,164,RSA,21.6,6-3 6-4,3,Q2,,,,,,,,,,,,,,,,,,,,,,,
1977-W-WT-PUR-01A-1977,San Juan,Hard,32,W,19771024,206,200951,,,Mary Struthers,U,,USA,27.2,200922,,,Laurie Tenney,U,,USA,21.9,6-2 6-1,3,Q2,,,,,,,,,,,,,,,,,,,,,,,
1977-W-WT-PUR-01A-1977,San Juan,Hard,32,W,19771024,207,200758,,,Rayni Fox,R,163,USA,21.4,201256,,,Renee Richards,L,,USA,43.1,6-3 6-3,3,Q2,,,,,,,,,,,,,,,,,,,,,,,
1977-W-WT-PUR-01A-1977,San Juan,Hard,32,W,19771024,208,200756,,,Bunny Bruning,U,,USA,20.1,200300,,,Sally Greer,U,,USA,22.5,UNK,3,Q2,,,,,,,,,,,,,,,,,,,,,,,
1977-W-WT-PUR-01A-1977,San Juan,Hard,32,W,19771024,209,200243,,,Glynis Coles,R,173,GBR,23.6,200379,,,Paula Smith,R,170,USA,20.7,6-2 6-1,3,Q2,,,,,,,,,,,,,,,,,,,,,,,
1977-W-WT-PUR-01A-1977,San Juan,Hard,32,W,19771024,210,200957,,,Ruta Gerulaitis,U,,USA,21.9,201152,,,Aleida Spex,U,,USA,22.3,6-3 2-6 6-1,3,Q2,,,,,,,,,,,,,,,,,,,,,,,
1977-W-WT-PUR-01A-1977,San Juan,Hard,32,W,19771024,211,200879,,,Wendy Overton,U,,USA,30.5,201888,,,Marlie Buehler,U,,USA,26.9,6-0 6-1,3,Q3,,,,,,,,,,,,,,,,,,,,,,,
1977-W-WT-PUR-01A-1977,San Juan,Hard,32,W,19771024,212,200951,,,Mary Struthers,U,,USA,27.2,200758,,,Rayni Fox,R,163,USA,21.4,7-5 6-2,3,Q3,,,,,,,,,,,,,,,,,,,,,,,
1977-W-WT-PUR-01A-1977,San Juan,Hard,32,W,19771024,213,200243,,,Glynis Coles,R,173,GBR,23.6,200756,,,Bunny Bruning,U,,USA,20.1,3-6 6-3 6-1,3,Q3,,,,,,,,,,,,,,,,,,,,,,,
1977-W-WT-PUR-01A-1977,San Juan,Hard,32,W,19771024,214,200957,,,Ruta Gerulaitis,U,,USA,21.9,200926,,,Donna Ganz,U,157,USA,22.9,7-5 6-4,3,Q3,,,,,,,,,,,,,,,,,,,,,,,
1977-W-WT-AUS-01A-1977,Sydney,Grass,32,W,19771114,201,200141,,,Wendy Gilchrist,L,,AUS,27.4,200338,,,Elizabeth Little,U,,AUS,17.1,6-1 6-1,3,Q1,,,,,,,,,,,,,,,,,,,,,,,
1977-W-WT-AUS-01A-1977,Sydney,Grass,32,W,19771114,202,200326,,,Naoko Sato,U,163,JPN,22.8,200325,,,Leanne Harrison Austin,L,168,AUS,19.5,6-2 6-3,3,Q1,,,,,,,,,,,,,,,,,,,,,,,
1977-W-WT-AUS-01A-1977,Sydney,Grass,32,W,19771114,203,200273,,,Nerida Gregory,U,,AUS,21.5,200308,,,Kym Ruddell,U,,AUS,22.3,2-6 7-5 6-1,3,Q1,,,,,,,,,,,,,,,,,,,,,,,
1977-W-WT-AUS-01A-1977,Sydney,Grass,32,W,19771114,204,200329,,,Mary Sawyer,U,169,AUS,20.4,200305,,,Carol Draper,U,,AUS,22.3,6-4 6-4,3,Q1,,,,,,,,,,,,,,,,,,,,,,,
